RT_Group,N,Mean_RT,Baseline,With_Sequential,Sequential_Only,Improvement
Fast,6207,1.0290850437733516,0.7126459873978472,0.8064314730752917,0.6539020723729855,0.09378548567744449
Slow,6207,2.1473430167390286,0.631381853874272,0.6489917002505654,0.5706623069126181,0.01760984637629337
