Feature,Correlation,p-value
running_invest_rate,0.32639318737284306,5.441517928395022e-306
recent_invest_rate_5,0.27530598341663814,9.498074183441812e-215
prev_outcome,0.1943351696456153,6.384742654454876e-106
consecutive_same,0.19167929059765515,4.799407922494572e-103
prev_outcome_2,0.16231645394495575,1.7578078798455568e-73
trial_position,-0.009494456140681411,0.29015945695369993
