Modality,Weight
Physiology,0.0039189427146597445
Behavior,0.9960810572853402
