Modality,Weight
Physiology,0.29919551493561425
Behavior,0.6035138484554956
Gaze,0.09729063660889001
