Modality,Weight
Physiology,0.02897521573020682
Behavior,0.9618231097315028
Gaze,0.009201674538290499
