Group,N_Trials,N_Subjects,Accuracy,Accuracy_SEM,Accuracy_SD,F1-Score,F1_SEM,Physiology_Weight,Behavior_Weight,Gaze_Weight
Low,388,97,0.8298969072164949,0.02578929909302771,0.25268249440775553,0.7856651939126165,0.03028982728168929,0.007031833537071485,0.9929681664629286,0
Medium,194,97,0.6752577319587629,0.035928734821866815,0.3520282696693582,0.6391752577319587,0.03897983855022579,0.014748644569992963,0.985251355430007,0
High,291,97,0.5841924398625429,0.0309079419285957,0.3028347468985331,0.6048109965635738,0.031655170980877244,0.007611571889449792,0.9923884281105502,0
