Group,N_Trials,N_Subjects,Accuracy,Accuracy_SEM,Accuracy_SD,F1-Score,F1_SEM,Physiology_Weight,Behavior_Weight,Gaze_Weight
Low,388,97,0.8350515463917526,0.02561700957112818,0.25099440874102785,0.7886107020127638,0.03025218464482921,0.15691248699904733,0.705203656937941,0.1378838560630117
Medium,194,97,0.6958762886597938,0.03631186289589013,0.3557821428193278,0.6391752577319587,0.040185620493218215,0.1917388956700415,0.6853633800664809,0.1228977242634776
High,291,97,0.5360824742268041,0.035414923490194615,0.3469939673227309,0.5353951890034364,0.036556034392208996,0.2543018751349262,0.6369378554642664,0.10876026940080734
