Modality,Weight
Physiology,0.15691248699904733
Behavior,0.705203656937941
Gaze,0.1378838560630117
