Modality,Weight
Physiology,0.2543018751349262
Behavior,0.6369378554642664
Gaze,0.10876026940080734
