Modality,Weight
Physiology,0.03346603655113393
Behavior,0.9568283573355129
Gaze,0.00970560611335314
