Group,N_Trials,N_Subjects,Accuracy,Accuracy_SEM,Accuracy_SD,F1-Score,F1_SEM,Physiology_Weight,Behavior_Weight,Gaze_Weight
Low,4177,97,0.7884239426944307,0.019837430112810594,0.19436632633803078,0.7414300583827823,0.02387282066857282,0.4899670151242108,0.0012061340480800688,0.5088268508277091
Medium,4162,97,0.6439995037863155,0.02285474551722739,0.22392985887347325,0.6149493306349653,0.025115832927383484,0.4311447988557953,0.011492366746903515,0.5573628343973012
High,4172,97,0.5779235623313242,0.015913859208557746,0.15592333959783128,0.574935061847917,0.01744975487853981,0.27887070626350813,0.0042831604991623844,0.7168461332373295
