Modality,Weight
Physiology,0.007611571889449792
Behavior,0.9923884281105502
