Group,N_Trials,N_Subjects,Accuracy,Accuracy_SEM,Accuracy_SD,F1-Score,F1_SEM,Physiology_Weight,Behavior_Weight,Gaze_Weight
Low,3830,97,0.807021241397299,0.01964042363844949,0.19243606498519314,0.7361472515293696,0.02480105859999808,0.02897521573020682,0.9618231097315028,0.009201674538290499
Medium,3820,97,0.6858314672099456,0.024021035642826948,0.2353571216725349,0.584991598876359,0.02948289586813718,0.17859034788939193,0.8130938286420267,0.008315823468581385
High,3817,97,0.5913115159056003,0.016278959658876192,0.15950057883039348,0.5958135258392819,0.017395585456086254,0.11473799291456938,0.8738857905694385,0.011376216515992259
