Group,N_Trials,N_Subjects,Accuracy,Accuracy_SEM,Accuracy_SD,F1-Score,F1_SEM,Physiology_Weight,Behavior_Weight,Gaze_Weight
Low,3830,97,0.8009722217953501,0.019845054839637184,0.19444103309864377,0.7373384695226971,0.02471514144486949,0.0039189427146597445,0.9960810572853402,0
Medium,3820,97,0.6784805042706497,0.023520167857428054,0.23044963966123444,0.5917040857409809,0.028661713673082685,0.0026417885208506547,0.9973582114791493,0
High,3817,97,0.5934214434768924,0.015670064813803633,0.15353465212063835,0.6005307990402303,0.016912940808368523,0.0034228098544229987,0.996577190145577,0
