Modality,Weight
Physiology,0.11322357400223027
Behavior,0.7511316942536282
Gaze,0.13564473174414143
