Modality,Weight
Physiology,0.04483157280431849
Behavior,0.9450540106493922
Gaze,0.010114416546289223
