Modality,Weight
Physiology,0.007031833537071485
Behavior,0.9929681664629286
