Modality,Weight
Physiology,0.0026417885208506547
Behavior,0.9973582114791493
