Modality,Weight
Physiology (POST),0.27887070626350813
Behavior,0.0042831604991623844
Gaze,0.7168461332373295
