Modality,Weight
Physiology,0.1917388956700415
Behavior,0.6853633800664809
Gaze,0.1228977242634776
