Group,N_Trials,N_Subjects,Accuracy,Accuracy_SEM,Accuracy_SD,F1-Score,F1_SEM,Physiology_Weight,Behavior_Weight,Gaze_Weight
Low,388,97,0.8350515463917526,0.02561700957112818,0.25099440874102785,0.7886107020127638,0.03025218464482921,0.11322357400223027,0.7511316942536282,0.13564473174414143
Medium,194,97,0.6958762886597938,0.03631186289589013,0.3557821428193278,0.6391752577319587,0.040185620493218215,0.07877529336693222,0.7870662603216698,0.1341584463113978
High,291,97,0.529209621993127,0.03410916197016682,0.3342001695234147,0.5329896907216495,0.03531311032904505,0.29919551493561425,0.6035138484554956,0.09729063660889001
