Modality,Weight
Physiology,0.0034228098544229987
Behavior,0.996577190145577
