Modality,Weight
Physiology,0.17859034788939193
Behavior,0.8130938286420267
Gaze,0.008315823468581385
