Modality,Weight
Physiology,0.026703259218183204
Behavior,0.9599244331696439
Gaze,0.013372307612172857
