Modality,Weight
Physiology,0.07877529336693222
Behavior,0.7870662603216698
Gaze,0.1341584463113978
