Modality,Weight
Physiology,0.11473799291456938
Behavior,0.8738857905694385
Gaze,0.011376216515992259
