Group,N_Trials,N_Subjects,Accuracy,Accuracy_SEM,Accuracy_SD,F1-Score,F1_SEM,Physiology_Weight,Behavior_Weight,Gaze_Weight
Low,388,97,0.8247422680412371,0.025949781656703957,0.2542548959822376,0.7836524300441825,0.03029396022694059,0.2751003659074201,0.05437179545531328,0.6705278386372665
Medium,194,97,0.6391752577319587,0.03717807700017158,0.3642692730732939,0.5979381443298969,0.03996769419272357,0.3347371481793851,0.1206012215596978,0.5446616302609172
High,291,97,0.5017182130584192,0.032079701948654456,0.31431560349908244,0.5079037800687285,0.03378408435403542,0.6111807419528625,0.04899017074366794,0.33982908730346956
