Modality,Weight
Physiology,0.6111807419528625
Behavior,0.04899017074366794
Gaze,0.33982908730346956
