Modality,Weight
Physiology,0.014748644569992963
Behavior,0.985251355430007
