Metric,Value
Accuracy,0.6900384782842096
Accuracy_SEM,0.01416692181990995
F1_Score,0.6799142176549121
F1_SEM,0.016034282133958813
N_Subjects,97.0
N_Trials,11467.0
