Metric,Value
Accuracy,0.6965067898311101
Accuracy_SEM,0.013334769217655912
F1_Score,0.6851970737905705
F1_SEM,0.015513640273615664
N_Subjects,97.0
N_Trials,11467.0
