Metric,Value
Accuracy,0.6779527156456181
Accuracy_SEM,0.01500065826056976
F1_Score,0.6631319383627734
F1_SEM,0.01692004415141083
N_Subjects,97.0
N_Trials,12511.0
