Modality,Average,Weighted,Stacking
Physiology,0.5,0.979423995579591,0.318692974616171
Behavior,0.5,0.020576004420409008,0.681307025383829
