Method,Accuracy,F1-Score
Physiology Only,0.5351376329560232,0.5487049337760406
Behavior Only,0.6474864692307798,0.6609670912619686
Gaze Only,0.49066674566132346,0.47034173892416886
Average Fusion,0.643954017154389,0.6495341612401545
Weighted Fusion,0.6779527156456181,0.6631319383627734
Stacking,0.6273065827892854,0.6298648904442616
