Method,Accuracy,F1-Score
Physiology Only,0.5351060362749711,0.5469691307886191
Behavior Only,0.6510698066538603,0.6650555282527746
Average Fusion,0.6555470187125271,0.6682037132644975
Weighted Fusion,0.6900384782842096,0.6799142176549121
Stacking,0.6326491441780255,0.6458555689798174
