Modality,Average,Weighted,Stacking
Physiology,0.3333333333333333,0.5046248049893155,0.21357760717801988
Behavior,0.3333333333333333,0.04990559066181367,0.4937864956353645
Gaze,0.3333333333333333,0.44546960434887084,0.2926358971866157
