Group,N_Trials,N_Subjects,Accuracy,Accuracy_SEM,Accuracy_SD,F1-Score,F1_SEM,Physiology_Weight,Behavior_Weight,Gaze_Weight
Fast,97,97,0.7319587628865979,0.04520729249801674,0.44293919709156365,0.7319587628865979,0.04520729249801674,0.18834502580735474,0.7757537319026947,0.03590124228995054
Slow,485,97,0.6329896907216495,0.0283692534140557,0.27796078099258437,0.5309114711176567,0.032894590518655634,0.1332408452894594,0.710853982222691,0.15590517248784955
