Modality,Weight
Physiology,0.18834502580735474
Behavior,0.7757537319026947
Gaze,0.03590124228995054
