Modality,Weight
Physiology,0.1332408452894594
Behavior,0.710853982222691
Gaze,0.15590517248784955
