Modality,Weight
Physiology,0.005061326041181183
Behavior,0.9949386739588189
