Group,N_Trials,N_Subjects,Accuracy,Accuracy_SEM,Accuracy_SD,F1-Score,F1_SEM,Physiology_Weight,Behavior_Weight,Gaze_Weight
Fast,97,97,0.6804123711340206,0.047593261114998425,0.46631681970716055,0.6804123711340206,0.047593261114998425,0.48520262738136755,0.20616560127317118,0.30863177134546116
Slow,485,97,0.5670103092783506,0.025498536507281726,0.24983361452227595,0.5579774177712321,0.027706919160690003,0.6393810602195706,0.06261079289444724,0.29800814688598204
