Modality,Weight
Physiology,0.6393810602195706
Behavior,0.06261079289444724
Gaze,0.29800814688598204
