Modality,Weight
Physiology,0.0021342298414245347
Behavior,0.9978657701585755
