Modality,Weight
Physiology,0.023454042364681356
Behavior,0.9765459576353186
