Modality,Weight
Physiology,0.00542505194618256
Behavior,0.9945749480538175
