Group,N_Trials,N_Subjects,Accuracy,Accuracy_SEM,Accuracy_SD,F1-Score,F1_SEM,Physiology_Weight,Behavior_Weight,Gaze_Weight
Fast,6256,97,0.7011655263032622,0.01975738798556894,0.19358207685935486,0.7004789524499895,0.02168163800239643,0.21161075995161366,0.011684374350219328,0.776704865698167
Slow,6255,97,0.6052913882700064,0.01427168189775355,0.13983335368324673,0.5954159253454374,0.016103851245237527,0.01990732616119682,0.00010727753670717243,0.979985396302096
