Modality,Weight
Physiology,0.030180072484475184
Behavior,0.9689312694194442
Gaze,0.0008886580960806861
