Modality,Weight
Physiology,0.01990732616119682
Behavior,0.00010727753670717243
Gaze,0.979985396302096
