Modality,Weight
Physiology,0.04157234262383294
Behavior,0.8902433069060204
Gaze,0.06818435047014677
