Method,Accuracy,F1-Score
Physiology Only,0.5284334078776338,0.5237469100793557
Behavior Only,0.6921383082802626,0.7040823894392774
Gaze Only,0.5562330658043627,0.5040703571216785
EEG Only,0.5954509102217118,0.5046222718230633
Weighted Fusion (All Modalities),0.6806049679321494,0.6465810729534421
