Modality,Weight,Percentage
Physiology,0.0315193453129371,3.1519345312937097
Behavior,0.8546841569794595,85.46841569794596
Gaze,0.04358333033809759,4.358333033809759
EEG,0.07021316736950571,7.021316736950571
