Method,Accuracy,Accuracy_SEM,F1-Score,Improvement
Baseline (No Selection),0.6825015270537916,0.01523540200787415,0.6603780148706471,0.0
SelectKBest,0.6842595829805351,0.015348649998709751,0.661163436891569,0.0017580559267434959
RFE,0.6844069217647981,0.015279247872959988,0.6624545573881075,0.0019053947110064806
L1 Regularization,0.6827490421412568,0.015229722752428438,0.6604873005788164,0.0002475150874651222
