Modality,Weight
Physiology,0.09004603902086575
Behavior,0.8762290112822446
Gaze,0.033724949696889654
