Group,N_Trials,N_Subjects,Accuracy,Accuracy_SEM,Accuracy_SD,F1-Score,F1_SEM,Physiology_Weight,Behavior_Weight,Gaze_Weight
Low,4177,97,0.7905664823827838,0.019369657934628706,0.18978311372836723,0.7445871196049848,0.023300626267004035,0.009431598705973506,0.0011641438509677126,0.9894042574430587
Medium,4162,97,0.6393935115263057,0.023407753129858735,0.2293482047727592,0.6023518113831825,0.02604087241329066,0.01721319319954799,0.0036356992333753807,0.9791511075670766
High,4172,97,0.5791725263269976,0.015200596508241813,0.14893482092449645,0.5749944524167608,0.016972278872933403,0.0032625174020956835,0.0019674755988573728,0.994770006999047
