Modality,Weight
Physiology,0.2158194878362906
Behavior,0.05420895108593379
Gaze,0.7299715610777756
