Modality,Weight
Physiology (PRE),0.009431598705973506
Behavior,0.0011641438509677126
Gaze,0.9894042574430587
