Modality,Weight
Physiology,0.15072655359137538
Behavior,0.7149676883063928
Gaze,0.134305758102232
