Group,N_Trials,N_Subjects,Accuracy,Accuracy_SEM,Accuracy_SD,F1-Score,F1_SEM,Physiology_Weight,Behavior_Weight,Gaze_Weight
Low,4177,97,0.7895363059896191,0.019402618924331812,0.1901060641531262,0.7441595139168294,0.02329912877668774,0.009260981732631625,0.001215205576608444,0.9895238126907598
Medium,4162,97,0.6395001221297996,0.0233251549537777,0.2285389112324268,0.6037272257082406,0.02591872619012248,0.017319030517470812,0.0038984305229839535,0.9787825389595453
High,4172,97,0.5813054199378094,0.014950025321080985,0.14647973471334663,0.5778052134906442,0.0166199278516601,0.0033387107116402705,0.002088885640519538,0.9945724036478402
