Group,N_Trials,N_Subjects,Accuracy,Accuracy_SEM,Accuracy_SD,F1-Score,F1_SEM,Physiology_Weight,Behavior_Weight,Gaze_Weight
Low,388,97,0.8273195876288659,0.026511650272475498,0.2597600616267343,0.7798232695139912,0.03135296878185409,0.05828705488000806,0.4664287623853168,0.4752841827346752
Medium,194,97,0.6907216494845361,0.03547912344828919,0.34762299587809,0.6288659793814432,0.03964941841654408,0.15072655359137538,0.7149676883063928,0.134305758102232
High,291,97,0.529209621993127,0.03001549862142928,0.2940906239908545,0.5426116838487973,0.031961841973141426,0.4551482828577197,0.39940032050537166,0.1454513966369086
