Modality,Weight
Physiology (PRE),0.01721319319954799
Behavior,0.0036356992333753807
Gaze,0.9791511075670766
