Modality,Weight
Physiology (PRE),0.012037658685996254
Behavior,0.01173203539207615
Gaze,0.9762303059219276
