Modality,Weight
Physiology,0.4181763665118153
Behavior,0.1166775965548063
Gaze,0.4651460369333784
