Group,N_Trials,N_Subjects,Accuracy,Accuracy_SEM,Accuracy_SD,F1-Score,F1_SEM,Physiology_Weight,Behavior_Weight,Gaze_Weight
Low,388,97,0.8195876288659794,0.026859103836257857,0.2631643973890477,0.7784977908689248,0.030898373243235817,0.2158194878362906,0.05420895108593379,0.7299715610777756
Medium,194,97,0.654639175257732,0.03541666015433641,0.34701098308673883,0.6219931271477662,0.038349909876278045,0.4181763665118153,0.1166775965548063,0.4651460369333784
High,291,97,0.5257731958762886,0.026683061409613185,0.2614395409156046,0.538487972508591,0.029547062070553437,0.4556757120857922,0.06536506032976024,0.4789592275844474
