Modality,Weight
Physiology (PRE),0.0032625174020956835
Behavior,0.0019674755988573728
Gaze,0.994770006999047
