Modality,Weight
Physiology,0.5162984326498442
Behavior,0.07045430678244778
Gaze,0.4132472605677079
