Modality,Weight
Physiology,0.4551482828577197
Behavior,0.39940032050537166
Gaze,0.1454513966369086
