Group,N_Trials,N_Subjects,Accuracy,Accuracy_SEM,Accuracy_SD,F1-Score,F1_SEM,Physiology_Weight,Behavior_Weight,Gaze_Weight
Low,4177,97,0.7978598396639914,0.019110901695966544,0.18724783071843074,0.7511973141198579,0.02293004364222419,0.008870852931876817,0.0012540100076592674,0.9898751370604639
Medium,4162,97,0.640158994799815,0.023656138439488383,0.23178187384554258,0.6027426151830754,0.02653256985324016,0.02860045271140271,0.013137936357565187,0.9582616109310321
High,4172,97,0.5904545794133084,0.01700296170936045,0.1665943212160542,0.5708107161813265,0.019407312626609257,0.012037658685996254,0.01173203539207615,0.9762303059219276
