Modality,Weight
Physiology,0.007380117241987157
Behavior,0.9310528077707564
Gaze,0.06156707498725631
