Modality,Weight
Physiology,0.0033387107116402705
Behavior,0.002088885640519538
Gaze,0.9945724036478402
