Group,N_Trials,N_Subjects,Accuracy,Accuracy_SEM,Accuracy_SD,F1-Score,F1_SEM,Physiology_Weight,Behavior_Weight,Gaze_Weight
Low,388,97,0.8221649484536082,0.02740738340369291,0.26853641809548673,0.7795287187039764,0.03168128970577472,0.19273953514783218,0.05102109947946199,0.7562393653727058
Medium,194,97,0.654639175257732,0.0369016006785473,0.3615603694175295,0.6116838487972508,0.03989067617265945,0.4236432239747697,0.113651774683713,0.46270500134151726
High,291,97,0.549828178694158,0.03091192157735083,0.30287373933375544,0.5573883161512028,0.03311693167583475,0.5162984326498442,0.07045430678244778,0.4132472605677079
