Modality,Weight
Physiology,0.05828705488000806
Behavior,0.4664287623853168
Gaze,0.4752841827346752
