Modality,Weight
Physiology (PRE),0.009260981732631625
Behavior,0.001215205576608444
Gaze,0.9895238126907598
