Modality,Weight
Physiology,0.25657893307585816
Behavior,0.6999686345694082
Gaze,0.043452432354733644
