Modality,Weight
Physiology,0.4556757120857922
Behavior,0.06536506032976024
Gaze,0.4789592275844474
