Modality,Weight
Physiology,0.017319030517470812
Behavior,0.0038984305229839535
Gaze,0.9787825389595453
