Metric,Value
Accuracy,0.6782005590277083
Accuracy_SEM,0.014523913771522705
F1_Score,0.6618926297411328
F1_SEM,0.016560449036996848
N_Subjects,97.0
N_Trials,12511.0
