Method,Accuracy,F1-Score
Physiology Only,0.5190799235946226,0.5040439749970541
Behavior Only,0.6474864692307798,0.6609670912619686
Gaze Only,0.5027465075375215,0.5049444744142515
Average Fusion,0.6380316671474069,0.6390364821562637
Weighted Fusion,0.6930535240090251,0.6793601490323616
Stacking,0.6353657070066168,0.6444207533343329
