Modality,Average,Weighted,Stacking
Physiology,0.3333333333333333,0.030960283231152637,0.1832716159039449
Behavior,0.3333333333333333,0.966794488969873,0.7505986759792957
Gaze,0.3333333333333333,0.002245227798974232,0.06612970811675925
