Metric,Value
Accuracy,0.6930535240090251
Accuracy_SEM,0.013335812637600185
F1_Score,0.6793601490323616
F1_SEM,0.015709678337747404
N_Subjects,97.0
N_Trials,12511.0
