Modality,Weight
Physiology ({TIMEFRAME}),0.013588857718504366
Behavior,0.00014118646626452272
Gaze,0.9862699558152312
