Group,N_Trials,N_Subjects,Accuracy,Accuracy_SEM,Accuracy_SD,F1-Score,F1_SEM,Physiology_Weight,Behavior_Weight,Gaze_Weight
Fast,97,97,0.6907216494845361,0.04717269386011115,0.46219611899917307,0.6907216494845361,0.04717269386011115,0.4183631669602267,0.2586793468759608,0.32295748616381253
Slow,485,97,0.5979381443298969,0.02725954628977913,0.2670879161189489,0.59189167075765,0.028789166385088064,0.4910814388264254,0.06957637631799858,0.43934218485557597
