Modality,Weight
Physiology,0.03456357148275183
Behavior,0.961977854290914
Gaze,0.003458574226334205
