Modality,Weight
Physiology,0.4554102177573746
Behavior,0.28653434891277096
Gaze,0.25805543332985437
