Modality,Weight
Physiology,0.2431916598011132
Behavior,0.6994400099507411
Gaze,0.057368330248145645
