Modality,Weight
Physiology,0.18188647021023174
Behavior,0.41803989758295856
Gaze,0.4000736322068096
