Modality,Weight
Physiology,0.350152014778624
Behavior,0.059045755045378005
Gaze,0.590802230175998
