Modality,Weight
Physiology ({TIMEFRAME}),0.0033677091292663715
Behavior,0.002487442210484623
Gaze,0.994144848660249
