Modality,Weight
Physiology,0.09869020437355472
Behavior,0.8872397655109088
Gaze,0.014070030115536434
