Modality,Weight
Physiology,0.0090641953212288
Behavior,0.00011644105682578715
Gaze,0.9908193636219454
