Modality,Weight
Physiology,0.4910814388264254
Behavior,0.06957637631799858
Gaze,0.43934218485557597
