Group,N_Trials,N_Subjects,Accuracy,Accuracy_SEM,Accuracy_SD,F1-Score,F1_SEM,Physiology_Weight,Behavior_Weight,Gaze_Weight
Fast,6256,97,0.7036273870500117,0.019291482830166046,0.18901715726227808,0.7025431769854298,0.021048883987305044,0.0033677091292663715,0.002487442210484623,0.994144848660249
Slow,6255,97,0.624417354126885,0.013986130234568146,0.1370355302032174,0.6153721220982619,0.015530582642452261,0.013588857718504366,0.00014118646626452272,0.9862699558152312
