Group,N_Trials,N_Subjects,Accuracy,Accuracy_SEM,Accuracy_SD,F1-Score,F1_SEM,Physiology_Weight,Behavior_Weight,Gaze_Weight
Fast,97,97,0.6494845360824743,0.0486970196589979,0.4771314006353045,0.6494845360824743,0.0486970196589979,0.4554102177573746,0.28653434891277096,0.25805543332985437
Slow,485,97,0.6350515463917525,0.024872580660525594,0.2437005248180187,0.6278105056455572,0.026738861643756492,0.350152014778624,0.059045755045378005,0.590802230175998
