team_total_visits,mean,std,count,sem
1.0,0.6450241532561923,0.08256958141700123,14,0.022067648873696787
2.0,0.6698082583251825,0.15969553164551678,52,0.022145785685015112
3.0,0.6947373571409823,0.13988706228600606,25,0.02797741245720121
