visit_number,mean,std,count,sem
1.0,0.6560049653176904,0.1158249927962452,49,0.016546427542320743
2.0,0.7025993115882034,0.1655502045798943,34,0.02839162585550476
3.0,0.6495227015568742,0.20195112532214496,8,0.0714005050917715
