visit_number,team_total_visits,mean,count,sem
1.0,1.0,0.6450241532561923,14,0.022067648873696787
1.0,2.0,0.6400496292583124,26,0.0275235468933364
1.0,3.0,0.7191794215848902,9,0.016106964042294936
2.0,2.0,0.6995668873920526,26,0.03424304960733137
2.0,3.0,0.7124546902256939,8,0.050219058388195424
3.0,3.0,0.6495227015568742,8,0.0714005050917715
