Modality,Weight,Percentage
Physiology,0.06868969974056356,6.868969974056356
Behavior,0.9187111484156519,91.87111484156519
Gaze,0.012599151843784547,1.2599151843784546
