Method,Accuracy,F1-Score
Physiology Only,0.5355204221399307,0.5249757596840484
Behavior Only,0.6469004821754074,0.6679091272299528
Gaze Only,0.49951729163385655,0.47187297275193996
Weighted Fusion (Normalized),0.6825015270537916,0.6603780148706471
