Modality,Weight,Percentage
Physiology,0.09977160306301691,9.977160306301691
Behavior,0.8943820646811418,89.43820646811417
Gaze,0.005846332255841305,0.5846332255841304
