trial_id,fz_pz_theta_coh,f3_p3_theta_coh,f4_p4_theta_coh,mean_fp_theta_coh
4_0731_1000_U9TEJGM,0.722891724027641,0.3976462861082974,0.3681763997145797,0.49623813661683935
5_0731_1000_U9TEJGM,0.8379378368514844,0.10770578760724749,0.3005315414125599,0.4153917219570973
6_0731_1000_U9TEJGM,0.8740547940333848,0.3329459018076813,0.2874301578862328,0.49814361790909967
7_0731_1000_U9TEJGM,0.8841859549266036,0.40245890522825584,0.3289621986650644,0.538535686273308
8_0731_1000_U9TEJGM,0.8297835429630123,0.3826702240058233,0.2649081783814364,0.492453981783424
9_0731_1000_U9TEJGM,0.8805911934153537,0.5048703162409803,0.3887293232991482,0.5913969443184941
10_0731_1000_U9TEJGM,,,,
11_0731_1000_U9TEJGM,0.8824549693775988,0.12128508070187626,0.40885639818250613,0.47086548275399376
12_0731_1000_U9TEJGM,0.861893096030418,0.2382728241124027,0.457872459183426,0.5193461264420822
13_0731_1000_U9TEJGM,0.8187306689391227,0.46103598106685467,0.2741485564603503,0.517971735488776
14_0731_1000_U9TEJGM,0.8062827480040021,0.2711661337463572,0.5212247070109304,0.5328911962537632
15_0731_1000_U9TEJGM,0.8181713364057935,0.29264938214345504,0.4013487094015797,0.5040564759836094
16_0731_1000_U9TEJGM,0.8693174221017558,0.0981404644066306,0.13081317132877376,0.3660903526123867
17_0731_1000_U9TEJGM,,,,
18_0731_1000_U9TEJGM,0.857709767468141,0.26205391829933217,0.3311227239100212,0.4836288032258314
19_0731_1000_U9TEJGM,0.8319989289740226,0.20431508416761576,0.3707908020599729,0.46903493840053706
20_0731_1000_U9TEJGM,,,,
21_0731_1000_U9TEJGM,,,,
22_0731_1000_U9TEJGM,0.7138586818427175,0.1699209541389108,0.602366313222463,0.49538198306803044
23_0731_1000_U9TEJGM,0.8496267975958625,0.5443698651544113,0.6756042563492843,0.689866973033186
24_0731_1000_U9TEJGM,0.765908115386097,0.43791266175331467,0.4357372549759515,0.5465193440384545
25_0731_1000_U9TEJGM,0.9008205557320084,0.35258031450884575,0.5084260776890602,0.5872756493099714
26_0731_1000_U9TEJGM,0.8781978629634702,0.1901478687032964,0.12866057803374142,0.39900210323350266
27_0731_1000_U9TEJGM,0.8665554095193858,0.27967612116399726,0.38429617325707555,0.5101759013134862
28_0731_1000_U9TEJGM,0.8871616458648566,0.26333361760690316,0.31813430863119413,0.4895431907009846
29_0731_1000_U9TEJGM,0.9106783506221284,0.40227321533557925,0.5446196673038218,0.6191904110871765
30_0731_1000_U9TEJGM,0.8739110442555881,0.1718280424661118,0.47914474991449035,0.5082946122120634
31_0731_1000_U9TEJGM,0.7577303870871255,0.16299846823497188,0.25959839499113274,0.39344241677107666
32_0731_1000_U9TEJGM,0.8589382447360147,0.24632109036634872,0.4202729083516923,0.5085107478180185
33_0731_1000_U9TEJGM,0.873531973365203,0.29395455337918475,0.33390669186789407,0.500464406204094
34_0731_1000_U9TEJGM,0.7926183122142406,0.07857025335180001,0.3523161820774632,0.4078349158811679
35_0731_1000_U9TEJGM,0.9348214815914169,0.2927853480758933,0.16034263765314796,0.46264982244015274
36_0731_1000_U9TEJGM,0.8872713599192038,0.22909299223671567,0.39587631798916884,0.5040802233816961
37_0731_1000_U9TEJGM,0.7734732596304165,0.37322183019846406,0.48066579747256766,0.5424536291004828
38_0731_1000_U9TEJGM,0.8062691284560449,0.10587595829003914,0.511738935378271,0.474628007374785
39_0731_1000_U9TEJGM,0.8236236245078903,0.3411917345029782,0.4059968666085916,0.5236040752064867
40_0731_1000_U9TEJGM,0.7034370326913352,0.380743700907606,0.5167797299086975,0.5336534878358795
41_0731_1000_U9TEJGM,0.8902048068458447,0.30539321200381847,0.3773293213581705,0.5243091134026112
42_0731_1000_U9TEJGM,0.8942929153098965,0.4385993394164181,0.5710998949411835,0.634664049889166
43_0731_1000_U9TEJGM,0.7345576168751741,0.2908625769169886,0.5095028847009,0.5116410261643543
44_0731_1000_U9TEJGM,0.82165887592401,0.39026346683088137,0.37929259936814924,0.5304049807076802
45_0731_1000_U9TEJGM,0.7428822122710171,0.3490975029794743,0.4091451740095113,0.5003749630866676
46_0731_1000_U9TEJGM,0.8667580498773978,0.3503725952327768,0.4310472716362164,0.5493926389154636
47_0731_1000_U9TEJGM,0.8428349779203609,0.20159969181530465,0.2357792089789983,0.4267379595715546
48_0731_1000_U9TEJGM,0.9077744120597422,0.13586871885571486,0.4475162905585717,0.4970531404913429
49_0731_1000_U9TEJGM,0.8590836721754193,0.41504499377404463,0.31835981220290904,0.5308294927174576
50_0731_1000_U9TEJGM,0.7085218670321186,0.3348360543617757,0.3358611685975912,0.4597396966638285
51_0731_1000_U9TEJGM,0.7550313047271161,0.3044960441731131,0.3488993626975883,0.46947557053260586
52_0731_1000_U9TEJGM,0.9003509846621635,0.41371712981394876,0.32363080140138656,0.5458996386258329
54_0731_1000_U9TEJGM,,,,
55_0731_1000_U9TEJGM,0.8115802481016244,0.1265344505654942,0.3301080298541064,0.42274090950707505
56_0731_1000_U9TEJGM,0.923663945230493,0.4338637889839853,0.25895130294361507,0.5388263457193644
57_0731_1000_U9TEJGM,0.8493450451038264,0.25847245203358854,0.38254296101909296,0.49678681938550256
58_0731_1000_U9TEJGM,0.8052074631953644,0.028575157256658424,0.38448258032178534,0.4060884002579361
59_0731_1000_U9TEJGM,0.879945055419412,0.21158570711006927,0.4241063385772496,0.5052123670355769
60_0731_1000_U9TEJGM,0.8725466634836172,0.43484958865398826,0.7250141797467502,0.6774701439614518
61_0731_1000_U9TEJGM,0.8415291910683225,0.5203622776815986,0.5334836625708111,0.6317917104402441
62_0731_1000_U9TEJGM,0.8316247338613317,0.10214910221748008,0.26075331853476896,0.3981757182045269
63_0731_1000_U9TEJGM,0.906969753770694,0.38390321637434854,0.5319014295966351,0.6075914665805592
64_0731_1000_U9TEJGM,0.7868978761319473,0.31083987517855083,0.2928918286121511,0.4635431933075498
65_0731_1000_U9TEJGM,0.9039187404130034,0.31290669254643666,0.48571125078430716,0.5675122279145823
66_0731_1000_U9TEJGM,0.8721961295179486,0.49319797953905814,0.3899215673556937,0.5851052254709002
67_0731_1000_U9TEJGM,0.8578204272591363,0.3169624724853339,0.7097104945334595,0.62816446475931
68_0731_1000_U9TEJGM,0.7732278748046572,0.5866751742657978,0.3323874138956097,0.5640968209886882
69_0731_1000_U9TEJGM,0.8865275587740417,0.38013904699447143,0.594463811366145,0.6203768057115527
70_0731_1000_U9TEJGM,,,,
71_0731_1000_U9TEJGM,0.760278987788014,0.23666794944291195,0.45508407652123983,0.48401033791738857
72_0731_1000_U9TEJGM,0.8471627263011327,0.278712040604086,0.5482688985683868,0.5580478884912018
73_0731_1000_U9TEJGM,,,,
74_0731_1000_U9TEJGM,,,,
75_0731_1000_U9TEJGM,0.8829711924330385,0.2041739530387011,0.5096798910878603,0.5322750121865333
76_0731_1000_U9TEJGM,,,,
77_0731_1000_U9TEJGM,0.7748335615838341,0.3841036743705874,0.5057142515540588,0.5548838291694934
78_0731_1000_U9TEJGM,0.8072139267324192,0.38845978763918093,0.5160846677361214,0.5705861273692405
79_0731_1000_U9TEJGM,0.837721793725617,0.4426628958895899,0.5957679499601367,0.6253842131917812
80_0731_1000_U9TEJGM,,,,
81_0731_1000_U9TEJGM,0.8568164859494557,0.41836120280879996,0.453301162104155,0.5761596169541369
82_0731_1000_U9TEJGM,,,,
83_0731_1000_U9TEJGM,0.7940746974789138,0.3935251550750621,0.4412740142399761,0.542957955597984
84_0731_1000_U9TEJGM,0.8343848882930668,0.2094074635305875,0.25872344484302057,0.434171932222225
87_0731_1000_U9TEJGM,0.7851654320647894,0.32733819096566624,0.6728345368153029,0.5951127199485863
88_0731_1000_U9TEJGM,0.7023094318293573,0.3030635882020203,0.4641307431756003,0.4898345877356593
89_0731_1000_U9TEJGM,,,,
90_0731_1000_U9TEJGM,,,,
91_0731_1000_U9TEJGM,0.853956602990663,0.3260828049451872,0.27333429702673456,0.48445790165419494
92_0731_1000_U9TEJGM,,,,
93_0731_1000_U9TEJGM,,,,
94_0731_1000_U9TEJGM,,,,
95_0731_1000_U9TEJGM,0.9022894152543878,0.24778801222973723,0.3830716410634643,0.511049689515863
96_0731_1000_U9TEJGM,0.512883253571392,0.06763937888118686,0.39911133243369906,0.3265446549620927
97_0731_1000_U9TEJGM,0.8579175028267111,0.12863496800433163,0.38876499332808306,0.4584391547197086
98_0731_1000_U9TEJGM,0.8190539104573912,0.42478752005929604,0.5890078610259618,0.6109497638475497
99_0731_1000_U9TEJGM,0.8645195577607732,0.37122986193518237,0.4252088070904429,0.5536527422621328
100_0731_1000_U9TEJGM,,,,
101_0731_1000_U9TEJGM,,,,
102_0731_1000_U9TEJGM,0.7251544188624246,0.24599407422464023,0.3352577201737508,0.43546873775360523
104_0731_1000_U9TEJGM,,,,
105_0731_1000_U9TEJGM,,,,
106_0731_1000_U9TEJGM,0.8133626214120718,0.1921909282540923,0.33173579125309877,0.44576311363975424
107_0731_1000_U9TEJGM,,,,
108_0731_1000_U9TEJGM,0.9280371609470034,0.3938581370753275,0.5432572055487888,0.6217175011903732
109_0731_1000_U9TEJGM,,,,
110_0731_1000_U9TEJGM,,,,
111_0731_1000_U9TEJGM,,,,
112_0731_1000_U9TEJGM,0.8179601919269771,0.17167991739713273,0.45075432817056976,0.4801314791648932
113_0731_1000_U9TEJGM,,,,
117_0731_1000_U9TEJGM,0.8559557937046867,0.4020829605950969,0.5554010209652701,0.6044799250883512
118_0731_1000_U9TEJGM,,,,
119_0731_1000_U9TEJGM,,,,
120_0731_1000_U9TEJGM,0.8299409936141854,0.23664631231441025,0.6466567413886243,0.5710813491057399
121_0731_1000_U9TEJGM,0.8683266289513624,0.5791672530094082,0.4365189693620333,0.628004283774268
122_0731_1000_U9TEJGM,0.8694549321474708,0.3104749710274561,0.35397192394694005,0.5113006090406224
123_0731_1000_U9TEJGM,,,,
124_0731_1000_U9TEJGM,,,,
125_0731_1000_U9TEJGM,,,,
126_0731_1000_U9TEJGM,,,,
127_0731_1000_U9TEJGM,,,,
128_0731_1000_U9TEJGM,,,,
132_0731_1000_U9TEJGM,0.8720222809412123,0.3105012562766602,0.5220149125845567,0.5681794832674764
133_0731_1000_U9TEJGM,0.82837092558157,0.36474776737802034,0.3592471686457523,0.5174552872017809
134_0731_1000_U9TEJGM,,,,
135_0731_1000_U9TEJGM,,,,
136_0731_1000_U9TEJGM,0.5890610621651388,0.34010550596925765,0.5864612490694693,0.5052092724012885
1_0802_1400_U9TEJGM,0.4263503224439007,0.11326435768577577,0.12187337528998547,0.22049601847322065
2_0802_1400_U9TEJGM,0.3795401676353219,0.11895535950450727,0.08559193278114818,0.19469581997365912
3_0802_1400_U9TEJGM,0.4881300116135591,0.2170150862467761,0.4561365420140495,0.3870938799581283
4_0802_1400_U9TEJGM,0.358959115577603,0.19432893062445467,0.44166008777541926,0.33164937799249233
5_0802_1400_U9TEJGM,0.6442922869691846,0.21111733826146892,0.1523845579274725,0.335931394386042
6_0802_1400_U9TEJGM,0.5675577832600519,0.4485317016438685,0.4473539696852004,0.4878144848630403
7_0802_1400_U9TEJGM,0.6204913810182057,0.1816856019992331,0.4750761253876334,0.4257510361350241
8_0802_1400_U9TEJGM,0.5135251239894023,0.44473304977275435,0.41736970792819866,0.45854262723011846
9_0802_1400_U9TEJGM,0.5143801222143494,0.36750102594015477,0.3774147555131245,0.41976530122254285
10_0802_1400_U9TEJGM,0.40534479415425934,0.23331045976758524,0.3848650924117904,0.34117344877787836
11_0802_1400_U9TEJGM,0.7338171363702163,0.5660761139731869,0.6935708300082556,0.6644880267838863
12_0802_1400_U9TEJGM,0.39626775122129243,0.15762891270128943,0.21905717930814625,0.2576512810769094
13_0802_1400_U9TEJGM,0.35780148193166555,0.1390384550407279,0.23811063106882047,0.24498352268040466
14_0802_1400_U9TEJGM,0.5364945207123747,0.5168732341898218,0.5606611082141998,0.5380096210387988
15_0802_1400_U9TEJGM,0.6673149434740481,0.6410502789976693,0.4986921499382204,0.6023524574699792
16_0802_1400_U9TEJGM,0.4993124716134419,0.31310312068853735,0.27493414139779104,0.3624499112332568
17_0802_1400_U9TEJGM,0.4487809906337599,0.41063393849058744,0.382254990046551,0.4138899730569661
18_0802_1400_U9TEJGM,0.3160415145499682,0.25103591861489266,0.2680122176192985,0.27836321692805316
19_0802_1400_U9TEJGM,0.7086596906917301,0.35144873674981375,0.4878789944336838,0.5159958072917425
20_0802_1400_U9TEJGM,0.5000582335467941,0.26759779631458547,0.45855244054091004,0.40873615680076325
21_0802_1400_U9TEJGM,0.5060453733843479,0.1489111846488816,0.25459115242785724,0.3031825701536956
22_0802_1400_U9TEJGM,0.43886214484126257,0.4527817271286694,0.30811244510996977,0.39991877235996726
23_0802_1400_U9TEJGM,,,,
24_0802_1400_U9TEJGM,0.2715418027140619,0.11517663545749579,0.2188335761898265,0.20185067145379473
25_0802_1400_U9TEJGM,,,,
26_0802_1400_U9TEJGM,0.6944888723975399,0.44875498065735187,0.4856947661374593,0.5429795397307836
27_0802_1400_U9TEJGM,,,,
28_0802_1400_U9TEJGM,0.602815312213319,0.25979379192642377,0.41415997028167223,0.42558969147380504
29_0802_1400_U9TEJGM,0.26128730070954564,0.05803467019454887,0.31375985188364014,0.2110272742625782
30_0802_1400_U9TEJGM,0.49444730982730284,0.3672494680983669,0.3515093103953229,0.4044020294403308
31_0802_1400_U9TEJGM,0.6616874912866301,0.47454317402448815,0.5833750789078003,0.5732019147396396
32_0802_1400_U9TEJGM,0.47455806424388053,0.2242613466880843,0.354191557206107,0.35100365604602396
33_0802_1400_U9TEJGM,0.39680179230344165,0.11200280392531121,0.37015984998290974,0.29298814873722084
34_0802_1400_U9TEJGM,0.5661064883505039,0.45825997352294023,0.3462266778310998,0.45686437990151463
35_0802_1400_U9TEJGM,0.35379254671763744,0.17889502569078242,0.25427173461475744,0.26231976900772574
36_0802_1400_U9TEJGM,0.45084129162550085,0.30976917301482604,0.3517347600416703,0.37078174156066573
37_0802_1400_U9TEJGM,0.17239833092302928,0.20335442056661623,0.06714288754451428,0.14763187967805325
38_0802_1400_U9TEJGM,,,,
39_0802_1400_U9TEJGM,0.585458243158309,0.12989163851385085,0.3228345257865539,0.34606146915290453
40_0802_1400_U9TEJGM,0.33828000314071205,0.25725019646267194,0.4023197691784464,0.3326166562606101
41_0802_1400_U9TEJGM,0.5253831136441582,0.26141564308937737,0.18637710281873035,0.32439195318408864
42_0802_1400_U9TEJGM,0.5458865849367627,0.3749237494601761,0.5053566528702976,0.4753889957557454
43_0802_1400_U9TEJGM,0.6881782867018957,0.4089429668671623,0.42437265678630065,0.5071646367851196
44_0802_1400_U9TEJGM,0.5753336252513114,0.202737595264081,0.19968725815467706,0.32591949289002314
45_0802_1400_U9TEJGM,0.40566965659486104,0.40576557341833724,0.4845933447909216,0.4320095249347066
46_0802_1400_U9TEJGM,0.44452121027219055,0.15056110731128577,0.26791286443840456,0.2876650606739603
47_0802_1400_U9TEJGM,0.7000434088384764,0.23435948416674454,0.2882866406067443,0.40756317787065505
48_0802_1400_U9TEJGM,0.6381141887832776,0.4050944588420072,0.5291010525529042,0.5241032333927297
49_0802_1400_U9TEJGM,0.2338142524469917,0.2716308059099421,0.2166482858456651,0.24069778140086628
50_0802_1400_U9TEJGM,0.7150149940043047,0.35328627081406044,0.3852353634514946,0.4845122094232866
51_0802_1400_U9TEJGM,0.47465647659805227,0.5770923893031842,0.4074275111822232,0.48639212569448653
52_0802_1400_U9TEJGM,0.36842210122986246,0.3431574801841127,0.40569833494512975,0.37242597211970163
53_0802_1400_U9TEJGM,0.40292842984262495,0.19782623756628884,0.16391670829560914,0.2548904585681743
54_0802_1400_U9TEJGM,0.29887488717763594,0.21854309514988365,0.2007517468702651,0.23938990973259489
55_0802_1400_U9TEJGM,0.5666085327947271,0.4550969731426833,0.5323221516820734,0.5180092192064946
56_0802_1400_U9TEJGM,0.5903063216662097,0.5294232972128171,0.5199815140176812,0.546570377632236
57_0802_1400_U9TEJGM,0.6225727582678611,0.5158968859833436,0.4973814174366226,0.5452836872292758
58_0802_1400_U9TEJGM,0.5470221895977391,0.4569534785055429,0.49933203880025107,0.5011025689678444
59_0802_1400_U9TEJGM,0.5382668848070038,0.3212733812341991,0.34306284485272087,0.4008677036313079
60_0802_1400_U9TEJGM,0.39878204491535674,0.2638674375241438,0.2874408609669723,0.316696781135491
61_0802_1400_U9TEJGM,0.49866122743001234,0.2942343740546505,0.2948100020114612,0.362568534498708
62_0802_1400_U9TEJGM,0.5025328388047737,0.3883077121838818,0.4829891560257407,0.45794323567146544
63_0802_1400_U9TEJGM,0.4479271443149608,0.2502853977321701,0.24250856402386758,0.31357370202366613
64_0802_1400_U9TEJGM,0.360970327768082,0.3288372088594081,0.36553706753806364,0.3517815347218512
65_0802_1400_U9TEJGM,0.5402940636915412,0.35309391324362965,0.4249466480254415,0.43944487498687085
66_0802_1400_U9TEJGM,,,,
67_0802_1400_U9TEJGM,,,,
68_0802_1400_U9TEJGM,0.18392873210003333,0.15180181625582936,0.3077113402358645,0.21448062953057576
69_0802_1400_U9TEJGM,,,,
70_0802_1400_U9TEJGM,,,,
71_0802_1400_U9TEJGM,0.5483285715498095,0.17905664250468514,0.2340573333549784,0.320480849136491
72_0802_1400_U9TEJGM,0.2859585024818649,0.11464440334949828,0.35786470693190003,0.2528225375877544
73_0802_1400_U9TEJGM,,,,
74_0802_1400_U9TEJGM,,,,
75_0802_1400_U9TEJGM,0.7257695066989934,0.5917166247864777,0.48751659512528445,0.6016675755369185
76_0802_1400_U9TEJGM,0.5065236240422104,0.2757567694713618,0.35061033161511124,0.37763024170956117
77_0802_1400_U9TEJGM,0.4227495883305325,0.19538814074615038,0.3344990386326632,0.3175455892364487
78_0802_1400_U9TEJGM,,,,
79_0802_1400_U9TEJGM,,,,
80_0802_1400_U9TEJGM,,,,
81_0802_1400_U9TEJGM,,,,
82_0802_1400_U9TEJGM,0.34738315860592817,0.08095150591356905,0.09959314326147195,0.1759759359269897
83_0802_1400_U9TEJGM,,,,
84_0802_1400_U9TEJGM,,,,
85_0802_1400_U9TEJGM,,,,
86_0802_1400_U9TEJGM,,,,
87_0802_1400_U9TEJGM,,,,
88_0802_1400_U9TEJGM,,,,
89_0802_1400_U9TEJGM,,,,
90_0802_1400_U9TEJGM,0.6106926282093851,0.3554721460923962,0.42463638284490823,0.4636003857155632
91_0802_1400_U9TEJGM,,,,
92_0802_1400_U9TEJGM,,,,
93_0802_1400_U9TEJGM,,,,
94_0802_1400_U9TEJGM,0.49581227048839693,0.42719541968030855,0.558518083515514,0.49384192456140646
95_0802_1400_U9TEJGM,,,,
96_0802_1400_U9TEJGM,,,,
97_0802_1400_U9TEJGM,,,,
98_0802_1400_U9TEJGM,,,,
99_0802_1400_U9TEJGM,,,,
100_0802_1400_U9TEJGM,,,,
101_0802_1400_U9TEJGM,0.3430494912084223,0.352146584759719,0.38878123394590514,0.3613257699713488
102_0802_1400_U9TEJGM,0.44112870120540876,0.4070661798892196,0.5177764245205471,0.4553237685383918
103_0802_1400_U9TEJGM,0.5544672792399529,0.16616122539633174,0.25744709670213667,0.3260252004461404
104_0802_1400_U9TEJGM,,,,
105_0802_1400_U9TEJGM,0.6083501638530254,0.5421752131350076,0.5824041499790739,0.5776431756557022
106_0802_1400_U9TEJGM,0.6243964373547533,0.48586544493752815,0.5832409582137346,0.5645009468353387
107_0802_1400_U9TEJGM,,,,
108_0802_1400_U9TEJGM,0.6236402931446781,0.28778497721451773,0.3088440528693308,0.40675644107617553
109_0802_1400_U9TEJGM,,,,
110_0802_1400_U9TEJGM,,,,
111_0802_1400_U9TEJGM,,,,
112_0802_1400_U9TEJGM,0.6723738843922917,0.4301094039584494,0.419670119360905,0.5073844692372154
114_0802_1400_U9TEJGM,,,,
115_0802_1400_U9TEJGM,,,,
116_0802_1400_U9TEJGM,0.5926126832976659,0.6361991194947408,0.524225634257634,0.5843458123500135
117_0802_1400_U9TEJGM,,,,
118_0802_1400_U9TEJGM,0.4015575401670055,0.5768812005963896,0.4539800018180474,0.47747291419381416
119_0802_1400_U9TEJGM,0.4196613001928768,0.2956234271045683,0.3755451872510394,0.36360997151616153
120_0802_1400_U9TEJGM,0.6155113912246658,0.3878166630661086,0.4858832403807536,0.4964037648905093
121_0802_1400_U9TEJGM,,,,
122_0802_1400_U9TEJGM,,,,
123_0802_1400_U9TEJGM,,,,
125_0802_1400_U9TEJGM,0.4444741392221518,0.1480018794900467,0.18082701617429786,0.2577676782954988
127_0802_1400_U9TEJGM,0.5483521951472503,0.30693562925348794,0.42716257063231106,0.4274834650110164
128_0802_1400_U9TEJGM,,,,
130_0802_1400_U9TEJGM,,,,
132_0802_1400_U9TEJGM,0.3209757342106076,0.17623036902367742,0.357676321860543,0.2849608083649427
2_0811_1000_4LI8GO7,0.48049441681893623,0.8227345647018051,0.9478492460890601,0.7503594092032672
4_0811_1000_4LI8GO7,0.6039190548694809,0.7420678595141063,0.9199786200077925,0.7553218447971265
5_0811_1000_4LI8GO7,0.5059848495912306,0.7274678118368297,0.9144324952642294,0.71596171889743
6_0811_1000_4LI8GO7,0.17559946126176892,0.8372297432617576,0.9545993037815506,0.655809502768359
7_0811_1000_4LI8GO7,0.29274340650541836,0.7676790614957406,0.932267197155967,0.6642298883857086
8_0811_1000_4LI8GO7,0.38168575494802076,0.7475060971416513,0.9251038157599599,0.6847652226165439
9_0811_1000_4LI8GO7,0.4580198394565282,0.6994986651761298,0.9040406005140486,0.6871863683822355
10_0811_1000_4LI8GO7,0.5274951026185496,0.857491223823749,0.9588883375473358,0.7812915546632114
11_0811_1000_4LI8GO7,0.2690490484694079,0.9115597476989107,0.9753946496351601,0.7186678152678262
12_0811_1000_4LI8GO7,0.41836262333555524,0.8573288675048856,0.9584662269079618,0.7447192392494676
13_0811_1000_4LI8GO7,0.21707327110694474,0.8039704423178948,0.9442313288736776,0.6550916807661724
14_0811_1000_4LI8GO7,0.4208782819557366,0.7316824369005329,0.9176029438962406,0.6900545542508367
15_0811_1000_4LI8GO7,0.6454112548044004,0.903961945563967,0.9725883692216768,0.8406538565300147
16_0811_1000_4LI8GO7,0.3526161594948083,0.8187607818890447,0.9473256690863568,0.7062342034900699
17_0811_1000_4LI8GO7,0.4888798472571401,0.873252467271371,0.9633451272938146,0.7751591472741085
18_0811_1000_4LI8GO7,0.6622650996563464,0.7975124340100818,0.9396292995620633,0.7998022777428305
19_0811_1000_4LI8GO7,0.666486703351065,0.8339087863481907,0.9508730388907581,0.8170895095300046
20_0811_1000_4LI8GO7,0.5265124159900975,0.8617984284455352,0.9602822232660727,0.7828643559005685
21_0811_1000_4LI8GO7,0.7083117341494866,0.7974158684958557,0.9380755342034163,0.8146010456162528
22_0811_1000_4LI8GO7,0.46329634557238936,0.8843146817550419,0.9670865576648149,0.7715658616640821
23_0811_1000_4LI8GO7,0.33699843093436616,0.7380278265871828,0.9218492349838324,0.6656251641684605
24_0811_1000_4LI8GO7,0.29867813113354574,0.7866553187690193,0.9379260775163171,0.6744198424729607
25_0811_1000_4LI8GO7,0.5264512994330084,0.7772128299304158,0.9331713351914529,0.7456118215182924
26_0811_1000_4LI8GO7,0.4855862100627017,0.8859577548551628,0.9673767498196666,0.7796402382458437
27_0811_1000_4LI8GO7,0.4855440743215951,0.7628055098570591,0.9276794960661977,0.725343026748284
28_0811_1000_4LI8GO7,0.39586344165888826,0.852771565613773,0.9579881406057936,0.7355410492928183
29_0811_1000_4LI8GO7,0.5649058297108001,0.8008585049447624,0.9407868110347559,0.7688503818967728
30_0811_1000_4LI8GO7,0.4755836206972687,0.7817139637219473,0.9355194005041242,0.7309389949744468
31_0811_1000_4LI8GO7,,,,
33_0811_1000_4LI8GO7,0.31076592293364286,0.8724267080628963,0.9638166571698469,0.7156697627221287
34_0811_1000_4LI8GO7,,,,
35_0811_1000_4LI8GO7,0.5190502186000926,0.7466042647867215,0.924023881747844,0.7298927883782195
36_0811_1000_4LI8GO7,0.5671724746145874,0.6215157512711674,0.8755832223856812,0.6880904827571453
37_0811_1000_4LI8GO7,0.48435699632711166,0.6989411958836511,0.9078832785370742,0.697060490249279
38_0811_1000_4LI8GO7,0.44427532065785974,0.8806891560736977,0.9659254160100779,0.7636299642472117
39_0811_1000_4LI8GO7,0.3391330142253562,0.8850505790907416,0.967346117966238,0.7305099037607786
40_0811_1000_4LI8GO7,0.5214267073918938,0.741946601054341,0.9192069679389973,0.7275267587950774
41_0811_1000_4LI8GO7,0.1777584703035486,0.8683816782294292,0.9633378385740429,0.6698259957023401
43_0811_1000_4LI8GO7,0.6054999308085753,0.7034433021168353,0.9044974601619313,0.7378135643624474
44_0811_1000_4LI8GO7,,,,
45_0811_1000_4LI8GO7,0.36333808042902166,0.7826740602368959,0.935846881713719,0.6939530074598789
46_0811_1000_4LI8GO7,0.4140448869667595,0.7288447485626667,0.915865287697944,0.6862516410757901
47_0811_1000_4LI8GO7,0.5567016938842965,0.6360660605432497,0.88363882517965,0.692135526535732
48_0811_1000_4LI8GO7,0.2580407065526416,0.8440841069976402,0.9556829413114966,0.6859359182872594
49_0811_1000_4LI8GO7,0.5767234630912331,0.8406094028004084,0.9522707677872685,0.78986787789297
50_0811_1000_4LI8GO7,,,,
53_0811_1000_4LI8GO7,0.3927948867182475,0.8751842891109757,0.9646195154641487,0.7441995637644573
54_0811_1000_4LI8GO7,0.5566808271973708,0.6994257962086082,0.9070145425390422,0.7210403886483404
55_0811_1000_4LI8GO7,0.6617277005895504,0.7043658856439962,0.9088183118371328,0.7583039660235599
56_0811_1000_4LI8GO7,0.8168094089179245,0.5887227544860764,0.8341624335225671,0.7465648656421894
57_0811_1000_4LI8GO7,0.4387322710257579,0.8620288847735114,0.9604589168935357,0.753740024230935
58_0811_1000_4LI8GO7,0.5623907233573116,0.7125765892711677,0.9108838789905369,0.7286170638730054
59_0811_1000_4LI8GO7,0.29005615678263647,0.8180408394468454,0.9479193786803713,0.6853387916366177
60_0811_1000_4LI8GO7,0.5352629654990734,0.7144365181421716,0.9124804623484651,0.7207266486632368
61_0811_1000_4LI8GO7,0.25801839285579975,0.8594618706527397,0.9605004479970337,0.6926602371685244
62_0811_1000_4LI8GO7,0.21671540594779493,0.8526800207967377,0.9584380296122296,0.6759444854522542
63_0811_1000_4LI8GO7,0.4383041965931469,0.6851455904936338,0.9029594559485581,0.6754697476784463
66_0811_1000_4LI8GO7,0.3813922602574296,0.6900604378597058,0.904572692084777,0.6586751300673042
67_0811_1000_4LI8GO7,0.5053561901926846,0.7775719506584761,0.9335908573431003,0.7388396660647536
68_0811_1000_4LI8GO7,0.4732133824572066,0.8152947517199202,0.9456812668294954,0.7447298003355408
70_0811_1000_4LI8GO7,0.5693535208793294,0.7042423731406405,0.9044545399049345,0.7260168113083014
71_0811_1000_4LI8GO7,0.6216124987477721,0.8033031990457123,0.9401201684665325,0.788345288753339
72_0811_1000_4LI8GO7,0.24336294152378868,0.7664005427682129,0.9338166787380774,0.6478600543433597
73_0811_1000_4LI8GO7,,,,
75_0811_1000_4LI8GO7,0.4181852192359874,0.8990091336401846,0.9714539380023455,0.7628827636261725
76_0811_1000_4LI8GO7,0.5952955577842426,0.8601855300719766,0.9596147149692303,0.8050319342751499
77_0811_1000_4LI8GO7,0.5378218009444424,0.80704220372899,0.9430046444975675,0.762622883057
78_0811_1000_4LI8GO7,0.45285853091277756,0.7544306930701564,0.9251871492650628,0.7108254577493324
79_0811_1000_4LI8GO7,0.7215903607357478,0.7484607233231565,0.9223006297754064,0.7974505712781035
81_0811_1000_4LI8GO7,0.3025062973125833,0.8850756562089463,0.9675939835808616,0.7183919790341303
82_0811_1000_4LI8GO7,0.45419734742026696,0.698924324026614,0.9071357694770223,0.6867524803079678
83_0811_1000_4LI8GO7,0.5165741708192483,0.7840028809195608,0.9360095113511121,0.7455288543633071
84_0811_1000_4LI8GO7,0.36885756842082923,0.8253448637455767,0.9497478249394263,0.7146500857019441
85_0811_1000_4LI8GO7,0.5147288197796317,0.8037716447204671,0.9414386425295879,0.7533130356765622
86_0811_1000_4LI8GO7,0.44412411224032566,0.8214168164771928,0.9478035994048547,0.7377815093741243
87_0811_1000_4LI8GO7,0.4579530441264572,0.8861488289316529,0.967879183908895,0.7706603523223351
88_0811_1000_4LI8GO7,0.5056224419649861,0.9146212386720162,0.9757244193926665,0.798656033343223
89_0811_1000_4LI8GO7,0.19801203277801602,0.8226645539567307,0.9500525179400915,0.6569097015582793
90_0811_1000_4LI8GO7,0.20101120675281062,0.8611632046676992,0.9608971261592814,0.6743571791932638
91_0811_1000_4LI8GO7,0.55320101339349,0.6890657700197798,0.9022261024641476,0.7148309619591391
92_0811_1000_4LI8GO7,0.31957533589742504,0.8061860447983653,0.9431585922334277,0.6896399909764059
93_0811_1000_4LI8GO7,0.35451437291732885,0.8847262991787268,0.9671559552724253,0.7354655424561604
94_0811_1000_4LI8GO7,,,,
95_0811_1000_4LI8GO7,0.5322659735574529,0.7575914832279382,0.9271523516338864,0.7390032694730925
96_0811_1000_4LI8GO7,0.3156177747873013,0.8915459087156288,0.9695939364381635,0.7255858733136978
97_0811_1000_4LI8GO7,0.60513873284131,0.8135063784849287,0.9436392186714803,0.7874281099992396
98_0811_1000_4LI8GO7,0.2022716511010362,0.8738265955150516,0.965120025252285,0.680406090622791
99_0811_1000_4LI8GO7,0.6553416530259181,0.8522184353094722,0.9568638971465919,0.8214746618273274
100_0811_1000_4LI8GO7,0.679290708968777,0.8868589842657872,0.9672809137504252,0.8444768689949965
102_0811_1000_4LI8GO7,0.5503811998683825,0.7391146396067928,0.9199966335206375,0.7364974909986043
103_0811_1000_4LI8GO7,0.288839905393749,0.8096119495380435,0.944826729679491,0.6810928615370946
104_0811_1000_4LI8GO7,0.4509971359370608,0.7783824548836034,0.9328882877352416,0.7207559595186352
105_0811_1000_4LI8GO7,0.36916082863522925,0.8511650505777807,0.9569505161635696,0.7257587984588598
106_0811_1000_4LI8GO7,0.4270166557708302,0.8056994294256321,0.9427609507702611,0.7251590119889078
107_0811_1000_4LI8GO7,0.6320657424074194,0.7646721560189901,0.9290119912118442,0.7752499632127513
108_0811_1000_4LI8GO7,0.7282701031762217,0.669021692117011,0.8850266749426986,0.760772823411977
109_0811_1000_4LI8GO7,0.42828982160978873,0.7091429344997561,0.9112964679406713,0.682909741350072
110_0811_1000_4LI8GO7,0.13677172357569203,0.7841793319511264,0.9392662378579809,0.6200724311282665
111_0811_1000_4LI8GO7,0.35143727036011324,0.7186927179490673,0.9107810327934756,0.6603036737008854
112_0811_1000_4LI8GO7,0.7463590555492875,0.6145177300107821,0.8659292545239428,0.7422686800280042
113_0811_1000_4LI8GO7,0.4112942325023861,0.8556865101960632,0.9588880309594789,0.7419562578859761
114_0811_1000_4LI8GO7,0.46076844877559137,0.8606249806563118,0.9597718870044472,0.7603884388121168
115_0811_1000_4LI8GO7,0.393738034191424,0.8405902231352526,0.9538804275478044,0.7294028949581604
116_0811_1000_4LI8GO7,0.5095428733322965,0.8380380802924595,0.9520831907082385,0.7665547147776648
117_0811_1000_4LI8GO7,0.7236837498619503,0.7787324546085576,0.9271985807374903,0.8098715950693327
119_0811_1000_4LI8GO7,0.2910202886058052,0.8445623991803929,0.9560440514752341,0.697208913087144
120_0811_1000_4LI8GO7,0.36753573807337014,0.8527690476342537,0.958040521636164,0.7261151024479293
121_0811_1000_4LI8GO7,0.49528635163112833,0.7853438403127596,0.9360637394114136,0.7388979771184339
122_0811_1000_4LI8GO7,0.47541799538372337,0.786703659853604,0.936183234993719,0.7327682967436822
123_0811_1000_4LI8GO7,0.3606517991884682,0.6989776301161813,0.9081703798010149,0.6559332697018881
124_0811_1000_4LI8GO7,0.5537237287221144,0.7250839002928053,0.9161274993280918,0.7316450427810038
125_0811_1000_4LI8GO7,0.33722813115044087,0.8361472922120955,0.9529953523726066,0.708790258578381
126_0811_1000_4LI8GO7,0.6787754052763875,0.8014231014445654,0.9410753686418208,0.8070912917875912
127_0811_1000_4LI8GO7,0.4635581827812864,0.7901252163825677,0.9375884143567103,0.7304239378401881
128_0811_1000_4LI8GO7,0.577571812467418,0.6738406222803972,0.8971004713463794,0.7161709686980648
129_0811_1000_4LI8GO7,0.32468709749341057,0.8288647503165749,0.95096083416011,0.7015042273233653
130_0811_1000_4LI8GO7,0.6460563456210662,0.7064782446086763,0.9067770412794038,0.7531038771697154
131_0811_1000_4LI8GO7,0.6421670281700458,0.8464872145949308,0.9548479883189994,0.8145007436946586
132_0811_1000_4LI8GO7,0.7227170964135863,0.7888809308784038,0.9349568662643365,0.8155182978521088
133_0811_1000_4LI8GO7,0.4393187821187232,0.7895785446109528,0.9380270288995041,0.7223081185430601
134_0811_1000_4LI8GO7,0.5092021213810982,0.7273901733030715,0.917745327563293,0.7181125407491543
135_0811_1000_4LI8GO7,0.5251716158718388,0.7706255211187139,0.9297065334096347,0.7418345568000624
136_0811_1000_4LI8GO7,0.41723288910483297,0.805852387204632,0.9442941722070705,0.7224598161721785
137_0811_1000_4LI8GO7,0.6537962556775259,0.6951211449188461,0.8983891434402583,0.7491021813455435
138_0811_1000_4LI8GO7,0.6929964899736315,0.6896314463696008,0.8982436569973663,0.760290531113533
139_0811_1000_4LI8GO7,0.4736125550234041,0.7199984815184141,0.9147783740647716,0.7027964702021966
140_0811_1000_4LI8GO7,0.36925826578962934,0.69053589492232,0.9006159577599183,0.6534700394906227
141_0811_1000_4LI8GO7,0.46914228969119093,0.7557352119920494,0.9257307085843243,0.7168694034225215
142_0811_1000_4LI8GO7,0.3078365012342333,0.8278332848457319,0.9507804165189847,0.6954834008663165
143_0811_1000_4LI8GO7,0.488202381932105,0.8525399675031923,0.9575442283076168,0.7660955259143046
144_0811_1000_4LI8GO7,0.439887300778709,0.7831248872503318,0.9348381525655091,0.7192834468648499
145_0811_1000_4LI8GO7,0.5731918703144574,0.7969366874815363,0.9398273201627614,0.7699852926529184
0_0811_1000_U9TEJGM,0.9909289858721757,0.8485257102032865,0.3187734034132264,0.7194093664962296
1_0811_1000_U9TEJGM,0.9838375880236144,0.866687362078285,0.2519996168001859,0.7008415223006951
2_0811_1000_U9TEJGM,,,,
3_0811_1000_U9TEJGM,0.9805514547744636,0.9157605565149897,0.2788767236945755,0.7250629116613428
4_0811_1000_U9TEJGM,0.9787117848219328,0.8715618065476468,0.16074999211842417,0.6703411944960013
5_0811_1000_U9TEJGM,,,,
6_0811_1000_U9TEJGM,0.980873817462878,0.8135279116965788,0.16254306830489115,0.652314932488116
7_0811_1000_U9TEJGM,0.9826227003396536,0.8247989013549791,0.46736101101129807,0.758260870901977
8_0811_1000_U9TEJGM,0.9879516011063845,0.9110159972209466,0.512383846207146,0.8037838148448256
9_0811_1000_U9TEJGM,0.9888436608233122,0.8237118027670292,0.32888192674051436,0.7138124634436186
10_0811_1000_U9TEJGM,,,,
11_0811_1000_U9TEJGM,0.9939727112462112,0.625384347538052,0.21431750858898135,0.6112248557910815
12_0811_1000_U9TEJGM,,,,
13_0811_1000_U9TEJGM,0.9783494964648266,0.8854693558917303,0.08321369394490823,0.649010848767155
14_0811_1000_U9TEJGM,,,,
15_0811_1000_U9TEJGM,0.9884918273886275,0.7842685950074354,0.32991604727124746,0.7008921565557701
16_0811_1000_U9TEJGM,,,,
17_0811_1000_U9TEJGM,,,,
18_0811_1000_U9TEJGM,0.975813634125536,0.9089384928428523,0.2017730807688467,0.6955084025790784
19_0811_1000_U9TEJGM,0.9880520977948097,0.7108915884032642,0.12477667347150066,0.6079067865565247
20_0811_1000_U9TEJGM,,,,
21_0811_1000_U9TEJGM,,,,
22_0811_1000_U9TEJGM,,,,
23_0811_1000_U9TEJGM,0.9821201727318757,0.8794968746567999,0.24763735974206355,0.703084802376913
24_0811_1000_U9TEJGM,0.986045929215277,0.7998995873672342,0.2869928807984177,0.6909794657936431
25_0811_1000_U9TEJGM,0.9868781528479585,0.9145439823516925,0.1750495733012841,0.6921572361669784
26_0811_1000_U9TEJGM,,,,
27_0811_1000_U9TEJGM,0.9736446955210067,0.9603420998312382,0.5243264255566197,0.8194377403029548
28_0811_1000_U9TEJGM,,,,
29_0811_1000_U9TEJGM,0.9910469012062338,0.8846176041328455,0.3452299325142207,0.7402981459511001
30_0811_1000_U9TEJGM,,,,
31_0811_1000_U9TEJGM,,,,
32_0811_1000_U9TEJGM,,,,
33_0811_1000_U9TEJGM,,,,
34_0811_1000_U9TEJGM,,,,
35_0811_1000_U9TEJGM,,,,
36_0811_1000_U9TEJGM,,,,
37_0811_1000_U9TEJGM,,,,
38_0811_1000_U9TEJGM,0.9593076993469261,0.8719438675102512,0.2567834521542303,0.6960116730038025
39_0811_1000_U9TEJGM,,,,
40_0811_1000_U9TEJGM,0.9852839151102203,0.8561322865648088,0.145574058877683,0.662330086850904
41_0811_1000_U9TEJGM,0.9689558278333198,0.9352060791023367,0.42779917999225253,0.777320362309303
42_0811_1000_U9TEJGM,0.9859665281394626,0.8642157318143702,0.08650650488550464,0.6455629216131126
43_0811_1000_U9TEJGM,,,,
44_0811_1000_U9TEJGM,0.982881814832802,0.7989767592194691,0.23044311968682016,0.6707672312463638
45_0811_1000_U9TEJGM,0.9833552603934385,0.8450478884509428,0.21652605931192212,0.6816430693854345
46_0811_1000_U9TEJGM,,,,
48_0811_1000_U9TEJGM,,,,
49_0811_1000_U9TEJGM,,,,
50_0811_1000_U9TEJGM,0.9800013901471636,0.8626081108549805,0.3138420625253434,0.7188171878424958
51_0811_1000_U9TEJGM,,,,
52_0811_1000_U9TEJGM,,,,
53_0811_1000_U9TEJGM,,,,
54_0811_1000_U9TEJGM,,,,
55_0811_1000_U9TEJGM,,,,
56_0811_1000_U9TEJGM,,,,
57_0811_1000_U9TEJGM,,,,
58_0811_1000_U9TEJGM,0.9782628619089042,0.7575022168388159,0.35770619986406693,0.6978237595372624
59_0811_1000_U9TEJGM,0.9899273008129317,0.9409248170557108,0.5863176266669182,0.8390565815118536
60_0811_1000_U9TEJGM,,,,
61_0811_1000_U9TEJGM,0.9903479952918702,0.8791726651812368,0.32281916476135875,0.7307799417448219
63_0811_1000_U9TEJGM,0.9893666020576776,0.81191267247668,0.2578898834382706,0.6863897193242093
64_0811_1000_U9TEJGM,,,,
65_0811_1000_U9TEJGM,0.9811025715007603,0.9069974028802171,0.24708057329364788,0.7117268492248751
66_0811_1000_U9TEJGM,,,,
67_0811_1000_U9TEJGM,,,,
68_0811_1000_U9TEJGM,0.9811486377877298,0.9330803893198273,0.2940764189404204,0.7361018153493258
69_0811_1000_U9TEJGM,,,,
70_0811_1000_U9TEJGM,,,,
71_0811_1000_U9TEJGM,,,,
72_0811_1000_U9TEJGM,,,,
73_0811_1000_U9TEJGM,,,,
75_0811_1000_U9TEJGM,,,,
76_0811_1000_U9TEJGM,,,,
77_0811_1000_U9TEJGM,,,,
78_0811_1000_U9TEJGM,0.9913032212017802,0.7286586978739034,0.18970568966755952,0.636555869581081
79_0811_1000_U9TEJGM,0.9840554680255006,0.787672731385486,0.4004292554213918,0.7240524849441261
80_0811_1000_U9TEJGM,,,,
81_0811_1000_U9TEJGM,,,,
82_0811_1000_U9TEJGM,,,,
83_0811_1000_U9TEJGM,,,,
84_0811_1000_U9TEJGM,,,,
85_0811_1000_U9TEJGM,,,,
87_0811_1000_U9TEJGM,,,,
88_0811_1000_U9TEJGM,,,,
89_0811_1000_U9TEJGM,,,,
90_0811_1000_U9TEJGM,,,,
91_0811_1000_U9TEJGM,,,,
92_0811_1000_U9TEJGM,,,,
93_0811_1000_U9TEJGM,,,,
94_0811_1000_U9TEJGM,0.977875949271254,0.9050924611859369,0.21236309820840363,0.6984438362218648
95_0811_1000_U9TEJGM,,,,
96_0811_1000_U9TEJGM,,,,
97_0811_1000_U9TEJGM,,,,
99_0811_1000_U9TEJGM,0.9729317656349078,0.8715606695208699,0.36973655689391216,0.73807633068323
100_0811_1000_U9TEJGM,,,,
102_0811_1000_U9TEJGM,,,,
103_0811_1000_U9TEJGM,0.9856265896656979,0.8925531792949678,0.11651300810798704,0.6648975923562176
104_0811_1000_U9TEJGM,0.9917599364806341,0.7806786523866763,0.30706098419973266,0.6931665243556809
105_0811_1000_U9TEJGM,,,,
106_0811_1000_U9TEJGM,,,,
108_0811_1000_U9TEJGM,,,,
109_0811_1000_U9TEJGM,0.9722466020147116,0.9129352746716002,0.4047720501689687,0.7633179756184268
111_0811_1000_U9TEJGM,0.9770569296513547,0.950558897210995,0.6203946589850534,0.849336828615801
112_0811_1000_U9TEJGM,,,,
113_0811_1000_U9TEJGM,,,,
114_0811_1000_U9TEJGM,,,,
115_0811_1000_U9TEJGM,,,,
116_0811_1000_U9TEJGM,,,,
117_0811_1000_U9TEJGM,,,,
118_0811_1000_U9TEJGM,,,,
119_0811_1000_U9TEJGM,,,,
120_0811_1000_U9TEJGM,,,,
121_0811_1000_U9TEJGM,,,,
122_0811_1000_U9TEJGM,,,,
124_0811_1000_U9TEJGM,,,,
125_0811_1000_U9TEJGM,,,,
126_0811_1000_U9TEJGM,,,,
127_0811_1000_U9TEJGM,,,,
128_0811_1000_U9TEJGM,,,,
129_0811_1000_U9TEJGM,,,,
130_0811_1000_U9TEJGM,,,,
1_0813_1000_9M4VCHG,0.46101160417706316,0.9524803744777873,0.21485928468606197,0.5427837544469708
3_0813_1000_9M4VCHG,0.5765336756563091,0.9705630143480292,0.2754146806974912,0.6075037902339432
4_0813_1000_9M4VCHG,0.3198046561367516,0.9293006544630305,0.2727202231014307,0.5072751779004042
5_0813_1000_9M4VCHG,0.5063981533470369,0.9750091704207008,0.3749361387263592,0.6187811541646989
6_0813_1000_9M4VCHG,0.030264762733375843,0.8125292666604973,0.07217187278112623,0.30498863405833315
7_0813_1000_9M4VCHG,0.272273371091607,0.931594492403287,0.24378359851759945,0.4825504873374979
10_0813_1000_9M4VCHG,0.5305143969776374,0.9539880376748133,0.3577062487292431,0.6140695611272312
11_0813_1000_9M4VCHG,0.2952512231779755,0.94698240860503,0.22227756713796623,0.48817039964032394
13_0813_1000_9M4VCHG,0.3368902465555837,0.9463920192333065,0.10317211601774101,0.4621514606022104
14_0813_1000_9M4VCHG,0.10238632280380626,0.9136570322820615,0.2407820599288566,0.41894180500490813
15_0813_1000_9M4VCHG,0.4890691561315617,0.927367058914219,0.26317764313457165,0.5598712860601175
16_0813_1000_9M4VCHG,0.23812371989278444,0.9417027213743334,0.16290637660463017,0.4475776059572493
17_0813_1000_9M4VCHG,0.29669291659408464,0.9390786201120248,0.16758577729397325,0.4677857713333609
18_0813_1000_9M4VCHG,0.462617863530437,0.9644020486844426,0.12729230702159103,0.5181040730788236
19_0813_1000_9M4VCHG,0.17388763634854945,0.9423518212722758,0.038528969805701134,0.38492280914217547
20_0813_1000_9M4VCHG,0.2681454761794662,0.9646189929989433,0.15784293323119836,0.4635358008032026
21_0813_1000_9M4VCHG,0.4303145020840163,0.9433850236044962,0.19774726850022903,0.5238155980629139
22_0813_1000_9M4VCHG,0.2690664735935806,0.9290206747736254,0.1563777488438986,0.4514882990703682
23_0813_1000_9M4VCHG,0.12234268830225137,0.8282780350214497,0.06310386653100619,0.33790819661823573
25_0813_1000_9M4VCHG,0.540797337575469,0.9678532812038471,0.13660785748549367,0.5484194920882699
26_0813_1000_9M4VCHG,0.6773255991984238,0.9824147087853571,0.38325544798707284,0.6809985853236179
27_0813_1000_9M4VCHG,0.18558636887942814,0.9453340562470088,0.08526794573681046,0.4053961236210824
28_0813_1000_9M4VCHG,0.3997794703374298,0.921510780905202,0.1719273075172999,0.49773918625331054
29_0813_1000_9M4VCHG,0.32902890437088067,0.9358683024537958,0.3108206604189853,0.5252392890812206
31_0813_1000_9M4VCHG,0.5401889129294272,0.970030884374281,0.3195419524155137,0.6099205832397406
32_0813_1000_9M4VCHG,0.16794196674642645,0.9290765964034664,0.05669706609855283,0.38457187641614854
33_0813_1000_9M4VCHG,0.3071374768493327,0.9337411455517756,0.21933886031835206,0.48673916090648683
34_0813_1000_9M4VCHG,0.21264490011533424,0.9222888304916923,0.16253273630036386,0.4324888223024635
35_0813_1000_9M4VCHG,0.4736774107650114,0.97509345131941,0.3494407687802812,0.5994038769549009
36_0813_1000_9M4VCHG,0.42882675426277017,0.9339691637902492,0.19893688132896128,0.5205775997939935
37_0813_1000_9M4VCHG,0.3580608673976869,0.9329737501764734,0.3157144000417853,0.5355830058719818
38_0813_1000_9M4VCHG,0.35579959113747855,0.9588737651623166,0.24084190047459728,0.5185050855914641
39_0813_1000_9M4VCHG,0.3640096813725145,0.9742735729470203,0.140095179027085,0.49279281111553996
40_0813_1000_9M4VCHG,0.5028937450046799,0.973833466716426,0.2502442217173102,0.575657144479472
41_0813_1000_9M4VCHG,0.11911747482775477,0.951748220729832,0.023305285285051523,0.36472366028087944
42_0813_1000_9M4VCHG,0.13256134403519673,0.944154611238793,0.10219224619298899,0.3929694004889929
43_0813_1000_9M4VCHG,0.41231168156382997,0.9700807243756856,0.3284041050616801,0.5702655036670653
44_0813_1000_9M4VCHG,0.23708651401303446,0.9294282822207949,0.12291646048139677,0.4298104189050754
45_0813_1000_9M4VCHG,0.23190115805610612,0.8985045547130679,0.13322699400286955,0.42121090225734786
46_0813_1000_9M4VCHG,0.36280722858478215,0.953213292349401,0.271846822974037,0.5292891146360733
47_0813_1000_9M4VCHG,0.42156922447045203,0.9580884822528623,0.371673757009705,0.5837771545776731
48_0813_1000_9M4VCHG,0.3339273225832544,0.9544155804878054,0.18755824322622283,0.49196704876576086
49_0813_1000_9M4VCHG,0.2027621573411824,0.9391138998889922,0.21169339139563173,0.4511898162086021
50_0813_1000_9M4VCHG,0.4509843609590411,0.9423802987106508,0.14201209972101259,0.5117922531302348
51_0813_1000_9M4VCHG,0.43619478170944753,0.9606948291559668,0.24688708022412473,0.547925563696513
52_0813_1000_9M4VCHG,0.57298422805706,0.9703634965053821,0.17564223405170706,0.572996652871383
53_0813_1000_9M4VCHG,0.5015344370313045,0.9686999001373308,0.33045286587524186,0.6002290676812924
54_0813_1000_9M4VCHG,0.11164343080201557,0.861735178278615,0.09091691897099428,0.3547651760172083
55_0813_1000_9M4VCHG,0.13668228347284947,0.9394669295511339,0.08357702233315573,0.38657541178571303
56_0813_1000_9M4VCHG,0.4599794544057874,0.9747504518989265,0.11212734565721216,0.5156190839873087
57_0813_1000_9M4VCHG,0.44981747103970227,0.9671303846679703,0.30721446869742963,0.5747207748017008
58_0813_1000_9M4VCHG,0.5771909870311525,0.9736684033649916,0.33799741157958496,0.6296189339919097
60_0813_1000_9M4VCHG,0.19548367148251225,0.9581164557265476,0.1249124261095383,0.4261708511061994
61_0813_1000_9M4VCHG,0.4148109011098527,0.979214835868954,0.21358834192396822,0.5358713596342582
62_0813_1000_9M4VCHG,0.4261796514570719,0.9436679939044309,0.34940477314021257,0.5730841395005718
63_0813_1000_9M4VCHG,0.37542984449604355,0.9414431543500369,0.11571997489213863,0.47753099124607307
64_0813_1000_9M4VCHG,0.45585864325586334,0.9608139958265589,0.23861894110491402,0.5517638600624454
65_0813_1000_9M4VCHG,0.3185076374947964,0.9255617302999019,0.14281170017741218,0.4622936893240368
66_0813_1000_9M4VCHG,0.5179681243688627,0.9777562730275665,0.3855640099993128,0.6270961357985806
67_0813_1000_9M4VCHG,0.37802210848388285,0.9642601699145213,0.25611812875808543,0.5328001357188299
68_0813_1000_9M4VCHG,0.512941519395992,0.9694914547392094,0.2872578806248484,0.5898969515866833
69_0813_1000_9M4VCHG,0.3660858144630761,0.9390334400378922,0.18132176646835405,0.4954803403231074
70_0813_1000_9M4VCHG,0.5055859682287985,0.9728626167658915,0.31928509217927054,0.5992445590579868
71_0813_1000_9M4VCHG,0.5261673947688806,0.9663701315762584,0.26916160339291956,0.5872330432460195
72_0813_1000_9M4VCHG,0.41102346862658407,0.9334626516259771,0.2178787956998123,0.5207883053174578
73_0813_1000_9M4VCHG,0.4442629828890868,0.9697505830336238,0.3364030340596354,0.5834721999941154
74_0813_1000_9M4VCHG,0.6240192277027967,0.9433168726604514,0.3688868917499272,0.6454076640377251
75_0813_1000_9M4VCHG,0.33270888015468514,0.9204343535623679,0.06965248504499175,0.4409319062540149
76_0813_1000_9M4VCHG,0.5789161462329075,0.9703942813200168,0.23638195154391403,0.5952307930322794
77_0813_1000_9M4VCHG,0.3924554190903824,0.8799902857113114,0.11849200633699904,0.46364590371289754
78_0813_1000_9M4VCHG,0.150431315510238,0.8953695852837166,0.011884143674562133,0.35256168148950556
79_0813_1000_9M4VCHG,0.5093071477261977,0.9477981374396641,0.3949731973191081,0.6173594941616567
80_0813_1000_9M4VCHG,0.26137825623325067,0.9588611541465181,0.10787748556753533,0.4427056319824347
81_0813_1000_9M4VCHG,0.2563046297116011,0.9441154388798273,0.189065598059906,0.46316188888377813
82_0813_1000_9M4VCHG,0.5322478233161158,0.9804278330688061,0.3022865684871463,0.6049874082906893
83_0813_1000_9M4VCHG,0.20960941122676222,0.9615013301293492,0.25945570322391087,0.4768554815266741
84_0813_1000_9M4VCHG,0.37553557286953865,0.9720923887284632,0.12011939752828167,0.48924911970876117
85_0813_1000_9M4VCHG,0.3326269223288117,0.9341168161606679,0.1460814363088963,0.4709417249327919
86_0813_1000_9M4VCHG,0.14764790119313084,0.9321092075004311,0.0837037794803427,0.38782029605796825
87_0813_1000_9M4VCHG,0.5443348632787961,0.9644699357120343,0.44042429509332726,0.6497430313613859
88_0813_1000_9M4VCHG,0.12695458795665313,0.8831440317780116,0.0994476740056363,0.3698487645801003
89_0813_1000_9M4VCHG,,,,
90_0813_1000_9M4VCHG,0.21965361596934663,0.9163501167949869,0.10336405581484513,0.4131225961930596
91_0813_1000_9M4VCHG,0.4396953740294271,0.9805780197625024,0.12767601316968877,0.5159831356538728
92_0813_1000_9M4VCHG,0.4234126654372436,0.9521088609458263,0.18334238286849128,0.5196213030838537
94_0813_1000_9M4VCHG,0.4500356119981681,0.9436283304971355,0.3953496974819753,0.5963378799924263
95_0813_1000_9M4VCHG,0.24429807941101775,0.940937586734044,0.12008697339936814,0.43510754651481
96_0813_1000_9M4VCHG,0.12062697688469137,0.9052201009797379,0.11358983171980867,0.379812303194746
97_0813_1000_9M4VCHG,0.3973140453795569,0.9531287786401936,0.26433382408309775,0.5382588827009495
98_0813_1000_9M4VCHG,0.2865297439418104,0.9540848431279261,0.08606191715401802,0.44222550140791816
99_0813_1000_9M4VCHG,0.14437546052404548,0.9620047345117686,0.04057838650114679,0.382319527178987
100_0813_1000_9M4VCHG,0.388863768983563,0.9671778593382351,0.06852947083506898,0.474857033052289
101_0813_1000_9M4VCHG,0.361949554771199,0.970121281244392,0.1615027921210184,0.4978578760455365
102_0813_1000_9M4VCHG,0.38529026144528117,0.9549302322768929,0.14363189195116877,0.4946174618911143
103_0813_1000_9M4VCHG,0.4942107398132379,0.9575698834486238,0.16872822711230098,0.5401696167913875
104_0813_1000_9M4VCHG,0.3536772156342827,0.9592987169161572,0.3416790986031424,0.5515516770511941
105_0813_1000_9M4VCHG,0.3143348779547386,0.9597872416957762,0.13494618973466488,0.46968943646172656
106_0813_1000_9M4VCHG,0.2364410638066016,0.9388381205276892,0.05327987686957756,0.4095196870679561
107_0813_1000_9M4VCHG,0.198192523530621,0.9567016291360096,0.21232516341945815,0.4557397720286962
108_0813_1000_9M4VCHG,0.695228616574994,0.9871717395516346,0.3859975831769185,0.689465979767849
109_0813_1000_9M4VCHG,0.24763642142087153,0.9255606575528681,0.07226914687904633,0.4151554086175953
110_0813_1000_9M4VCHG,0.49992001644627665,0.9812949074066636,0.12874047888044512,0.5366518009111284
112_0813_1000_9M4VCHG,,,,
113_0813_1000_9M4VCHG,0.418521472022156,0.9595923313513842,0.1719603262272793,0.5166913765336065
114_0813_1000_9M4VCHG,0.3589106486752416,0.92848395012369,0.14296869142319826,0.47678776340737666
115_0813_1000_9M4VCHG,0.2825391374356862,0.8711114494985952,0.1898291977691302,0.44782659490113724
116_0813_1000_9M4VCHG,0.5335905867756726,0.953706248219758,0.19525362951116534,0.560850154835532
117_0813_1000_9M4VCHG,0.15938730507331764,0.9059084926351398,0.2167896125388734,0.4273618034157769
118_0813_1000_9M4VCHG,,,,
119_0813_1000_9M4VCHG,0.39761550037123866,0.9203817035644813,0.20731833902068128,0.5084385143188004
120_0813_1000_9M4VCHG,0.38037670729392037,0.9682446133757477,0.15016905846093037,0.4995967930435328
121_0813_1000_9M4VCHG,0.44162736101378725,0.9764331380897072,0.17572592274800533,0.5312621406171666
122_0813_1000_9M4VCHG,0.22172688795543674,0.9713655708292057,0.0659447092007188,0.41967905599512045
123_0813_1000_9M4VCHG,0.26232012685296735,0.9372370134681329,0.17287920428969125,0.4574787815369305
124_0813_1000_9M4VCHG,0.3955785644296082,0.9223279833723425,0.2169950440728158,0.5116338639582555
125_0813_1000_9M4VCHG,0.25825449884527935,0.9394011893414894,0.21214029545486843,0.4699319945472124
126_0813_1000_9M4VCHG,0.3717908073435002,0.9256009024653888,0.2122174136862914,0.5032030411650601
127_0813_1000_9M4VCHG,0.6095484961246153,0.960647922239248,0.6581869563363326,0.7427944582333986
128_0813_1000_9M4VCHG,0.1385242510215708,0.9182763550086345,0.02406504776700918,0.36028855126573817
129_0813_1000_9M4VCHG,0.17832248151614172,0.9316480903024823,0.06812954384517685,0.3927000385546003
130_0813_1000_9M4VCHG,0.23969160016073332,0.9046219486645816,0.21486216108710574,0.4530585699708069
131_0813_1000_9M4VCHG,0.2713691163913441,0.9619343477089585,0.16485515129183476,0.4660528717973791
132_0813_1000_9M4VCHG,0.1169632493110611,0.8801376085887472,0.08567051851775281,0.360923792139187
133_0813_1000_9M4VCHG,0.5159542018017018,0.9457306187483955,0.2949605329163265,0.5855484511554746
134_0813_1000_9M4VCHG,0.6098612390598984,0.9674365102602301,0.5163832556592151,0.697893668326448
135_0813_1000_9M4VCHG,0.4280160515206528,0.9701006404675646,0.20217402237034898,0.5334302381195221
136_0813_1000_9M4VCHG,0.3093733503689753,0.9437225957847621,0.2266016437319771,0.49323252996190486
137_0813_1000_9M4VCHG,0.3373581407754398,0.9649550219713938,0.20894553849926098,0.5037529004153648
138_0813_1000_9M4VCHG,0.4514779343049289,0.9265253548282337,0.18120667339441407,0.5197366541758589
139_0813_1000_9M4VCHG,0.3774608051249877,0.9230874017669773,0.20794364634489457,0.5028306177456198
140_0813_1000_9M4VCHG,0.280249025558356,0.9280364156182733,0.22209280439477852,0.4767927485238026
141_0813_1000_9M4VCHG,0.3203441846850421,0.9706044442422449,0.12141895616232219,0.4707891950298697
2_0813_1000_U9TEJGM,0.1289302798088731,0.4685700294112893,0.22623419813116072,0.2745781691171077
3_0813_1000_U9TEJGM,0.12889270338562667,0.6633625389773797,0.24445128674020433,0.34556884303440355
4_0813_1000_U9TEJGM,0.18427980618572906,0.4315268315424234,0.08363415283313924,0.23314693018709723
5_0813_1000_U9TEJGM,0.06883983774442341,0.4399579442882033,0.22501037753958017,0.2446027198574023
6_0813_1000_U9TEJGM,0.2924456799204419,0.6153033336776214,0.10335549814017131,0.33703483724607813
7_0813_1000_U9TEJGM,0.12897168700384365,0.6047711149227313,0.23113738503310155,0.3216267289865588
8_0813_1000_U9TEJGM,0.18688311730339216,0.4326080011301878,0.16896065301410823,0.2628172571492294
9_0813_1000_U9TEJGM,0.14863405108849334,0.5841892147515394,0.09035877738351317,0.27439401440784866
10_0813_1000_U9TEJGM,0.43288547668815697,0.20343120035559212,0.045005287865356736,0.2271073216363686
11_0813_1000_U9TEJGM,0.11720111823022983,0.1472860952614562,0.19919292416067247,0.1545600458841195
12_0813_1000_U9TEJGM,0.26772890261940163,0.6338380052491732,0.4401518032580283,0.44723957037553436
13_0813_1000_U9TEJGM,0.23520878109195978,0.3347507573184469,0.10271545475499333,0.22422499772180002
14_0813_1000_U9TEJGM,0.1536339875812053,0.34601467492287336,0.11550931106192285,0.20505265785533386
15_0813_1000_U9TEJGM,0.12682607137902577,0.2545531018444652,0.3032812957061586,0.2282201563098832
16_0813_1000_U9TEJGM,0.2308972081743006,0.35651758180940846,0.31847626297036014,0.30196368431802306
17_0813_1000_U9TEJGM,0.2499334095917566,0.49638947622630597,0.13441396213640858,0.29357894931815703
18_0813_1000_U9TEJGM,0.2663903097366131,0.6760427044238163,0.10950214159182547,0.3506450519174183
19_0813_1000_U9TEJGM,0.3736856625915097,0.3381526927290151,0.1124134827881178,0.27475061270288087
20_0813_1000_U9TEJGM,0.42045644211580663,0.5234474375767176,0.12361297338094436,0.35583895102448954
21_0813_1000_U9TEJGM,0.24857377955872662,0.40205251979790274,0.19413402792439216,0.2815867757603405
22_0813_1000_U9TEJGM,0.12210078042006293,0.40824954909839156,0.1863490497729162,0.2388997930971236
23_0813_1000_U9TEJGM,0.12592179583296761,0.3268428265694492,0.014753975289587001,0.15583953256400127
24_0813_1000_U9TEJGM,0.37749165691015146,0.38090405642323066,0.27084437714202564,0.3430800301584693
25_0813_1000_U9TEJGM,0.13906901510413783,0.40622289358131813,0.11097330174560349,0.21875507014368648
26_0813_1000_U9TEJGM,0.16425911164025822,0.478313164277649,0.06359075329935197,0.23538767640575306
27_0813_1000_U9TEJGM,0.053681657117688276,0.22655930315880055,0.30208973016640434,0.19411023014763104
28_0813_1000_U9TEJGM,0.19890222797342985,0.41380405264850256,0.15096678085644,0.2545576871594575
29_0813_1000_U9TEJGM,0.2955640670144416,0.3418966146179299,0.2352946541683603,0.29091844526691063
30_0813_1000_U9TEJGM,0.1315413092304835,0.39843515905243904,0.2644327363762249,0.26480306821971583
31_0813_1000_U9TEJGM,0.27384306197067776,0.48926322612801365,0.17723347114945479,0.3134465864160487
32_0813_1000_U9TEJGM,,,,
33_0813_1000_U9TEJGM,0.3092197250198143,0.2993672746822838,0.32656848305164193,0.3117184942512467
34_0813_1000_U9TEJGM,,,,
35_0813_1000_U9TEJGM,,,,
36_0813_1000_U9TEJGM,0.13809156080726362,0.3576456188955381,0.12601229351087867,0.2072498244045601
37_0813_1000_U9TEJGM,0.028145693872559625,0.275256858262092,0.17722467797379896,0.16020907670281684
38_0813_1000_U9TEJGM,0.20858496410170305,0.2869828171238192,0.09742060118980106,0.1976627941384411
39_0813_1000_U9TEJGM,0.34136764313020995,0.34712965011058533,0.21049289722475784,0.29966339682185106
40_0813_1000_U9TEJGM,0.21310264686051664,0.08466484951734508,0.2138019793517099,0.17052315857652386
41_0813_1000_U9TEJGM,0.2576316546181532,0.06592690387219098,0.137421089187672,0.1536598825593387
42_0813_1000_U9TEJGM,,,,
43_0813_1000_U9TEJGM,0.30538686845205976,0.21354406772304316,0.1935095853580494,0.2374801738443841
44_0813_1000_U9TEJGM,0.023755225092260124,0.40128513325039733,0.21315951986360204,0.21273329273541983
45_0813_1000_U9TEJGM,0.14384689638707163,0.3844556670878199,0.2822615227708869,0.2701880287485928
46_0813_1000_U9TEJGM,0.39060271186885026,0.4442736381829439,0.15322502519040257,0.32936712508073224
47_0813_1000_U9TEJGM,,,,
48_0813_1000_U9TEJGM,0.05272039429459174,0.21695131697940803,0.15096430765077537,0.14021200630825836
49_0813_1000_U9TEJGM,0.24310415904457097,0.6013243613726296,0.10246211873659745,0.315630213051266
50_0813_1000_U9TEJGM,0.11562989876065932,0.5026052756828436,0.11961955931895711,0.24595157792082
51_0813_1000_U9TEJGM,,,,
52_0813_1000_U9TEJGM,0.1944042795611809,0.16744327862041772,0.04344876256429209,0.13509877358196357
53_0813_1000_U9TEJGM,0.05424390500181792,0.3319305973607149,0.26972084249331857,0.2186317816186171
54_0813_1000_U9TEJGM,0.07066733900560042,0.38993067105601303,0.03133375154346583,0.16397725386835976
55_0813_1000_U9TEJGM,0.19865338633730947,0.3170129386898411,0.024933602284115657,0.1801999757704221
56_0813_1000_U9TEJGM,0.2749486722988194,0.131751488330344,0.2078474569942962,0.20484920587448655
58_0813_1000_U9TEJGM,,,,
59_0813_1000_U9TEJGM,0.3095895369781069,0.34087504940886254,0.12808511900405692,0.2595165684636755
60_0813_1000_U9TEJGM,0.2206830088832501,0.1602640139227232,0.3863696911016991,0.25577223796922416
61_0813_1000_U9TEJGM,,,,
62_0813_1000_U9TEJGM,0.4804053309172743,0.3613660492925632,0.22773568395271782,0.35650235472085173
63_0813_1000_U9TEJGM,,,,
64_0813_1000_U9TEJGM,0.05858899175337523,0.5531451106522337,0.16401712448778355,0.25858374229779746
65_0813_1000_U9TEJGM,0.05067138051231911,0.4678955920673134,0.14704402515497805,0.22187033257820352
66_0813_1000_U9TEJGM,0.28482209205614867,0.3500778708412445,0.06996670385836463,0.2349555555852526
67_0813_1000_U9TEJGM,0.28453791293219954,0.294470483092524,0.15238049114891386,0.24379629572454578
68_0813_1000_U9TEJGM,0.28457988192534,0.3359500211585826,0.21513519862424482,0.27855503390272246
69_0813_1000_U9TEJGM,,,,
70_0813_1000_U9TEJGM,,,,
71_0813_1000_U9TEJGM,0.3362036695342541,0.39675448540431074,0.29803471200938303,0.34366428898264934
72_0813_1000_U9TEJGM,,,,
73_0813_1000_U9TEJGM,0.49989604975910923,0.3963823672792488,0.14488425144963846,0.3470542228293321
75_0813_1000_U9TEJGM,0.08679933437619604,0.3111026133167312,0.035520719287210636,0.14447422232671261
76_0813_1000_U9TEJGM,0.16437035882273157,0.5328789679039382,0.34423699507399547,0.3471621072668884
78_0813_1000_U9TEJGM,0.2939966997979728,0.31377909885742267,0.1515716928946943,0.2531158305166966
80_0813_1000_U9TEJGM,,,,
88_0813_1000_U9TEJGM,,,,
89_0813_1000_U9TEJGM,0.33992312465911095,0.4102699931282376,0.22506703015775772,0.3250867159817021
90_0813_1000_U9TEJGM,,,,
92_0813_1000_U9TEJGM,0.4566760349950092,0.2897172594796122,0.21533020819132206,0.32057450088864786
94_0813_1000_U9TEJGM,0.1781044243253939,0.22542199777746807,0.5348930725758956,0.3128064982262525
95_0813_1000_U9TEJGM,0.1148046868391296,0.5639537918264479,0.09897723354824049,0.259245237404606
96_0813_1000_U9TEJGM,0.4177167739226198,0.21557147987801104,0.1795781467067842,0.270955466835805
97_0813_1000_U9TEJGM,,,,
100_0813_1000_U9TEJGM,,,,
102_0813_1000_U9TEJGM,0.3177028804347121,0.2228111696276145,0.08155267319167565,0.2073555744180008
103_0813_1000_U9TEJGM,0.25865692997245376,0.26302284246944924,0.09973151569431427,0.20713709604540576
104_0813_1000_U9TEJGM,0.19004092148727272,0.3056622503679352,0.20088327869079134,0.23219548351533312
105_0813_1000_U9TEJGM,0.1889129308113693,0.40068669209378527,0.1735946959043635,0.25439810626983933
107_0813_1000_U9TEJGM,0.13825564274218619,0.4613627807095501,0.33830510994799384,0.3126411777999101
108_0813_1000_U9TEJGM,,,,
109_0813_1000_U9TEJGM,0.2893349889539622,0.27067602741343333,0.2761881023717872,0.27873303957972756
110_0813_1000_U9TEJGM,0.08652774443327811,0.3483283907545411,0.24266530682660106,0.22584048067147341
111_0813_1000_U9TEJGM,0.04871544994652566,0.56966327876508,0.11158023072808095,0.24331965314656223
112_0813_1000_U9TEJGM,0.19744361960370624,0.35366802826088684,0.1676341591501849,0.23958193567159267
113_0813_1000_U9TEJGM,0.1354287781400005,0.4832939859845166,0.23993591853443563,0.28621956088631756
115_0813_1000_U9TEJGM,,,,
116_0813_1000_U9TEJGM,0.3170941667333538,0.07487152897264954,0.2979980098642621,0.22998790185675513
117_0813_1000_U9TEJGM,0.43660008168386394,0.15432847647636697,0.29851140075449106,0.2964799863049073
119_0813_1000_U9TEJGM,0.14648428468356736,0.3020177461329266,0.045859961311315346,0.1647873307092698
120_0813_1000_U9TEJGM,0.2818322148910559,0.2753379518476848,0.25874876853428863,0.27197297842434315
121_0813_1000_U9TEJGM,0.22376593884890594,0.3638990520334682,0.25723523469184856,0.2816334085247409
122_0813_1000_U9TEJGM,0.18615612687881153,0.12323687391847153,0.4294671900752845,0.24628673029085588
123_0813_1000_U9TEJGM,0.43084436756512984,0.16092162016185158,0.24853847365953344,0.28010148712883826
127_0813_1000_U9TEJGM,0.03443298063784517,0.2531743611149096,0.2616604551688154,0.1830892656405234
128_0813_1000_U9TEJGM,0.26608623012576005,0.26968125870950116,0.34319173707690975,0.29298640863739034
129_0813_1000_U9TEJGM,0.2073158904017395,0.23612640515711494,0.13700274614915772,0.19348168056933737
130_0813_1000_U9TEJGM,0.4994226836101019,0.07388830643873147,0.08879258694819812,0.22070119233234384
131_0813_1000_U9TEJGM,,,,
132_0813_1000_U9TEJGM,0.1530012136776802,0.1715223403191247,0.4197844400594928,0.24810266468543254
133_0813_1000_U9TEJGM,0.40269844131657484,0.41524889896335554,0.33485871452842053,0.384268684936117
0_0816_1400_539136F,0.3118925500837688,0.36979045309936076,0.2845504405192558,0.3220778145674618
1_0816_1400_539136F,0.22137132826086314,0.621222261311019,0.36065193292814807,0.4010818408333434
2_0816_1400_539136F,0.2492111320648148,0.2682545377323402,0.31033893494859527,0.27593486824858343
3_0816_1400_539136F,0.2503408956611583,0.2795355593030806,0.4910329118523486,0.3403031222721959
4_0816_1400_539136F,0.2698922170425834,0.6458142836912154,0.19960435021629278,0.3717702836500305
5_0816_1400_539136F,0.10918163079205041,0.49794348636580726,0.23701757494244813,0.2813808973667686
6_0816_1400_539136F,0.2591741162757765,0.5031573225020188,0.34278404275264746,0.3683718271768142
7_0816_1400_539136F,0.08303931563840213,0.5065015135244475,0.16246208630612125,0.25066763848965695
8_0816_1400_539136F,0.05069760417749086,0.2585823102398235,0.20680457013986034,0.17202816151905823
9_0816_1400_539136F,0.04322266699558156,0.46653575093892236,0.3978101168229631,0.30252284491915565
10_0816_1400_539136F,0.1632280763928034,0.6780236968360845,0.17926030781174554,0.3401706936802112
11_0816_1400_539136F,0.18121244991043042,0.42296365200141833,0.11619554991046004,0.24012388394076958
12_0816_1400_539136F,0.19765296080411487,0.5127764539164149,0.15129156735991034,0.2872403273601467
13_0816_1400_539136F,0.111886733405465,0.4195464356800267,0.211590823511801,0.24767466419909756
14_0816_1400_539136F,0.2615446946390133,0.4697547698627383,0.3069017850044343,0.34606708316872864
15_0816_1400_539136F,0.25600751260463234,0.3715271873105961,0.17910455150982144,0.2688797504750166
16_0816_1400_539136F,0.21573940245553347,0.28718908890254236,0.33067360916147215,0.2778673668398493
17_0816_1400_539136F,0.3274013492321692,0.5992311105039473,0.3274644447142388,0.4180323014834517
18_0816_1400_539136F,0.2061984860593061,0.24580080469223609,0.1819511757319525,0.2113168221611649
19_0816_1400_539136F,0.08096041523867732,0.5821930713248026,0.19368658535270175,0.2856133573053939
20_0816_1400_539136F,0.3643781543063838,0.46664966137307134,0.23456299135097947,0.3551969356768116
21_0816_1400_539136F,0.22403395632742695,0.6994855998544325,0.35807738064971817,0.4271989789438592
22_0816_1400_539136F,,,,
23_0816_1400_539136F,0.08354486360510353,0.5267746667719015,0.202064916611689,0.27079481566289804
24_0816_1400_539136F,0.2500296391124004,0.5126349831066187,0.0964931868401311,0.28638593635305004
25_0816_1400_539136F,0.16996392506382932,0.6718931954708611,0.11371132554718764,0.31852281536062604
26_0816_1400_539136F,0.3252462911323373,0.49888521836351724,0.29679064924811754,0.37364071958132405
27_0816_1400_539136F,0.17436925426197616,0.25432238662059853,0.17270938130081995,0.20046700739446488
28_0816_1400_539136F,0.174205278595461,0.7004555242514958,0.29260039643348273,0.3890870664268132
29_0816_1400_539136F,0.19834016652698538,0.5910437238361723,0.0827901950317629,0.2907246951316402
30_0816_1400_539136F,0.1657886216927665,0.4966705709234282,0.17927897060447165,0.2805793877402221
31_0816_1400_539136F,,,,
32_0816_1400_539136F,,,,
33_0816_1400_539136F,,,,
34_0816_1400_539136F,0.1029935951070441,0.4929999014131246,0.34448629862846875,0.31349326504954583
35_0816_1400_539136F,,,,
36_0816_1400_539136F,0.08282014974358758,0.4778572526627463,0.23857915329486332,0.2664188519003991
37_0816_1400_539136F,,,,
38_0816_1400_539136F,,,,
39_0816_1400_539136F,,,,
40_0816_1400_539136F,,,,
41_0816_1400_539136F,0.1734407367677867,0.21708830800660894,0.14487324947452046,0.17846743141630536
42_0816_1400_539136F,,,,
43_0816_1400_539136F,0.01991278486402834,0.348274393254306,0.1827557972324589,0.18364765845026443
44_0816_1400_539136F,,,,
45_0816_1400_539136F,,,,
46_0816_1400_539136F,0.13776126240157716,0.49906859909134865,0.19340971043981958,0.27674652397758176
47_0816_1400_539136F,,,,
48_0816_1400_539136F,0.16663048256270296,0.37561092362008935,0.33169236001674346,0.2913112553998452
49_0816_1400_539136F,,,,
50_0816_1400_539136F,0.03060953120009686,0.38133851778645633,0.07874232825754571,0.1635634590813663
51_0816_1400_539136F,0.22502711937628717,0.1943886623555303,0.03683853993104904,0.15208477388762218
52_0816_1400_539136F,0.03516331354786378,0.4615535340092201,0.1573815174873439,0.21803278834814263
53_0816_1400_539136F,0.3192406621755773,0.3849938263032195,0.4083717037306304,0.37086873073647575
54_0816_1400_539136F,,,,
55_0816_1400_539136F,0.027611558663175592,0.37626514823362106,0.16724101465449528,0.19037257385043063
56_0816_1400_539136F,0.1629821890135027,0.4495242404194208,0.08479586775058685,0.2324340990611701
57_0816_1400_539136F,,,,
58_0816_1400_539136F,,,,
59_0816_1400_539136F,,,,
60_0816_1400_539136F,0.12058821437901492,0.32954141083155536,0.29548046666958877,0.24853669729338634
61_0816_1400_539136F,,,,
62_0816_1400_539136F,0.023479933076355767,0.1418813357509934,0.18943598240884366,0.11826575041206427
63_0816_1400_539136F,,,,
64_0816_1400_539136F,0.06005561883650582,0.5163381523737548,0.12406258807637698,0.23348545309554583
65_0816_1400_539136F,0.07473438974380563,0.3933553200228476,0.13251100716539663,0.20020023897734995
66_0816_1400_539136F,0.1206705152993983,0.41745209604797706,0.04976717158537372,0.19596326097758301
67_0816_1400_539136F,0.08858969415069277,0.2825160600401577,0.41484014983494655,0.261981968008599
68_0816_1400_539136F,0.25150525519998695,0.5840257656122739,0.16296019738727457,0.33283040606651176
69_0816_1400_539136F,0.06344832707578112,0.4236462435099784,0.21938470401901985,0.23549309153492648
70_0816_1400_539136F,,,,
71_0816_1400_539136F,,,,
72_0816_1400_539136F,0.14330621489776496,0.26161736751605563,0.2006665517264191,0.20186337804674656
73_0816_1400_539136F,0.156236020461335,0.3261710459588607,0.20412293598972778,0.22884333413664115
74_0816_1400_539136F,0.3916936327693093,0.3400200541606295,0.25698892987895533,0.32956753893629803
75_0816_1400_539136F,0.4149580623100295,0.5149360473339119,0.23848153375199785,0.38945854779864636
76_0816_1400_539136F,,,,
77_0816_1400_539136F,,,,
78_0816_1400_539136F,0.27441696441251384,0.4683146999265444,0.28895970775436425,0.3438971240311408
79_0816_1400_539136F,0.029461553822098262,0.3685217896131543,0.05253485634940913,0.1501727332615539
80_0816_1400_539136F,,,,
81_0816_1400_539136F,0.0333386687287462,0.5569608117523396,0.1957970231035969,0.2620321678615609
82_0816_1400_539136F,0.0600606125876574,0.13938870646539733,0.19909036095132215,0.13284656000145897
83_0816_1400_539136F,0.1282607388276883,0.42431488626398944,0.08023334491310143,0.2109363233349264
85_0816_1400_539136F,0.15847595184021834,0.4938405995558388,0.4620150331104404,0.37144386150216585
86_0816_1400_539136F,0.10508723794588855,0.5675200660812869,0.1679972447016632,0.28020151624294626
87_0816_1400_539136F,0.09561746952404065,0.49068892755930565,0.1715413076013499,0.2526159015615654
88_0816_1400_539136F,0.22264389127674034,0.36005552750289,0.26553746456414135,0.2827456277812572
89_0816_1400_539136F,0.08156412458762914,0.2859383222253684,0.021466179657005702,0.12965620882333442
90_0816_1400_539136F,0.3213020225255663,0.36378158492980006,0.16063093029004724,0.28190484591513787
91_0816_1400_539136F,0.31849079543698744,0.6710880047305334,0.2856849940669063,0.4250879314114757
92_0816_1400_539136F,0.29366049175138415,0.46068775639188564,0.10647992195388674,0.28694272336571885
93_0816_1400_539136F,,,,
94_0816_1400_539136F,0.1307873876808294,0.430832464835821,0.4037018543075334,0.3217739022747279
96_0816_1400_539136F,,,,
97_0816_1400_539136F,,,,
98_0816_1400_539136F,0.32431763741114233,0.5674095526762043,0.23151830804125784,0.3744151660428681
99_0816_1400_539136F,0.10289366365742585,0.581118614289004,0.19938746253485404,0.294466580160428
100_0816_1400_539136F,,,,
101_0816_1400_539136F,0.2924701837426689,0.5748951888450661,0.1423357249046803,0.33656703249747183
102_0816_1400_539136F,,,,
103_0816_1400_539136F,0.0875487124012307,0.29141639224780647,0.3783508736249559,0.25243865942466437
104_0816_1400_539136F,0.16748769818550557,0.778534965529227,0.33765624299949254,0.4278929689047417
105_0816_1400_539136F,,,,
106_0816_1400_539136F,0.03841223479926182,0.3051581136074368,0.227413040095277,0.1903277961673252
107_0816_1400_539136F,,,,
108_0816_1400_539136F,,,,
109_0816_1400_539136F,,,,
110_0816_1400_539136F,,,,
111_0816_1400_539136F,,,,
112_0816_1400_539136F,,,,
113_0816_1400_539136F,,,,
114_0816_1400_539136F,0.35649444876548353,0.6520931666459818,0.0904644217629287,0.3663506790581313
115_0816_1400_539136F,0.10719591374419807,0.47725452118652245,0.350484503183887,0.31164497937153585
116_0816_1400_539136F,0.02339614509472432,0.35021358751351966,0.1884137137461462,0.1873411487847967
117_0816_1400_539136F,0.2789658594949223,0.3278627096326973,0.387713660065563,0.33151407639772756
118_0816_1400_539136F,,,,
119_0816_1400_539136F,0.3294263602383238,0.37320742974904714,0.23191072055772924,0.3115148368483667
120_0816_1400_539136F,0.17998403804621932,0.4216586736433898,0.13755636849228112,0.24639969339396342
121_0816_1400_539136F,,,,
122_0816_1400_539136F,0.05246252335457069,0.5835114702084145,0.09955333956156627,0.24517577770818386
123_0816_1400_539136F,0.09120558359113269,0.24627773811931264,0.17256284648027073,0.17001538939690533
124_0816_1400_539136F,0.3380200125011316,0.37240759789950867,0.16631254261610984,0.29224671767225
125_0816_1400_539136F,,,,
126_0816_1400_539136F,0.24516327067427765,0.53735549683248,0.14615128067382047,0.3095566827268594
127_0816_1400_539136F,0.05259020870016471,0.4298640172107113,0.30942238202084055,0.26395886931057216
128_0816_1400_539136F,,,,
129_0816_1400_539136F,,,,
130_0816_1400_539136F,0.10305843425829975,0.5635210456878624,0.19761406607643142,0.2880645153408645
131_0816_1400_539136F,0.12337030366314646,0.23174263625620886,0.11987872450784665,0.15833055480906733
132_0816_1400_539136F,0.18158193167129288,0.502209446649506,0.15628874528105832,0.28002670786728573
0_0816_1400_9M4VCHG,0.6733471361760236,0.619820830073332,0.7425879616006638,0.6785853092833398
1_0816_1400_9M4VCHG,,,,
2_0816_1400_9M4VCHG,0.6697454821497736,0.5592872818563133,0.6429475375396543,0.6239934338485804
3_0816_1400_9M4VCHG,0.38801047991025267,0.16734758563365848,0.22994516667869314,0.26176774407420145
4_0816_1400_9M4VCHG,0.521069573066416,0.37102306097522003,0.32560633323587634,0.40589965575917075
5_0816_1400_9M4VCHG,0.7567757714161099,0.41187680209957006,0.6063913580893466,0.5916813105350088
6_0816_1400_9M4VCHG,0.5081373901112762,0.1981598402759243,0.4747867637079892,0.3936946646983966
7_0816_1400_9M4VCHG,0.3231140456896205,0.35974096433579433,0.27854313315886176,0.32046604772809223
8_0816_1400_9M4VCHG,0.6670231250299343,0.7475923508038008,0.719722685348185,0.7114460537273066
9_0816_1400_9M4VCHG,0.4618915243444239,0.5134398708114015,0.33266056311014,0.43599731942198844
10_0816_1400_9M4VCHG,0.16386306440130272,0.3739930216452057,0.12336747321431858,0.22040785308694236
11_0816_1400_9M4VCHG,0.6228404626444676,0.36757230309801486,0.6371780624407652,0.5425302760610825
12_0816_1400_9M4VCHG,0.6469110183528716,0.548220202331207,0.44357580464595886,0.5462356751100125
13_0816_1400_9M4VCHG,0.6748807453063491,0.4116231070867693,0.7199220016270803,0.6021419513400662
14_0816_1400_9M4VCHG,0.4611534922607596,0.5685955956548935,0.19417971142296986,0.4079762664462076
15_0816_1400_9M4VCHG,0.40733962721071126,0.33242125157720265,0.16743791658735427,0.30239959845842274
16_0816_1400_9M4VCHG,0.4654506598381422,0.05100818632288102,0.4745562773214718,0.33033837449416503
17_0816_1400_9M4VCHG,0.8102006183142872,0.6822659993887906,0.6573870037426018,0.7166178738152266
18_0816_1400_9M4VCHG,0.6301007916306726,0.3325751139680025,0.6599924394681583,0.5408894483556111
19_0816_1400_9M4VCHG,0.490465568276876,0.3528777545304811,0.2927334506417991,0.3786922578163854
20_0816_1400_9M4VCHG,,,,
21_0816_1400_9M4VCHG,0.3780525557900487,0.13164587423968324,0.5391859548352019,0.3496281282883113
23_0816_1400_9M4VCHG,0.3950576099125096,0.4615231751334657,0.32758057887925596,0.39472045464174377
24_0816_1400_9M4VCHG,0.6169080674991679,0.5180817118454891,0.6666409287933075,0.6005435693793215
25_0816_1400_9M4VCHG,0.5043440615783705,0.37189299093691397,0.6047775843086631,0.49367154560798254
26_0816_1400_9M4VCHG,0.6944602222164269,0.6262602035063362,0.6102235456077761,0.6436479904435131
27_0816_1400_9M4VCHG,0.63958425836044,0.4271586065052517,0.6756054694626576,0.5807827781094498
28_0816_1400_9M4VCHG,0.6049925247818262,0.34455082631099554,0.5936778818616018,0.5144070776514745
29_0816_1400_9M4VCHG,0.3537472897240379,0.23777154901987915,0.43377214485894905,0.34176366120095536
30_0816_1400_9M4VCHG,,,,
31_0816_1400_9M4VCHG,0.6213823091820072,0.448188674358883,0.42182064766670346,0.49713054373586457
32_0816_1400_9M4VCHG,,,,
33_0816_1400_9M4VCHG,,,,
35_0816_1400_9M4VCHG,0.4624134981447791,0.5267591573631978,0.4878012561018703,0.4923246372032824
36_0816_1400_9M4VCHG,,,,
37_0816_1400_9M4VCHG,,,,
39_0816_1400_9M4VCHG,0.765758707860143,0.647661822186119,0.6091060154522353,0.6741755151661657
40_0816_1400_9M4VCHG,,,,
41_0816_1400_9M4VCHG,0.3865073930462873,0.1684036783486421,0.1608819514921889,0.23859767429570608
42_0816_1400_9M4VCHG,,,,
43_0816_1400_9M4VCHG,0.6386005167903561,0.4552036812841797,0.5029241237506397,0.5322427739417251
44_0816_1400_9M4VCHG,0.3276526575764518,0.24119278786512025,0.4031528429607718,0.3239994294674479
45_0816_1400_9M4VCHG,,,,
46_0816_1400_9M4VCHG,0.28810006774773717,0.35274165225987897,0.19357369866024698,0.2781384728892877
47_0816_1400_9M4VCHG,,,,
48_0816_1400_9M4VCHG,0.5375008483815941,0.17387817009942977,0.3101216037213741,0.3405002074007993
49_0816_1400_9M4VCHG,,,,
50_0816_1400_9M4VCHG,0.2681282502162949,0.11933772187075746,0.2604985814925702,0.21598818452654087
52_0816_1400_9M4VCHG,,,,
53_0816_1400_9M4VCHG,,,,
54_0816_1400_9M4VCHG,,,,
55_0816_1400_9M4VCHG,0.5264045134861494,0.4882273412993597,0.4873626934767332,0.5006648494207474
57_0816_1400_9M4VCHG,0.6756971023008017,0.46795551458098633,0.581747151243032,0.5751332560416067
58_0816_1400_9M4VCHG,0.19274363757364169,0.34327668318490834,0.20348503939791254,0.24650178671882084
59_0816_1400_9M4VCHG,0.37936167512036123,0.2100118805722985,0.4400238491920064,0.3431324682948887
60_0816_1400_9M4VCHG,0.6863923231570078,0.487183990825755,0.5548630886190556,0.5761464675339395
61_0816_1400_9M4VCHG,0.5797708559957772,0.28543882105455315,0.6239071579385865,0.4963722783296389
62_0816_1400_9M4VCHG,0.5402755948741271,0.34564630921230316,0.3578028708454391,0.4145749249772898
64_0816_1400_9M4VCHG,0.4782581215030351,0.35441588625566983,0.7188181957393681,0.5171640678326911
65_0816_1400_9M4VCHG,0.6069368321957321,0.45995972583258465,0.607349648064909,0.5580820686977419
66_0816_1400_9M4VCHG,0.46135081976109765,0.30409369194470764,0.3815373179230374,0.38232727654294757
67_0816_1400_9M4VCHG,0.5888794048682527,0.5823244586718653,0.5722310882262166,0.5811449839221116
68_0816_1400_9M4VCHG,,,,
69_0816_1400_9M4VCHG,,,,
70_0816_1400_9M4VCHG,0.3886816705569442,0.2668972602584651,0.424626015260076,0.3600683153584951
72_0816_1400_9M4VCHG,0.6469121998292421,0.5478823465220667,0.4617767764043756,0.5521904409185615
73_0816_1400_9M4VCHG,0.7273469595435293,0.6461465081327719,0.6814198667515291,0.6849711114759435
74_0816_1400_9M4VCHG,0.5238765144286825,0.5622587160578881,0.44644373060417464,0.5108596536969151
75_0816_1400_9M4VCHG,0.7340459773234004,0.5743200418634089,0.6140930054922383,0.6408196748930158
76_0816_1400_9M4VCHG,0.5938159518580672,0.5155274352461398,0.6603020005881467,0.5898817958974512
78_0816_1400_9M4VCHG,0.4561543462554747,0.39654895057456724,0.4129980444153884,0.4219004470818101
79_0816_1400_9M4VCHG,0.6963046146436929,0.36880788600120473,0.7662753855164951,0.6104626287204642
80_0816_1400_9M4VCHG,0.451606189651804,0.3783047044935289,0.5228415695498927,0.4509174878984085
81_0816_1400_9M4VCHG,0.5694457683412262,0.28176626210301164,0.6453432401833731,0.4988517568758703
82_0816_1400_9M4VCHG,,,,
83_0816_1400_9M4VCHG,0.4981446013318834,0.4193581699954371,0.23632538255163885,0.38460938462631983
85_0816_1400_9M4VCHG,0.28709472309662004,0.4810216028176179,0.2843992701586962,0.3508385320243114
86_0816_1400_9M4VCHG,0.4184146320714994,0.4217430707569611,0.5542156955734772,0.46479113280064593
87_0816_1400_9M4VCHG,0.45263038277239903,0.5343716120216311,0.45345379241354217,0.48015192906919074
88_0816_1400_9M4VCHG,0.6561302953613323,0.40440607852628907,0.5844181745932153,0.5483181828269456
89_0816_1400_9M4VCHG,0.5102284889459218,0.3588640055439492,0.47623039371643205,0.4484409627354344
90_0816_1400_9M4VCHG,0.7093376589894435,0.41855440483710343,0.5924470156922408,0.5734463598395959
91_0816_1400_9M4VCHG,0.5640331389671378,0.3271659031035315,0.44491701087371593,0.4453720176481284
92_0816_1400_9M4VCHG,0.5947796995183587,0.5191577295115267,0.3938689944693275,0.5026021411664042
93_0816_1400_9M4VCHG,,,,
94_0816_1400_9M4VCHG,0.6558210278585248,0.5890149955649565,0.5648115573629621,0.6032158602621478
95_0816_1400_9M4VCHG,0.5710938028249184,0.3022819316663567,0.6483826913993451,0.5072528086302067
96_0816_1400_9M4VCHG,0.6068996988784248,0.34439817953040414,0.6769102338056588,0.5427360374048292
97_0816_1400_9M4VCHG,0.7138772182670302,0.5106838686452214,0.6403090290920987,0.6216233720014501
98_0816_1400_9M4VCHG,0.34434011199292747,0.3385798798823642,0.4121395287589357,0.36501984021140915
99_0816_1400_9M4VCHG,0.33519596401670504,0.14955073282241807,0.22141903967430301,0.2353885788378087
100_0816_1400_9M4VCHG,,,,
101_0816_1400_9M4VCHG,0.5476654587378803,0.5242454638538697,0.47195426664300416,0.514621729744918
102_0816_1400_9M4VCHG,0.5612512721609424,0.3852532063120522,0.4960771344731372,0.48086053764871056
103_0816_1400_9M4VCHG,0.523144052292487,0.22454543648561187,0.4430249502489227,0.39690481300900715
104_0816_1400_9M4VCHG,0.6900587930316733,0.3897253404246505,0.6037610125720759,0.5611817153427999
105_0816_1400_9M4VCHG,,,,
106_0816_1400_9M4VCHG,,,,
107_0816_1400_9M4VCHG,0.530089788624061,0.5547631328650391,0.42970575738173883,0.5048528929569464
108_0816_1400_9M4VCHG,,,,
109_0816_1400_9M4VCHG,,,,
110_0816_1400_9M4VCHG,0.718039775239174,0.3958018962144949,0.6598666029340613,0.5912360914625768
111_0816_1400_9M4VCHG,0.5530463416153489,0.2431986992170493,0.5008135360313429,0.43235285895458037
112_0816_1400_9M4VCHG,0.6305125023123219,0.12670289428372458,0.45050677325665234,0.40257405661756634
113_0816_1400_9M4VCHG,0.7612156352327576,0.6385257389278972,0.7154799737029561,0.7050737826212036
114_0816_1400_9M4VCHG,0.5636046269861353,0.36128608839538495,0.4511798378744804,0.4586901844186669
115_0816_1400_9M4VCHG,0.5248957078097065,0.3640084709895604,0.4688286390403183,0.45257760594652835
116_0816_1400_9M4VCHG,,,,
117_0816_1400_9M4VCHG,,,,
119_0816_1400_9M4VCHG,,,,
120_0816_1400_9M4VCHG,,,,
121_0816_1400_9M4VCHG,0.9165572570263266,0.752406734924738,0.7773788094255973,0.8154476004588873
122_0816_1400_9M4VCHG,0.47949897337325353,0.23686019050346255,0.5739636184679129,0.43010759411487626
123_0816_1400_9M4VCHG,0.4618835524996216,0.5030179044982717,0.46489256932367756,0.476598008773857
124_0816_1400_9M4VCHG,0.7200692709999986,0.7316960183686739,0.7367958168830396,0.7295203687505708
125_0816_1400_9M4VCHG,,,,
126_0816_1400_9M4VCHG,,,,
127_0816_1400_9M4VCHG,0.8581559083483037,0.43066118441127443,0.7247884433269144,0.6712018453621642
128_0816_1400_9M4VCHG,,,,
129_0816_1400_9M4VCHG,,,,
130_0816_1400_9M4VCHG,0.7121907181805404,0.4174334840755319,0.5302533903159312,0.5532925308573345
131_0816_1400_9M4VCHG,,,,
0_0816_1400_U9TEJGM,0.26998844713080783,0.2985720014768663,0.24561000647943768,0.2713901516957039
1_0816_1400_U9TEJGM,0.4401128726624568,0.25523851332257697,0.13608692345410953,0.2771461031463811
2_0816_1400_U9TEJGM,0.5196338186661313,0.41757039018817893,0.051737576308593713,0.329647261720968
3_0816_1400_U9TEJGM,0.28481324711040457,0.1528323972203095,0.08081977503155058,0.1728218064540882
4_0816_1400_U9TEJGM,0.13125488204786404,0.28225457402746884,0.17439805387816507,0.19596916998449931
5_0816_1400_U9TEJGM,0.20796629696493954,0.5168795088664518,0.07926316474817373,0.2680363235265217
6_0816_1400_U9TEJGM,0.2510076913769052,0.15169970066253488,0.16529839504463173,0.18933526236135725
7_0816_1400_U9TEJGM,0.052986624640592984,0.18595274211871904,0.06635082395109326,0.10176339690346843
8_0816_1400_U9TEJGM,0.23239046835647706,0.2632872764241942,0.09514030617576201,0.19693935031881107
9_0816_1400_U9TEJGM,0.36293811012912514,0.3994057605166204,0.24583207695022677,0.3360586491986574
10_0816_1400_U9TEJGM,0.14677401407903415,0.1912932887918539,0.15865985329759244,0.16557571872282684
11_0816_1400_U9TEJGM,0.061511743827089314,0.24333463341703554,0.18940544281442895,0.1647506066861846
12_0816_1400_U9TEJGM,0.18225548399043268,0.49388066164766764,0.060389288986417565,0.24550847820817265
13_0816_1400_U9TEJGM,0.40365652049872375,0.12608636110622476,0.32656345294621336,0.2854354448503873
14_0816_1400_U9TEJGM,,,,
15_0816_1400_U9TEJGM,0.36903704941192644,0.2566081774607965,0.2101270681818553,0.27859076501819274
16_0816_1400_U9TEJGM,0.08619182279952192,0.5291868132137706,0.31614860435495634,0.31050908012274964
17_0816_1400_U9TEJGM,0.1590529857503471,0.20714803345519536,0.10134131033498284,0.1558474431801751
18_0816_1400_U9TEJGM,0.0950364195609719,0.2485799000074652,0.10910710246165296,0.15090780734336334
19_0816_1400_U9TEJGM,0.13081531401849447,0.2913273226964026,0.17300747041260303,0.1983833690425
20_0816_1400_U9TEJGM,,,,
21_0816_1400_U9TEJGM,0.15588893644388424,0.3335703325834789,0.10849789767048597,0.19931905556594973
22_0816_1400_U9TEJGM,0.153433109665066,0.3883553788561433,0.20113357124284817,0.24764068658801916
23_0816_1400_U9TEJGM,0.06255631839950064,0.22937330928077748,0.12035252513129206,0.1374273842705234
24_0816_1400_U9TEJGM,0.2736305309209294,0.19802304581623578,0.19247945807035052,0.2213776782691719
25_0816_1400_U9TEJGM,0.2837552282325269,0.2503614527597917,0.1259359700814129,0.22001755035791049
26_0816_1400_U9TEJGM,0.34822244703065214,0.2815609750547371,0.14170880223233023,0.2571640747725732
27_0816_1400_U9TEJGM,0.23228976845785296,0.542162971890709,0.14831727650121151,0.30759000561659117
28_0816_1400_U9TEJGM,0.014919510483946024,0.5139036597206893,0.08283608366386051,0.20388641795616527
29_0816_1400_U9TEJGM,,,,
30_0816_1400_U9TEJGM,0.24984585997505113,0.2387431779221815,0.08080989658002354,0.18979964482575207
31_0816_1400_U9TEJGM,,,,
32_0816_1400_U9TEJGM,0.04612556913714557,0.31050263582783266,0.28871448309619047,0.2151142293537229
33_0816_1400_U9TEJGM,0.12162096391110973,0.2577374971525969,0.065021225025907,0.1481265620298712
34_0816_1400_U9TEJGM,0.30545277050665764,0.29389815809070896,0.215557777973028,0.2716362355234649
35_0816_1400_U9TEJGM,0.17392514054537697,0.36443694160334505,0.0988825616939954,0.21241488128090583
36_0816_1400_U9TEJGM,0.13508978738846394,0.31898388389666715,0.23932067338854313,0.23113144822455808
37_0816_1400_U9TEJGM,0.13050647035531038,0.2628843711736787,0.16768616107956347,0.1870256675361842
38_0816_1400_U9TEJGM,0.25298196486534574,0.36778172262902187,0.20038017061170563,0.27371461936869107
39_0816_1400_U9TEJGM,0.2771916169030526,0.4231978599139375,0.15036861096750784,0.2835860292614993
40_0816_1400_U9TEJGM,0.2566454688373341,0.5986993047201331,0.16132608520878114,0.3388902862554161
41_0816_1400_U9TEJGM,0.04936474974344882,0.2244091997728436,0.22153581612501214,0.1651032552137682
42_0816_1400_U9TEJGM,0.5054997572734015,0.23681260262625595,0.266112959507343,0.3361417731356668
43_0816_1400_U9TEJGM,0.05449854586105829,0.22726528984447458,0.19046881100566523,0.15741088223706604
45_0816_1400_U9TEJGM,0.15600899081488642,0.6034690526019729,0.10434019318136419,0.28793941219940783
46_0816_1400_U9TEJGM,0.2007771369650155,0.1275009365897445,0.10274217488152876,0.14367341614542958
47_0816_1400_U9TEJGM,,,,
48_0816_1400_U9TEJGM,,,,
49_0816_1400_U9TEJGM,0.051208832967426864,0.44887727483580897,0.06525044503464493,0.18844551761262693
50_0816_1400_U9TEJGM,0.11732797827946434,0.3044414554052951,0.07529267855091892,0.16568737074522613
51_0816_1400_U9TEJGM,,,,
52_0816_1400_U9TEJGM,0.10548168943524001,0.5356529206216268,0.08429730782300299,0.24181063929328994
53_0816_1400_U9TEJGM,,,,
54_0816_1400_U9TEJGM,0.2751338850499599,0.27080857054191854,0.3761486812723917,0.30736371228809006
55_0816_1400_U9TEJGM,0.1837067805932923,0.39095220665837505,0.11553144197028357,0.23006347640731695
56_0816_1400_U9TEJGM,0.29604288686027624,0.17357303061918813,0.11385803287233852,0.1944913167839343
57_0816_1400_U9TEJGM,,,,
58_0816_1400_U9TEJGM,,,,
59_0816_1400_U9TEJGM,,,,
60_0816_1400_U9TEJGM,0.060666025346505094,0.3183208724920918,0.1298047945151178,0.16959723078457156
61_0816_1400_U9TEJGM,0.04779232225281485,0.4190660691271919,0.22369546745250787,0.23018461961083822
62_0816_1400_U9TEJGM,,,,
63_0816_1400_U9TEJGM,0.04751439828783669,0.37123733301691714,0.11065183224800008,0.17646785451758465
64_0816_1400_U9TEJGM,0.34024644777696395,0.1859261696829068,0.07760041030450972,0.20125767592146016
65_0816_1400_U9TEJGM,,,,
66_0816_1400_U9TEJGM,0.2118794021689089,0.3804847969228243,0.4199225966533164,0.33742893191501655
67_0816_1400_U9TEJGM,0.12123780930107235,0.3643308477480254,0.23843187780265285,0.24133351161725022
68_0816_1400_U9TEJGM,0.046095986488698774,0.06615411423206448,0.1655812889675626,0.09261046322944196
69_0816_1400_U9TEJGM,,,,
70_0816_1400_U9TEJGM,0.1153773311645342,0.3072480305996508,0.25180474368394784,0.22481003514937759
71_0816_1400_U9TEJGM,0.06664280764360711,0.5672144297469813,0.10237285477720809,0.24541003072259882
72_0816_1400_U9TEJGM,0.09959245832036819,0.5106989619911849,0.08345589533234458,0.23124910521463257
73_0816_1400_U9TEJGM,,,,
74_0816_1400_U9TEJGM,0.3164791401368663,0.49155154651817745,0.5208452000658422,0.442958628906962
75_0816_1400_U9TEJGM,0.19728879613233496,0.6630765903054989,0.6803309337006519,0.5135654400461619
76_0816_1400_U9TEJGM,0.20389964640128344,0.39391703099234565,0.17449958339374771,0.25743875359579227
77_0816_1400_U9TEJGM,0.7855168022060462,0.756304656856813,0.8659207797461527,0.8025807462696707
78_0816_1400_U9TEJGM,0.056022517924070425,0.2694495446568599,0.08127464548287759,0.13558223602126931
79_0816_1400_U9TEJGM,0.3839133795948968,0.24532191195318967,0.15012841926171036,0.2597879036032656
80_0816_1400_U9TEJGM,0.23863639887853405,0.39239954010869466,0.18650330464424447,0.27251308121049106
81_0816_1400_U9TEJGM,0.08833247900050274,0.3047794933275895,0.29066648017578817,0.22792615083462678
82_0816_1400_U9TEJGM,,,,
83_0816_1400_U9TEJGM,0.16330033856553725,0.13123697912369792,0.12380800741258986,0.13944844170060836
84_0816_1400_U9TEJGM,0.35880973310462916,0.3983724020914418,0.19594199699026635,0.31770804406211245
86_0816_1400_U9TEJGM,0.1597275624702047,0.4439234227971561,0.23767558783207487,0.2804421910331452
87_0816_1400_U9TEJGM,,,,
88_0816_1400_U9TEJGM,0.2390706751564776,0.12426827719344263,0.14793206308809834,0.17042367181267284
89_0816_1400_U9TEJGM,0.21195230938885848,0.45019427253369537,0.19300072325761652,0.28504910172672343
90_0816_1400_U9TEJGM,,,,
91_0816_1400_U9TEJGM,,,,
92_0816_1400_U9TEJGM,0.09712858961877276,0.4335030207910601,0.2852727911712641,0.27196813386036567
94_0816_1400_U9TEJGM,,,,
95_0816_1400_U9TEJGM,0.14331906407129907,0.2651180474169326,0.04324386315887727,0.15056032488236967
96_0816_1400_U9TEJGM,0.150983797923708,0.5019337792631925,0.06083963559070806,0.2379190709258695
97_0816_1400_U9TEJGM,0.16052860243714856,0.3253277656780582,0.1350143555916948,0.2069569079023005
98_0816_1400_U9TEJGM,0.12485405818181815,0.4500757742033478,0.09986656199755213,0.22493213146090604
99_0816_1400_U9TEJGM,0.16699588877607682,0.6571262095701526,0.3295590273916085,0.38456037524594594
101_0816_1400_U9TEJGM,0.14428096970210616,0.17341504196460053,0.15839495803227419,0.1586969898996603
102_0816_1400_U9TEJGM,0.19328387218891488,0.4875689969046355,0.19152313488713224,0.2907920013268942
103_0816_1400_U9TEJGM,0.17667587677701488,0.2571407592860979,0.1725590095369661,0.20212521520002633
104_0816_1400_U9TEJGM,,,,
105_0816_1400_U9TEJGM,0.5108269839801003,0.1115635810833321,0.32755367381276057,0.31664807962539765
106_0816_1400_U9TEJGM,0.10602355411204012,0.31344836046950725,0.13323894279214646,0.18423695245789795
107_0816_1400_U9TEJGM,0.0683703267736393,0.3638010617657786,0.15664024470210897,0.19627054441384229
108_0816_1400_U9TEJGM,0.5878197630210727,0.46486268674885295,0.10633895582702152,0.38634046853231574
109_0816_1400_U9TEJGM,0.4130367069460656,0.06769224381711998,0.08744683671401711,0.18939192915906755
110_0816_1400_U9TEJGM,0.05295150478448896,0.2953020233099572,0.1102037733752982,0.1528191004899148
111_0816_1400_U9TEJGM,0.3320984222406294,0.513506354139683,0.47608284219705627,0.44056253952578955
112_0816_1400_U9TEJGM,0.10015861620114902,0.28262399965989216,0.13274616186638763,0.17184292590914294
113_0816_1400_U9TEJGM,,,,
114_0816_1400_U9TEJGM,0.10397110689427898,0.39859240750855557,0.3297176772978987,0.2774270639002444
115_0816_1400_U9TEJGM,,,,
116_0816_1400_U9TEJGM,0.11023108741339584,0.33699424905726816,0.17314638691580675,0.2067905744621569
117_0816_1400_U9TEJGM,0.10785817633486743,0.5358487026644346,0.23413138206925752,0.29261275368951983
118_0816_1400_U9TEJGM,,,,
119_0816_1400_U9TEJGM,0.19348019430934438,0.47082874799620883,0.18270606095928552,0.28233833442161294
120_0816_1400_U9TEJGM,0.3458871760809401,0.17709221223875996,0.2436994271997999,0.2555596051731666
121_0816_1400_U9TEJGM,0.22667498560124036,0.1879428765900041,0.1987747204282437,0.20446419420649606
122_0816_1400_U9TEJGM,0.15905712957953166,0.48886469929002924,0.12761427213610171,0.25851203366855424
123_0816_1400_U9TEJGM,0.18357222044151708,0.4626933653536242,0.19187188783794143,0.27937915787769424
124_0816_1400_U9TEJGM,0.15757857687737822,0.2959724781029853,0.3447423291808385,0.2660977947204007
125_0816_1400_U9TEJGM,0.14965318867330946,0.2609780843521771,0.188846594441878,0.19982595582245488
126_0816_1400_U9TEJGM,0.44953955293898057,0.6854369278728786,0.1415463453992815,0.4255076087370469
127_0816_1400_U9TEJGM,0.09235948335696398,0.5087733332814305,0.25377768116875743,0.2849701659357173
128_0816_1400_U9TEJGM,,,,
129_0816_1400_U9TEJGM,0.22275938148326582,0.45530594262552077,0.13621799460005113,0.2714277729029459
130_0816_1400_U9TEJGM,0.09232603945258554,0.23988481466844766,0.3428672210630503,0.22502602506136116
131_0816_1400_U9TEJGM,0.19253479008966798,0.36019608855155744,0.24202284251940118,0.2649179070535422
132_0816_1400_U9TEJGM,0.10500493936947858,0.16244364397625027,0.10667475831851525,0.12470778055474803
133_0816_1400_U9TEJGM,,,,
134_0816_1400_U9TEJGM,0.18752903755588,0.26456042910271926,0.054362217872017234,0.16881722817687217
135_0816_1400_U9TEJGM,0.097697752483442,0.47241500666453917,0.12301384897410285,0.23104220270736134
136_0816_1400_U9TEJGM,,,,
3_0817_1000_539136F,0.7801666831200292,0.0976598853660005,0.27805951244405913,0.3852953603100296
4_0817_1000_539136F,0.14517883323330097,0.23307152781200635,0.046065611177534375,0.14143865740761388
5_0817_1000_539136F,0.3027369454804781,0.2201138284239396,0.13400027574175952,0.21895034988205908
6_0817_1000_539136F,0.2817261088054121,0.25296849563505985,0.16836941125986435,0.23435467190011208
7_0817_1000_539136F,0.3273696204032724,0.13550838297443293,0.1491717474496589,0.20401658360912142
8_0817_1000_539136F,0.0812729089421901,0.13899325365365803,0.1618587717731397,0.12737497812299595
9_0817_1000_539136F,0.1855642053035904,0.1733003233280964,0.12290423654070502,0.1605895883907973
10_0817_1000_539136F,0.24466847045535858,0.05572551638805832,0.3303867590941006,0.21026024864583914
11_0817_1000_539136F,0.29186029516481365,0.6154134817469519,0.25058486507079686,0.38595288066085415
12_0817_1000_539136F,0.07246367184321881,0.41973706348592327,0.25905510461173575,0.25041861331362597
13_0817_1000_539136F,0.1583101112955349,0.12091243448411725,0.1350884145292691,0.13810365343630707
14_0817_1000_539136F,0.27689642431771994,0.2831570957401575,0.07851692286001027,0.2128568143059626
15_0817_1000_539136F,0.1064264975414942,0.3066964875429675,0.29127607146070916,0.23479968551505695
16_0817_1000_539136F,0.4419047572276947,0.2941523304121939,0.07994944154527218,0.2720021763950536
17_0817_1000_539136F,,,,
18_0817_1000_539136F,0.15503413822121775,0.18955199284510604,0.20384123627608405,0.18280912244746927
19_0817_1000_539136F,0.15458685216165893,0.05082578472448098,0.11260115151187126,0.1060045961326704
20_0817_1000_539136F,0.17506020038585965,0.24127037828186462,0.099111111723588,0.1718138967971041
21_0817_1000_539136F,0.3007040673623304,0.13428758350717382,0.18754007187751698,0.20751057424900707
22_0817_1000_539136F,0.28550317946655795,0.3213723407643098,0.21568671755088975,0.27418741259391916
23_0817_1000_539136F,0.1265904223314782,0.06810712403170072,0.0459660944990976,0.08022121362075883
24_0817_1000_539136F,,,,
25_0817_1000_539136F,0.10198935265689842,0.16179567154982222,0.04104900479667636,0.10161134300113232
26_0817_1000_539136F,0.03907797824853418,0.14668476914579495,0.14126577135875606,0.1090095062510284
27_0817_1000_539136F,,,,
28_0817_1000_539136F,0.08981081829100562,0.12832407843094457,0.3389924139686848,0.18570910356354497
29_0817_1000_539136F,0.12011669841142841,0.23617441484275956,0.1710198094659312,0.17577030757337306
30_0817_1000_539136F,0.02648663900313139,0.2349893708977322,0.2084212716399871,0.15663242718028358
31_0817_1000_539136F,,,,
32_0817_1000_539136F,0.08289730578412503,0.29617548583260755,0.14081200733233554,0.1732949329830227
33_0817_1000_539136F,0.07158834055505742,0.15493627527057177,0.12877630853966637,0.11843364145509853
34_0817_1000_539136F,0.1560307904005727,0.1171977930949875,0.10182684107379808,0.12501847485645276
35_0817_1000_539136F,,,,
36_0817_1000_539136F,0.07683486098874821,0.3147736045229666,0.08233443374174391,0.15798096641781958
37_0817_1000_539136F,0.07484456488466901,0.21670774353927688,0.10211260855220043,0.13122163899204878
38_0817_1000_539136F,,,,
39_0817_1000_539136F,0.13327105156194127,0.2702841115312983,0.15341335247107668,0.1856561718547721
40_0817_1000_539136F,0.31789221907856685,0.3663219025585314,0.11927223687970397,0.2678287861722674
41_0817_1000_539136F,,,,
42_0817_1000_539136F,0.040834155248968794,0.2537004141205504,0.09305070124404265,0.1291950902045206
43_0817_1000_539136F,0.17752739945198404,0.27844353735520583,0.4890596457215515,0.3150101941762471
44_0817_1000_539136F,,,,
45_0817_1000_539136F,,,,
46_0817_1000_539136F,,,,
47_0817_1000_539136F,0.46574918516520053,0.22698710737378378,0.11732906523514568,0.27002178592471
48_0817_1000_539136F,0.18997119582023658,0.24372754140780176,0.18813019403991071,0.20727631042264968
49_0817_1000_539136F,0.46031633922364873,0.15650896879021528,0.23174412778809572,0.28285647860065327
50_0817_1000_539136F,,,,
51_0817_1000_539136F,0.18481532917294388,0.33908195860180695,0.2896901733713277,0.27119582038202616
52_0817_1000_539136F,,,,
53_0817_1000_539136F,0.12466964977945527,0.1931032524693318,0.13498766560671135,0.15092018928516615
54_0817_1000_539136F,0.10570349466341801,0.2573977839801767,0.3951472753171137,0.2527495179869028
55_0817_1000_539136F,0.13545194786979164,0.30668910700263036,0.08025148679954923,0.17413084722399041
56_0817_1000_539136F,0.21065348325793445,0.19962368285093823,0.09229559321144437,0.16752425310677235
57_0817_1000_539136F,0.4039080548972585,0.3690833661713621,0.29788862548377343,0.35696001551746465
58_0817_1000_539136F,0.08400609253399387,0.29627326068451587,0.12253416781828469,0.16760450701226481
59_0817_1000_539136F,0.07933095892728433,0.3587386159904664,0.20235931171717067,0.2134762955449738
60_0817_1000_539136F,0.1070934814636902,0.12343359331517999,0.10298649651386137,0.11117119043091052
61_0817_1000_539136F,0.09322916151905397,0.2693499066482427,0.15578119457919756,0.17278675424883141
62_0817_1000_539136F,0.05752044464139591,0.27558902564441373,0.10260476252897865,0.14523807760492943
63_0817_1000_539136F,0.06153133995970331,0.3762611667066757,0.019983387329226304,0.15259196466520178
64_0817_1000_539136F,0.09817532728844404,0.16402191974679994,0.24729587324396007,0.16983104009306804
65_0817_1000_539136F,0.47062774918734607,0.19400001985991921,0.033707429988237406,0.2327783996785009
66_0817_1000_539136F,0.09476580655442929,0.1237299616201815,0.14896095035303242,0.12248557284254774
67_0817_1000_539136F,0.085198547451327,0.35769098735578836,0.010791503992826587,0.15122701293331398
68_0817_1000_539136F,0.09420561623561215,0.33110209759135883,0.14228085965030368,0.18919619115909156
69_0817_1000_539136F,0.049951814780980784,0.3818001317418607,0.17232534617677933,0.20135909756654027
70_0817_1000_539136F,0.0748929335729054,0.14002300434275797,0.05022840450089633,0.08838144747218657
71_0817_1000_539136F,0.07293785683097896,0.22467508964674318,0.09635288338609017,0.13132194328793742
72_0817_1000_539136F,0.17693936801935983,0.11763056796513172,0.12074415341983193,0.13843802980144115
73_0817_1000_539136F,0.11037530349038538,0.43120346418816585,0.08123120998302252,0.2076033258871913
74_0817_1000_539136F,0.26052655668799746,0.560015616407447,0.20010973026348464,0.34021730111964305
75_0817_1000_539136F,0.20522734639877285,0.22406784484743472,0.1173756499498626,0.18222361373202337
76_0817_1000_539136F,0.23164934560217185,0.3449920712736296,0.08996685421849208,0.22220275703143114
77_0817_1000_539136F,0.09109756034149806,0.07873366222133715,0.06722561778417611,0.07901894678233712
78_0817_1000_539136F,0.2823300355829902,0.1889440320741053,0.2825111208180949,0.2512617294917301
79_0817_1000_539136F,0.18454818179790253,0.2596676199171349,0.19678998480283605,0.21366859550595782
80_0817_1000_539136F,0.22399723291500254,0.12554931102474,0.14267459133677488,0.16407371175883914
81_0817_1000_539136F,0.045180329501320775,0.20416584103936894,0.2121923963295621,0.15384618895675062
82_0817_1000_539136F,,,,
83_0817_1000_539136F,0.23700695084248413,0.28038962236062065,0.18301557663964915,0.2334707166142513
84_0817_1000_539136F,0.1131578231796409,0.25463861259416776,0.14950967218690628,0.1724353693202383
85_0817_1000_539136F,0.023203230458023066,0.07497201438490349,0.13356785300090146,0.077247699281276
86_0817_1000_539136F,0.28851525785578735,0.1823237059120062,0.0794409303133888,0.18342663136039414
87_0817_1000_539136F,0.11769854977549754,0.25808304768154283,0.16946539964159038,0.18174899903287692
88_0817_1000_539136F,0.03979067757061758,0.39268629828037177,0.14154646607972576,0.19134114731023835
89_0817_1000_539136F,0.09666976486936923,0.08553501956283878,0.1538700806180556,0.11202495501675454
90_0817_1000_539136F,0.2892295271492668,0.24660267820800064,0.355263010934203,0.2970317387638235
92_0817_1000_539136F,0.15396674742531602,0.2975267350231579,0.07449049785463759,0.17532799343437053
93_0817_1000_539136F,0.22577999492997788,0.3600353023284706,0.34833134131820315,0.3113822128588839
94_0817_1000_539136F,,,,
95_0817_1000_539136F,0.1839525861301529,0.3614220136023778,0.12377142909021455,0.2230486762742484
96_0817_1000_539136F,0.081573245007559,0.09009016475859512,0.049496645278459976,0.0737200183482047
97_0817_1000_539136F,0.28544305684546695,0.1398656218018995,0.2414799278956734,0.22226286884767996
98_0817_1000_539136F,0.23259370600287355,0.5195724782446592,0.13791717810485707,0.29669445411746326
99_0817_1000_539136F,,,,
100_0817_1000_539136F,,,,
101_0817_1000_539136F,,,,
102_0817_1000_539136F,0.1261177325702205,0.13980796514150337,0.354603185620076,0.20684296111059997
103_0817_1000_539136F,0.1728237006241664,0.16556005682782102,0.10644159270110026,0.14827511671769592
104_0817_1000_539136F,0.22276421273013045,0.15672594808717513,0.4126542042204852,0.2640481216792636
105_0817_1000_539136F,,,,
106_0817_1000_539136F,,,,
107_0817_1000_539136F,0.08945955763980583,0.26568669016834107,0.045466079167082556,0.1335374423250765
108_0817_1000_539136F,0.3897869165826606,0.24318270497345373,0.20801167202931295,0.2803270978618091
109_0817_1000_539136F,,,,
110_0817_1000_539136F,0.06287272505636922,0.13837757143171303,0.3017521035093761,0.16766746666581944
111_0817_1000_539136F,,,,
112_0817_1000_539136F,,,,
113_0817_1000_539136F,,,,
114_0817_1000_539136F,0.07199421033320022,0.23637738355441942,0.10512844462299498,0.13783334617020487
115_0817_1000_539136F,0.3984876492714495,0.15062991612161983,0.19244702788027804,0.24718819775778245
116_0817_1000_539136F,0.07210077204520558,0.39900178508140877,0.0884607573671692,0.1865211048312612
117_0817_1000_539136F,0.08542092011722269,0.3070751654231683,0.29559281490488193,0.22936296681509097
118_0817_1000_539136F,0.07239279526612295,0.4375955260032356,0.3884066729120748,0.29946499806047777
119_0817_1000_539136F,0.24183889941005718,0.15382037722778827,0.3692185239120706,0.254959266849972
120_0817_1000_539136F,0.2158709789460688,0.27324240919420006,0.2053465824002135,0.23148665684682745
121_0817_1000_539136F,0.17228543042406863,0.6663603759705691,0.11103736250214913,0.31656105629892894
122_0817_1000_539136F,0.04391025601816745,0.29418923847892314,0.10551995771506499,0.1478731507373852
123_0817_1000_539136F,0.16289489621279638,0.4074561433620349,0.09544330669563413,0.2219314487568218
124_0817_1000_539136F,0.07481673069874274,0.3280666602827262,0.14393288491025188,0.18227209196390692
125_0817_1000_539136F,0.16018162861974886,0.4972310305577257,0.2762248359597228,0.3112124983790658
127_0817_1000_539136F,0.12311838203294788,0.10940249375526513,0.0763311060080944,0.10295066059876913
128_0817_1000_539136F,0.03910782167281527,0.19608679430560316,0.08879985297158742,0.1079981563166686
129_0817_1000_539136F,0.19057895861560592,0.2039503030220421,0.20486229834188618,0.19979718665984472
130_0817_1000_539136F,0.07302638881985717,0.20555551812294712,0.25696366071990157,0.17851518922090195
131_0817_1000_539136F,0.25533727062750766,0.2460201293130956,0.2194370083794244,0.24026480277334253
132_0817_1000_539136F,0.09969599123521052,0.1624873439488823,0.051724525723781174,0.104635953635958
133_0817_1000_539136F,0.5410834776407166,0.5127374005472168,0.16388904848508315,0.40590330889100557
134_0817_1000_539136F,0.24291797167198292,0.29541669385600017,0.17578005024690965,0.2380382385916309
0_0817_1000_9M4VCHG,0.33554454432399644,0.6738733119737318,0.429986965840588,0.4798016073794387
2_0817_1000_9M4VCHG,0.2730675705643169,0.8955851019966606,0.7242475448313644,0.6309667391307806
3_0817_1000_9M4VCHG,0.08068037035316065,0.7850823067535159,0.6393733887626795,0.501712021956452
4_0817_1000_9M4VCHG,0.18857520838355504,0.8079795901629224,0.7078729727779348,0.5681425904414708
5_0817_1000_9M4VCHG,0.09098920143479365,0.7842190339981056,0.7929899599153661,0.5560660651160885
6_0817_1000_9M4VCHG,0.19432577625281042,0.5309128926810502,0.7053627278513543,0.4768671322617384
7_0817_1000_9M4VCHG,0.16684406624868428,0.7459114446484835,0.8096565338618347,0.5741373482530009
8_0817_1000_9M4VCHG,0.08311511517368124,0.8347917596264813,0.6186859699388318,0.5121976149129982
9_0817_1000_9M4VCHG,,,,
10_0817_1000_9M4VCHG,0.29573570796921494,0.677697853325509,0.8387091212879315,0.6040475608608852
11_0817_1000_9M4VCHG,0.186437966964631,0.5113695214730802,0.6504358517003723,0.44941444671269454
12_0817_1000_9M4VCHG,0.1636019645806582,0.8700348930932321,0.7582581141077971,0.5972983239272291
13_0817_1000_9M4VCHG,,,,
14_0817_1000_9M4VCHG,0.18199852289925375,0.7818801598636321,0.7556395610143251,0.573172747925737
15_0817_1000_9M4VCHG,0.138976815383816,0.6806212337022891,0.6573850038856192,0.4923276843239081
16_0817_1000_9M4VCHG,0.46829314731302407,0.9097246529983213,0.4616973539844813,0.6132383847652756
17_0817_1000_9M4VCHG,,,,
18_0817_1000_9M4VCHG,0.1541472125489316,0.7255646308217046,0.7093191479735393,0.5296769971147252
19_0817_1000_9M4VCHG,0.23756645190833767,0.8417646834712661,0.7482039111223511,0.6091783488339849
20_0817_1000_9M4VCHG,0.0625536885655197,0.71109534073327,0.8740325880973262,0.5492272057987053
21_0817_1000_9M4VCHG,0.06101616759818621,0.5775095547626724,0.5823833789810804,0.406969700447313
22_0817_1000_9M4VCHG,0.10948145439571422,0.902323745575103,0.5912797586305564,0.5343616528671244
23_0817_1000_9M4VCHG,,,,
24_0817_1000_9M4VCHG,0.2367626428670372,0.872398310544567,0.8670191366077781,0.6587266966731273
25_0817_1000_9M4VCHG,0.06216208475293328,0.6264712608584533,0.6507841795137128,0.44647250837503316
26_0817_1000_9M4VCHG,,,,
27_0817_1000_9M4VCHG,0.19816078154234093,0.7804719109748004,0.5565980535293322,0.5117435820154912
28_0817_1000_9M4VCHG,0.21546455468252534,0.625285131219728,0.5184610368038686,0.4530702409020406
29_0817_1000_9M4VCHG,0.19851109334922948,0.8224747400490232,0.8156332888829004,0.6122063740937177
30_0817_1000_9M4VCHG,,,,
31_0817_1000_9M4VCHG,0.4424035175775973,0.8122125748065292,0.6735348927693311,0.6427169950511525
32_0817_1000_9M4VCHG,0.5303492254782296,0.9608947314843689,0.9096804605362467,0.8003081391662817
33_0817_1000_9M4VCHG,0.12856399165720891,0.7705246023168743,0.5327375029952555,0.4772753656564462
34_0817_1000_9M4VCHG,,,,
35_0817_1000_9M4VCHG,0.49320806935511846,0.6570154958168625,0.576030557520162,0.575418040897381
36_0817_1000_9M4VCHG,0.19144143767881328,0.9127389039633785,0.8226309098692149,0.6422704171704688
37_0817_1000_9M4VCHG,,,,
38_0817_1000_9M4VCHG,0.44885076160901355,0.8652310089029579,0.8382998621983409,0.7174605442367707
39_0817_1000_9M4VCHG,,,,
40_0817_1000_9M4VCHG,,,,
41_0817_1000_9M4VCHG,0.27258103171337655,0.7884703645912069,0.5547837147155069,0.5386117036733634
42_0817_1000_9M4VCHG,,,,
43_0817_1000_9M4VCHG,,,,
44_0817_1000_9M4VCHG,0.2653956075536809,0.8788789920438423,0.6899321874851853,0.6114022623609028
45_0817_1000_9M4VCHG,0.1602641367771679,0.8034913730825687,0.8710789447988097,0.6116114848861821
46_0817_1000_9M4VCHG,,,,
47_0817_1000_9M4VCHG,,,,
48_0817_1000_9M4VCHG,0.14353870212194733,0.8535702525115593,0.8861520943445184,0.627753682992675
49_0817_1000_9M4VCHG,0.020534384323557083,0.4094302071574519,0.5392732020696956,0.32307926451690155
50_0817_1000_9M4VCHG,0.06820502502299006,0.8774646714679374,0.6314948050990169,0.5257215005299815
51_0817_1000_9M4VCHG,,,,
52_0817_1000_9M4VCHG,0.08112898690176588,0.8215375429070134,0.6279925940497959,0.5102197079528584
53_0817_1000_9M4VCHG,0.39762062584031277,0.7693468439475861,0.4162337493612815,0.5277337397163935
54_0817_1000_9M4VCHG,,,,
55_0817_1000_9M4VCHG,0.09845786787002331,0.789422663881307,0.6512226150689145,0.5130343822734149
56_0817_1000_9M4VCHG,0.2825762917083451,0.742081418632706,0.687298005602481,0.5706519053145107
57_0817_1000_9M4VCHG,0.07067168402868768,0.8003117734038284,0.7170861033777697,0.5293565202700953
58_0817_1000_9M4VCHG,0.22460855058350856,0.9637185026153564,0.821269395050496,0.669865482749787
59_0817_1000_9M4VCHG,0.1806424708380362,0.7884995451627287,0.7308895240817176,0.5666771800274941
60_0817_1000_9M4VCHG,0.23310416544337162,0.8253781098119969,0.6855732455931051,0.5813518402828245
61_0817_1000_9M4VCHG,,,,
62_0817_1000_9M4VCHG,,,,
63_0817_1000_9M4VCHG,,,,
64_0817_1000_9M4VCHG,0.13882128318553733,0.8639703594700063,0.7386504398511927,0.5804806941689121
65_0817_1000_9M4VCHG,0.038848506551877306,0.7811172898013798,0.6534354721012586,0.4911337561515053
66_0817_1000_9M4VCHG,0.1200433431583106,0.7740551418067166,0.74129961446403,0.5451326998096858
67_0817_1000_9M4VCHG,0.2127772912230996,0.8915694108636973,0.83017897691465,0.6448418930004823
68_0817_1000_9M4VCHG,,,,
69_0817_1000_9M4VCHG,0.08423288828037383,0.8185742875660709,0.7787191502287815,0.5605087753584087
70_0817_1000_9M4VCHG,0.20430843560994247,0.8215097743839154,0.7918143644996339,0.6058775248311639
71_0817_1000_9M4VCHG,0.23781429163122048,0.8104893671702785,0.8334158491131333,0.627239835971544
72_0817_1000_9M4VCHG,0.31779375726968345,0.842333379429121,0.8474559773236864,0.6691943713408303
73_0817_1000_9M4VCHG,,,,
74_0817_1000_9M4VCHG,0.17661649029245433,0.859216527058908,0.860274612931835,0.6320358767610658
75_0817_1000_9M4VCHG,,,,
76_0817_1000_9M4VCHG,0.1351961234894233,0.7330137914136797,0.5579417048963004,0.47538387326646775
77_0817_1000_9M4VCHG,0.21687787822097723,0.6906178406926456,0.647880462690048,0.5184587272012237
78_0817_1000_9M4VCHG,0.06653346999239097,0.6495288114695345,0.6335657654004164,0.4498760156207806
79_0817_1000_9M4VCHG,,,,
80_0817_1000_9M4VCHG,0.23260387946048353,0.6576523979872132,0.6202538112656755,0.5035033629044574
81_0817_1000_9M4VCHG,0.16892952922811366,0.6086971988116711,0.6571525673110079,0.47825976511693086
82_0817_1000_9M4VCHG,0.2984703404885127,0.8446400008371532,0.5976258526525499,0.5802453979927386
83_0817_1000_9M4VCHG,0.10352443656264004,0.694558091586697,0.5806136969529878,0.45956540836744164
84_0817_1000_9M4VCHG,0.22247610747966476,0.6129463839117494,0.659948706484769,0.4984570659587277
85_0817_1000_9M4VCHG,0.19253340913525951,0.5664383511100323,0.537713598741425,0.4322284529955723
86_0817_1000_9M4VCHG,,,,
87_0817_1000_9M4VCHG,0.09519326055527892,0.5810350344936923,0.7548247733638731,0.4770176894709481
88_0817_1000_9M4VCHG,,,,
89_0817_1000_9M4VCHG,,,,
90_0817_1000_9M4VCHG,0.17966207876471132,0.6784371626595953,0.6636771890546104,0.507258810159639
91_0817_1000_9M4VCHG,0.39296299892040204,0.7945566856558418,0.6193478228278891,0.602289169134711
92_0817_1000_9M4VCHG,,,,
93_0817_1000_9M4VCHG,0.09728368056002386,0.7421269642954805,0.19174358953964912,0.3437180781317179
94_0817_1000_9M4VCHG,0.21674637430148966,0.813463977524075,0.617767481946285,0.5493259445906165
95_0817_1000_9M4VCHG,,,,
96_0817_1000_9M4VCHG,,,,
97_0817_1000_9M4VCHG,,,,
98_0817_1000_9M4VCHG,,,,
99_0817_1000_9M4VCHG,,,,
100_0817_1000_9M4VCHG,0.3527292494602343,0.6591383298112937,0.7087569546376611,0.5735415113030631
101_0817_1000_9M4VCHG,,,,
104_0817_1000_9M4VCHG,0.10713657511297543,0.8405152860732538,0.7933150733676465,0.5803223115179587
105_0817_1000_9M4VCHG,0.019456707865847373,0.7856825570526452,0.7483126813332208,0.5178173154172377
106_0817_1000_9M4VCHG,,,,
107_0817_1000_9M4VCHG,,,,
108_0817_1000_9M4VCHG,0.23227328658135896,0.7603069894286972,0.7770377514478976,0.5898726758193179
109_0817_1000_9M4VCHG,0.09388200553265978,0.721722600998831,0.5628776526766103,0.4594940864027004
110_0817_1000_9M4VCHG,,,,
111_0817_1000_9M4VCHG,0.4075162860027666,0.8570578532146337,0.7144363841012736,0.659670174439558
112_0817_1000_9M4VCHG,0.24245598542611613,0.7384946696493141,0.3867874208095201,0.45591269196165013
113_0817_1000_9M4VCHG,,,,
114_0817_1000_9M4VCHG,0.15155265286716757,0.47393808823906536,0.8668447391136374,0.4974451600732901
115_0817_1000_9M4VCHG,,,,
116_0817_1000_9M4VCHG,,,,
117_0817_1000_9M4VCHG,,,,
119_0817_1000_9M4VCHG,,,,
120_0817_1000_9M4VCHG,0.24178671026485923,0.7077393878174375,0.7967813246736003,0.5821024742519657
121_0817_1000_9M4VCHG,0.08320068209239566,0.6101343313933453,0.712563106114335,0.46863270653335865
122_0817_1000_9M4VCHG,,,,
123_0817_1000_9M4VCHG,0.12764576264981525,0.5626506576170351,0.7122613010158186,0.4675192404275563
124_0817_1000_9M4VCHG,0.1479863923619277,0.7741814760203707,0.5961166301063104,0.5060948328295363
125_0817_1000_9M4VCHG,,,,
126_0817_1000_9M4VCHG,,,,
127_0817_1000_9M4VCHG,0.1226568811988832,0.7230050885502614,0.7900557921986545,0.5452392539825998
128_0817_1000_9M4VCHG,,,,
129_0817_1000_9M4VCHG,0.24582105846975522,0.5759352221708335,0.5308987020430582,0.4508849942278823
130_0817_1000_9M4VCHG,0.014755213795196247,0.5971528131181313,0.8043766921039627,0.47209490633909673
131_0817_1000_9M4VCHG,,,,
132_0817_1000_9M4VCHG,0.07000749723049171,0.6975855525103634,0.7158432048931624,0.4944787515446725
1_0817_1000_U9TEJGM,0.24443047804110848,0.12768873230677666,0.02336880971076166,0.13182934001954894
2_0817_1000_U9TEJGM,0.15954754894431764,0.19005388518466634,0.13296992327518814,0.16085711913472403
3_0817_1000_U9TEJGM,0.16215674706509356,0.12794317284091758,0.09018646128541195,0.1267621270638077
4_0817_1000_U9TEJGM,0.23839163855570958,0.4689767537924352,0.16312424958069852,0.29016421397628106
5_0817_1000_U9TEJGM,0.09184005118138915,0.44637164431737436,0.15198108142458963,0.23006425897445104
6_0817_1000_U9TEJGM,0.11586983738553742,0.13607864928248156,0.03754966813013001,0.09649938493271633
7_0817_1000_U9TEJGM,0.08212076964530451,0.22818806654531168,0.11494289428952521,0.1417505768267138
8_0817_1000_U9TEJGM,0.10265630972385235,0.2877502678127574,0.16124493926510883,0.18388383893390622
9_0817_1000_U9TEJGM,0.11963908194288503,0.22900280868718217,0.1362423982154908,0.16162809628185268
10_0817_1000_U9TEJGM,0.3542950103871454,0.25368422978223143,0.19371746471657533,0.26723223496198406
11_0817_1000_U9TEJGM,0.23142428227512912,0.1724322494372873,0.07476605608811226,0.15954086260017622
12_0817_1000_U9TEJGM,0.14977835154177943,0.324043741815544,0.10447440045581542,0.19276549793771294
13_0817_1000_U9TEJGM,0.171178803365484,0.19089971513137338,0.12401353148256211,0.16203068332647316
14_0817_1000_U9TEJGM,0.05487673366841955,0.16320995078841663,0.05898869431567566,0.09235845959083729
15_0817_1000_U9TEJGM,0.10659307971407027,0.26692953573513817,0.17229069380037165,0.18193776974986
16_0817_1000_U9TEJGM,0.26707116358111976,0.3200615700203574,0.1331791275486831,0.24010395371672008
17_0817_1000_U9TEJGM,0.29726692881451106,0.21952308921448285,0.18477533820139502,0.233855118743463
18_0817_1000_U9TEJGM,0.3715873491349749,0.13903045583051896,0.09199577311191147,0.20087119269246842
19_0817_1000_U9TEJGM,0.17052955390453414,0.42578270468814594,0.24508053442750244,0.28046426434006083
21_0817_1000_U9TEJGM,0.2653328404831245,0.3157782869486074,0.158000734410418,0.24637062061405
23_0817_1000_U9TEJGM,0.40313853001322814,0.3272135195254462,0.23037697745338556,0.3202430089973533
24_0817_1000_U9TEJGM,0.10273671953717174,0.38277192049529357,0.295966658872376,0.26049176630161375
25_0817_1000_U9TEJGM,0.2970510329112745,0.31054470682510255,0.1190304288279016,0.24220872285475956
27_0817_1000_U9TEJGM,0.23176229417489314,0.07285425753050778,0.0581379235407247,0.12091815841537522
29_0817_1000_U9TEJGM,0.33607728118843694,0.44205100262112573,0.24151137745572795,0.33987988708843025
30_0817_1000_U9TEJGM,0.35891835056521987,0.04161570279227348,0.35643952796726336,0.2523245271082522
31_0817_1000_U9TEJGM,0.23687050965991419,0.24087035578663882,0.154744616968043,0.21082849413819868
32_0817_1000_U9TEJGM,0.24129390799819683,0.20457843237361464,0.17179338557114557,0.205888575314319
34_0817_1000_U9TEJGM,0.08238850340749766,0.1750064752098112,0.058122587319391565,0.10517252197890015
36_0817_1000_U9TEJGM,0.04583674715895658,0.19140840658356528,0.18362870819421154,0.14029128731224447
37_0817_1000_U9TEJGM,0.2812259070999935,0.20834407137283337,0.13437755759344713,0.20798251202209136
38_0817_1000_U9TEJGM,0.2015720560804197,0.07573078184955993,0.1734108585697316,0.15023789883323707
39_0817_1000_U9TEJGM,0.14280039755989973,0.1690554277701246,0.23079132213583556,0.18088238248861996
40_0817_1000_U9TEJGM,0.15721993947673082,0.07428474724825643,0.1287604624338288,0.12008838305293867
41_0817_1000_U9TEJGM,0.1891324820923823,0.44300209579728417,0.09482774151210467,0.24232077313392372
42_0817_1000_U9TEJGM,0.3072018897993198,0.2644225490141548,0.056814243292005184,0.20947956070182658
43_0817_1000_U9TEJGM,0.06496554907144493,0.23813095512434088,0.3518022747183718,0.21829959297138588
44_0817_1000_U9TEJGM,0.22004900535252744,0.24962504774708552,0.1125622673232113,0.19407877347427474
45_0817_1000_U9TEJGM,0.2178744296150077,0.21328423931150742,0.08208605522530932,0.1710815747172748
46_0817_1000_U9TEJGM,0.2207600416931554,0.2565910838602923,0.32882773698165035,0.26872628751169936
47_0817_1000_U9TEJGM,0.29063774456461744,0.34410234315112875,0.2071562913431889,0.28063212635297835
48_0817_1000_U9TEJGM,0.2957441715205791,0.2747437357185092,0.22675990570581342,0.26574927098163387
49_0817_1000_U9TEJGM,0.15384788433992183,0.40348081196313723,0.08838620953446381,0.21523830194584095
50_0817_1000_U9TEJGM,0.5443901030053512,0.2789790386092623,0.36585589521824385,0.39640834561095245
51_0817_1000_U9TEJGM,0.2633561123402414,0.2790324863637584,0.3141097941323742,0.28549946427879136
52_0817_1000_U9TEJGM,0.45210786522855734,0.4214792904210398,0.1085741393509687,0.3273870983335219
53_0817_1000_U9TEJGM,0.09362232261559651,0.2534133244032228,0.05764594350439988,0.13489386350773971
55_0817_1000_U9TEJGM,0.49901726490479437,0.3007326950539005,0.2557152898543715,0.3518217499376888
56_0817_1000_U9TEJGM,,,,
57_0817_1000_U9TEJGM,0.2559532542794596,0.3745637435496177,0.0851281326097813,0.23854837681295282
58_0817_1000_U9TEJGM,0.27731792358578405,0.24089765153177445,0.3356915158617886,0.2846356969931157
59_0817_1000_U9TEJGM,0.04649610103418189,0.3725538853330897,0.04923135563239343,0.15609378066655502
60_0817_1000_U9TEJGM,0.11723016776568546,0.3501431187494359,0.05933788190684005,0.17557038947398715
61_0817_1000_U9TEJGM,0.3469491831354224,0.46178077960183955,0.10391218562306949,0.3042140494534438
62_0817_1000_U9TEJGM,0.23119112200450662,0.07695470158909325,0.3771578955745835,0.22843457305606116
63_0817_1000_U9TEJGM,0.43866964591453095,0.34249140629345015,0.11764620544842634,0.29960241921880243
64_0817_1000_U9TEJGM,0.3730349421268415,0.5531973235841717,0.2088166019979365,0.37834962256964993
65_0817_1000_U9TEJGM,0.09533370134835063,0.4087408141611995,0.09732097105488136,0.20046516218814384
66_0817_1000_U9TEJGM,0.16029780812930397,0.3009387464027947,0.25170718985940477,0.23764791479716782
67_0817_1000_U9TEJGM,0.30296572087535506,0.21960031428744076,0.14070068487699297,0.22108890667992961
68_0817_1000_U9TEJGM,0.0853594625633134,0.27644725696628,0.1394093202852901,0.16707201327162782
69_0817_1000_U9TEJGM,0.128053488329736,0.3955628842159851,0.2670108285061054,0.26354240035060883
71_0817_1000_U9TEJGM,0.18357238638053808,0.2433007288497693,0.09232732717758113,0.1730668141359628
72_0817_1000_U9TEJGM,0.16531425206849334,0.42471366091041496,0.1423864745471025,0.24413812917533695
73_0817_1000_U9TEJGM,0.1089609714090174,0.5206253566373665,0.12298400985726889,0.2508567793012176
74_0817_1000_U9TEJGM,0.2596787314489724,0.29285665469487127,0.34348866004306916,0.2986746820623043
75_0817_1000_U9TEJGM,0.3191907107442702,0.6037626960642092,0.15629282708575806,0.3597487446314125
76_0817_1000_U9TEJGM,0.10610829433626413,0.14055353336221119,0.18621746223479363,0.144293096644423
77_0817_1000_U9TEJGM,0.3405592817349878,0.2746563230466928,0.07970383651483014,0.23163981376550358
78_0817_1000_U9TEJGM,,,,
79_0817_1000_U9TEJGM,0.16152975484817236,0.2809445513859992,0.12959736900212107,0.19069055841209756
80_0817_1000_U9TEJGM,0.05776235353865795,0.05368995719264397,0.14192355638575546,0.08445862237235247
81_0817_1000_U9TEJGM,0.32258307739245745,0.37019612690792947,0.18283107526129427,0.29187009318722706
82_0817_1000_U9TEJGM,0.04459827554295868,0.3590792767468449,0.028240858238845503,0.1439728035095497
83_0817_1000_U9TEJGM,0.11734288642778552,0.17121107735177502,0.18315810644208394,0.15723735674054817
84_0817_1000_U9TEJGM,0.5431757250075611,0.6005018591728669,0.26848414853451547,0.4707205775716478
85_0817_1000_U9TEJGM,0.17444519781596088,0.2410906879121054,0.2106348890966526,0.2087235916082396
86_0817_1000_U9TEJGM,0.03778004226203873,0.2102563688338286,0.12161142291837039,0.12321594467141257
87_0817_1000_U9TEJGM,0.24948376456586915,0.258524642772755,0.2541303107886265,0.25404623937575027
89_0817_1000_U9TEJGM,0.31925192694027954,0.4478446819975665,0.22510380148821665,0.33073347014202087
90_0817_1000_U9TEJGM,0.3264643714488974,0.09633374599711886,0.15880764512964568,0.19386858752522063
91_0817_1000_U9TEJGM,0.1369349724701245,0.5651358315865177,0.16239606401945764,0.28815562269203326
92_0817_1000_U9TEJGM,0.42090930341430144,0.37879814636783465,0.24053525791642502,0.3467475692328537
93_0817_1000_U9TEJGM,0.1680946013093074,0.2286452229354876,0.0992128081120149,0.16531754411893665
95_0817_1000_U9TEJGM,0.23636151383971712,0.22895598628601974,0.44506301771550927,0.3034601726137487
96_0817_1000_U9TEJGM,0.47928357501222285,0.4120771003259373,0.1710253021149791,0.3541286591510464
97_0817_1000_U9TEJGM,0.12444971304013992,0.08702076303534638,0.038450076606317884,0.08330685089393473
98_0817_1000_U9TEJGM,0.11286506780260634,0.5113535633920708,0.3108004034586049,0.311673011551094
99_0817_1000_U9TEJGM,0.3174735755424522,0.21880189520209195,0.10821683583010501,0.2148307688582164
100_0817_1000_U9TEJGM,0.06793218270744797,0.5393377987206694,0.16787369258686916,0.2583812246716622
101_0817_1000_U9TEJGM,0.31786068763603037,0.3517935991978722,0.2145877002116597,0.29474732901518746
102_0817_1000_U9TEJGM,0.20953562351835622,0.43128467701343576,0.08805495917937332,0.24295841990372177
103_0817_1000_U9TEJGM,0.26198764795766616,0.4270601079767295,0.13482406850402676,0.27462394147947417
104_0817_1000_U9TEJGM,0.32725623036348056,0.29545635004169074,0.26292045309226203,0.2952110111658111
105_0817_1000_U9TEJGM,0.12102753017762176,0.3812527054398786,0.1693448915254424,0.2238750423809809
106_0817_1000_U9TEJGM,0.5015379155376457,0.7798378347293387,0.1642775397300886,0.4818844299990243
107_0817_1000_U9TEJGM,0.041542024722188174,0.2136058227707096,0.17426602862346105,0.14313795870545296
108_0817_1000_U9TEJGM,0.17069104988041853,0.4427304740987565,0.26900271001722253,0.2941414113321325
109_0817_1000_U9TEJGM,0.2497197479584541,0.4332957254401743,0.1885568568903612,0.2905241100963299
110_0817_1000_U9TEJGM,0.4180788877862269,0.20586944408961472,0.0725642253369151,0.23217085240425225
111_0817_1000_U9TEJGM,0.2157260839908934,0.25959654343274535,0.09059319310939597,0.18863860684434489
112_0817_1000_U9TEJGM,0.4081817800544469,0.49187051277320054,0.04763792846715717,0.31589674043160154
113_0817_1000_U9TEJGM,0.2146743128629419,0.29536841781788975,0.20919285919236533,0.23974519662439897
114_0817_1000_U9TEJGM,0.07355268147923395,0.20545060941737794,0.061430626308282665,0.11347797240163153
115_0817_1000_U9TEJGM,0.10319797917889534,0.22197710588836259,0.16557633561070506,0.1635838068926543
116_0817_1000_U9TEJGM,0.20864039585130664,0.43429688052046966,0.117690016884847,0.25354243108554114
117_0817_1000_U9TEJGM,0.11343018411680726,0.4725792318033797,0.18688448790942933,0.25763130127653877
118_0817_1000_U9TEJGM,0.08710703986509244,0.23580389185571335,0.11948298375115367,0.14746463849065314
119_0817_1000_U9TEJGM,0.38541881463345234,0.38036520720243666,0.17715670683446758,0.3143135762234522
120_0817_1000_U9TEJGM,0.0916175763728475,0.43182850416895807,0.16985060097757923,0.2310988938397949
121_0817_1000_U9TEJGM,0.49900574778358636,0.1731449924825458,0.30891373774496783,0.3270214926703667
122_0817_1000_U9TEJGM,0.1407916471022877,0.2360332411194398,0.2140921220566693,0.1969723367594656
123_0817_1000_U9TEJGM,0.2632956079644182,0.16543636640385004,0.1345819374207958,0.18777130392968802
124_0817_1000_U9TEJGM,0.08216890727989891,0.19797884169927327,0.13838957842037822,0.1395124424665168
125_0817_1000_U9TEJGM,0.22427066543974353,0.10108681620287545,0.23385787515069265,0.18640511893110387
126_0817_1000_U9TEJGM,0.3759038179931575,0.31913033608840663,0.2715712248106879,0.32220179296408397
127_0817_1000_U9TEJGM,0.3266862341739832,0.10087519354174938,0.14645800922035515,0.19133981231202923
128_0817_1000_U9TEJGM,0.26790045692441816,0.1771680818449617,0.1541809752899124,0.1997498380197641
129_0817_1000_U9TEJGM,0.36982945930685757,0.20770863194916023,0.302786833102133,0.29344164145271695
130_0817_1000_U9TEJGM,0.08826380901913232,0.5198420647782053,0.059923723949366146,0.2226765325822346
131_0817_1000_U9TEJGM,,,,
132_0817_1000_U9TEJGM,0.3265149775133928,0.5448490830587159,0.11458444379199435,0.328649501454701
134_0817_1000_U9TEJGM,,,,
135_0817_1000_U9TEJGM,0.08670512322148323,0.34202066985584684,0.06078417940398644,0.1631699908271055
136_0817_1000_U9TEJGM,0.11450077883758487,0.1693388318364153,0.040703770346629316,0.10818112700687649
137_0817_1000_U9TEJGM,0.3443366330904041,0.391559868151984,0.265374279544438,0.33375692692894204
138_0817_1000_U9TEJGM,0.08295208609158249,0.36587918519390583,0.22705057553975153,0.22529394894174662
139_0817_1000_U9TEJGM,0.21159645280772788,0.2241387042905931,0.1226486587254814,0.1861279386079341
0_0818_1600_539136F,0.521871998003053,0.4205324328689184,0.2033811808392411,0.3819285372370708
1_0818_1600_539136F,,,,
2_0818_1600_539136F,0.2859896179979265,0.3308990113140093,0.12615962438709197,0.24768275123300923
3_0818_1600_539136F,0.22342732992612602,0.20985403780308917,0.4812130173748359,0.3048314617013504
4_0818_1600_539136F,,,,
5_0818_1600_539136F,,,,
6_0818_1600_539136F,0.02883424159251578,0.1223279344590616,0.28220309383447234,0.1444550899620166
7_0818_1600_539136F,0.20809873045842306,0.19324211029042818,0.27356690001992684,0.224969246922926
8_0818_1600_539136F,,,,
9_0818_1600_539136F,0.23493060733761958,0.8364104489863148,0.12970368697881204,0.4003482477675821
10_0818_1600_539136F,,,,
11_0818_1600_539136F,,,,
12_0818_1600_539136F,,,,
13_0818_1600_539136F,0.86376527618773,0.24243312603639108,0.618077765606281,0.574758722610134
14_0818_1600_539136F,,,,
15_0818_1600_539136F,0.22574175985209835,0.12910700874273529,0.034203674118424614,0.12968414757108607
16_0818_1600_539136F,,,,
17_0818_1600_539136F,,,,
18_0818_1600_539136F,0.21918775155826717,0.3517658034736156,0.5090390367564928,0.35999753059612516
19_0818_1600_539136F,,,,
20_0818_1600_539136F,,,,
21_0818_1600_539136F,,,,
22_0818_1600_539136F,,,,
23_0818_1600_539136F,,,,
24_0818_1600_539136F,,,,
25_0818_1600_539136F,,,,
26_0818_1600_539136F,,,,
27_0818_1600_539136F,,,,
28_0818_1600_539136F,,,,
29_0818_1600_539136F,,,,
30_0818_1600_539136F,,,,
31_0818_1600_539136F,,,,
32_0818_1600_539136F,,,,
33_0818_1600_539136F,,,,
34_0818_1600_539136F,,,,
35_0818_1600_539136F,,,,
36_0818_1600_539136F,,,,
37_0818_1600_539136F,,,,
38_0818_1600_539136F,,,,
39_0818_1600_539136F,,,,
40_0818_1600_539136F,,,,
41_0818_1600_539136F,,,,
42_0818_1600_539136F,,,,
43_0818_1600_539136F,,,,
44_0818_1600_539136F,,,,
45_0818_1600_539136F,0.12688055558368533,0.1457716860545395,0.41395555365657066,0.2288692650982652
46_0818_1600_539136F,,,,
47_0818_1600_539136F,,,,
48_0818_1600_539136F,,,,
49_0818_1600_539136F,,,,
50_0818_1600_539136F,,,,
51_0818_1600_539136F,,,,
52_0818_1600_539136F,,,,
53_0818_1600_539136F,,,,
54_0818_1600_539136F,,,,
55_0818_1600_539136F,,,,
56_0818_1600_539136F,,,,
57_0818_1600_539136F,,,,
58_0818_1600_539136F,,,,
59_0818_1600_539136F,,,,
60_0818_1600_539136F,,,,
61_0818_1600_539136F,0.32313952908761817,0.3346311506937211,0.13991102057112068,0.26589390011748665
62_0818_1600_539136F,,,,
63_0818_1600_539136F,,,,
64_0818_1600_539136F,,,,
65_0818_1600_539136F,,,,
66_0818_1600_539136F,,,,
67_0818_1600_539136F,,,,
68_0818_1600_539136F,0.27779359796468006,0.29997697832519415,0.46754596171486607,0.3484388460015801
69_0818_1600_539136F,,,,
70_0818_1600_539136F,,,,
71_0818_1600_539136F,,,,
72_0818_1600_539136F,,,,
73_0818_1600_539136F,,,,
74_0818_1600_539136F,,,,
75_0818_1600_539136F,,,,
76_0818_1600_539136F,,,,
77_0818_1600_539136F,,,,
78_0818_1600_539136F,,,,
79_0818_1600_539136F,,,,
80_0818_1600_539136F,,,,
81_0818_1600_539136F,0.8168912131061283,0.6305756420718059,0.35872929575535056,0.6020653836444282
82_0818_1600_539136F,,,,
83_0818_1600_539136F,,,,
84_0818_1600_539136F,,,,
85_0818_1600_539136F,,,,
86_0818_1600_539136F,,,,
87_0818_1600_539136F,0.47067281030279146,0.24196031964038264,0.14946681603857814,0.2873666486605841
88_0818_1600_539136F,0.06589479851735332,0.10343186167752982,0.3209709151441063,0.16343252511299647
89_0818_1600_539136F,,,,
90_0818_1600_539136F,,,,
91_0818_1600_539136F,,,,
92_0818_1600_539136F,,,,
93_0818_1600_539136F,,,,
94_0818_1600_539136F,,,,
95_0818_1600_539136F,0.23973668254750705,0.6358459510902557,0.253603693109606,0.3763954422491229
96_0818_1600_539136F,,,,
97_0818_1600_539136F,,,,
98_0818_1600_539136F,,,,
99_0818_1600_539136F,,,,
100_0818_1600_539136F,,,,
101_0818_1600_539136F,,,,
102_0818_1600_539136F,,,,
103_0818_1600_539136F,,,,
104_0818_1600_539136F,,,,
105_0818_1600_539136F,,,,
106_0818_1600_539136F,,,,
107_0818_1600_539136F,,,,
108_0818_1600_539136F,,,,
109_0818_1600_539136F,,,,
110_0818_1600_539136F,,,,
111_0818_1600_539136F,,,,
112_0818_1600_539136F,,,,
113_0818_1600_539136F,,,,
114_0818_1600_539136F,0.14845180716608267,0.5826148649908626,0.224364876477937,0.3184771828782941
115_0818_1600_539136F,,,,
116_0818_1600_539136F,,,,
117_0818_1600_539136F,0.2199122152067321,0.16840994451926708,0.5080064696075034,0.2987762097778342
118_0818_1600_539136F,,,,
119_0818_1600_539136F,,,,
120_0818_1600_539136F,,,,
121_0818_1600_539136F,,,,
122_0818_1600_539136F,,,,
123_0818_1600_539136F,,,,
124_0818_1600_539136F,,,,
125_0818_1600_539136F,,,,
126_0818_1600_539136F,,,,
127_0818_1600_539136F,0.17715639935962404,0.3682275587516676,0.1768763689240993,0.24075344234513033
128_0818_1600_539136F,,,,
129_0818_1600_539136F,0.04903003190979994,0.20837879190574107,0.1570767672663573,0.1381618636939661
130_0818_1600_539136F,,,,
131_0818_1600_539136F,,,,
0_0818_1600_9M4VCHG,0.15369613810506347,0.3653429452515185,0.03815748721432762,0.1857321901903032
1_0818_1600_9M4VCHG,,,,
2_0818_1600_9M4VCHG,,,,
3_0818_1600_9M4VCHG,0.15574071056798441,0.18188367924514712,0.34095073031140327,0.22619170670817826
4_0818_1600_9M4VCHG,0.30815451819614564,0.1040848663736851,0.46414706286096014,0.2921288158102636
5_0818_1600_9M4VCHG,,,,
6_0818_1600_9M4VCHG,0.3759934983439545,0.11124351450028054,0.27774088134174296,0.25499263139532596
7_0818_1600_9M4VCHG,0.09457652402795796,0.22683931447255404,0.14851958886461777,0.15664514245504327
8_0818_1600_9M4VCHG,0.11124266961659594,0.2137928509560875,0.38529220839914985,0.23677590965727777
9_0818_1600_9M4VCHG,0.24995609862775137,0.3557359905823616,0.1407676986422137,0.2488199292841089
10_0818_1600_9M4VCHG,0.32072592701249275,0.12219850584067744,0.3026066427068363,0.24851035852000214
11_0818_1600_9M4VCHG,0.14825347283249676,0.3732528082618525,0.1965485878241553,0.23935162297283485
12_0818_1600_9M4VCHG,0.21751518807237435,0.1072062703516093,0.5057073585326284,0.276809605652204
13_0818_1600_9M4VCHG,0.18903563398274367,0.3090806421275567,0.41280713620014087,0.30364113743681376
14_0818_1600_9M4VCHG,0.2568447963135902,0.32521827841219403,0.4630390823788442,0.3483673857015428
15_0818_1600_9M4VCHG,0.12126883882803008,0.16537602290765394,0.22264408133269945,0.1697629810227945
16_0818_1600_9M4VCHG,0.6911559268200529,0.29281641857059054,0.7208215034018602,0.5682646162641679
17_0818_1600_9M4VCHG,0.10299158013256554,0.23921965441499815,0.046880848210275716,0.1296973609192798
18_0818_1600_9M4VCHG,0.3296521780079465,0.23566923195391834,0.3577133198482063,0.30767824327002374
19_0818_1600_9M4VCHG,0.147713106572568,0.08015230177875361,0.11946620162834064,0.1157772033265541
20_0818_1600_9M4VCHG,0.24318588099798433,0.0906838672880385,0.026495631819148113,0.12012179336839031
21_0818_1600_9M4VCHG,0.29331870694390283,0.2632301198616834,0.4291313717091531,0.3285600661715798
22_0818_1600_9M4VCHG,0.24363520197311186,0.18299402349132113,0.3219189875788349,0.24951607101442264
23_0818_1600_9M4VCHG,0.18256128636653315,0.21648939121391633,0.3050562039730137,0.2347022938511544
24_0818_1600_9M4VCHG,0.0663170731421244,0.17891459890518127,0.08468250098427237,0.10997139101052601
25_0818_1600_9M4VCHG,0.2326620208514171,0.05005820419707622,0.4395522917521366,0.24075750560020995
26_0818_1600_9M4VCHG,0.19288759241988607,0.29142178390183465,0.4175294050078222,0.30061292710984766
27_0818_1600_9M4VCHG,0.2466905601645013,0.23529580874063086,0.409268296618537,0.29708488850788967
28_0818_1600_9M4VCHG,0.14618688356536017,0.24415390107932292,0.2239216627924049,0.204754149145696
29_0818_1600_9M4VCHG,0.13768159158023804,0.23842795422876514,0.1882835050321051,0.18813101694703607
30_0818_1600_9M4VCHG,0.3406330506050443,0.259029150208114,0.3408479193273662,0.3135033733801748
31_0818_1600_9M4VCHG,0.15726882965188124,0.04433838929793144,0.26823880114748694,0.1566153400324332
33_0818_1600_9M4VCHG,0.15262513249521692,0.3644470436097737,0.6157765530472799,0.3776162430507568
34_0818_1600_9M4VCHG,0.09023228440092361,0.08257297657621353,0.09232585832108899,0.08837703976607537
35_0818_1600_9M4VCHG,0.3043286487748973,0.14644517059008547,0.42120287434336484,0.2906588979027825
36_0818_1600_9M4VCHG,0.277026973168429,0.19605105988162616,0.4248937679663196,0.2993239336721249
37_0818_1600_9M4VCHG,0.1694530196225148,0.11067787023312448,0.3642436552792336,0.2147915150449576
38_0818_1600_9M4VCHG,0.37029312746425463,0.06951921378027638,0.25788483705340837,0.2325657260993131
39_0818_1600_9M4VCHG,0.1546277684198989,0.3547853029855634,0.21203395250868873,0.24048234130471702
40_0818_1600_9M4VCHG,0.11734368164159052,0.2746566885967052,0.20776415903241843,0.19992150975690473
41_0818_1600_9M4VCHG,0.340204419204538,0.09196528625100793,0.5046676594304683,0.3122791216286714
42_0818_1600_9M4VCHG,0.19910120137106838,0.1846181485932958,0.48867112326272233,0.2907968244090288
43_0818_1600_9M4VCHG,0.3981895026998685,0.11627480268717193,0.4933824089787349,0.3359489047885918
44_0818_1600_9M4VCHG,0.29212557039439013,0.06066465121504799,0.19997489318366943,0.18425503826436918
45_0818_1600_9M4VCHG,0.10034946402363841,0.09749150418235486,0.15556245535590676,0.11780114118730001
46_0818_1600_9M4VCHG,0.24082949845861248,0.20322873462542568,0.4461678517937357,0.2967420282925913
47_0818_1600_9M4VCHG,0.3584267199641655,0.2375326228644404,0.1419286335337148,0.2459626587874402
49_0818_1600_9M4VCHG,0.2042875438139827,0.2544596835697465,0.5148285633575909,0.32452526358044004
50_0818_1600_9M4VCHG,0.11418276347166638,0.32027362085709304,0.3929523216622564,0.27580290199700525
51_0818_1600_9M4VCHG,0.27750844318104256,0.2554026040282443,0.3797107714861539,0.3042072728984802
52_0818_1600_9M4VCHG,0.3288422911762759,0.17915255099178762,0.31871226085376575,0.2755690343406098
53_0818_1600_9M4VCHG,0.15896003052561727,0.10581665381420768,0.24695279854860464,0.1705764942961432
54_0818_1600_9M4VCHG,0.23294366498233357,0.13941166486398968,0.27522968190064606,0.21586167058232308
55_0818_1600_9M4VCHG,0.13112576168315374,0.21204250289307003,0.3236439023780751,0.2222707223180996
56_0818_1600_9M4VCHG,0.4599393228727557,0.34237838540325605,0.36381731712689946,0.38871167513430377
57_0818_1600_9M4VCHG,0.24838582663783873,0.13751499184424654,0.5582384939137895,0.31471310413195824
58_0818_1600_9M4VCHG,0.25591374853815485,0.19824673825214836,0.46995041969327955,0.3080369688278609
59_0818_1600_9M4VCHG,0.5273052396722351,0.26363534852665665,0.4727168244678166,0.42121913755556945
60_0818_1600_9M4VCHG,0.15297290237461816,0.1788826795243915,0.0963581767293723,0.142737919542794
61_0818_1600_9M4VCHG,0.24614215128715236,0.15239128347052686,0.40407720660842644,0.26753688045536855
62_0818_1600_9M4VCHG,0.3157919002348657,0.20416822697849982,0.3216628555810193,0.28054099426479495
63_0818_1600_9M4VCHG,0.30147302761323375,0.20301462994235406,0.3759359622949163,0.29347453995016803
64_0818_1600_9M4VCHG,0.24322142933073318,0.06728972779344988,0.2526453596932419,0.18771883893914168
65_0818_1600_9M4VCHG,0.2096835594772665,0.30652634855472677,0.025316115884622153,0.1805086746388718
66_0818_1600_9M4VCHG,0.09184570615698144,0.16204210727939752,0.2905203992443868,0.1814694042269219
67_0818_1600_9M4VCHG,0.410251444280898,0.14979313848055376,0.27086271618790053,0.27696909964978406
68_0818_1600_9M4VCHG,0.156549127337241,0.3437849988120673,0.21951222481170504,0.23994878365367112
69_0818_1600_9M4VCHG,0.27101194256717814,0.4628337827663594,0.21310324082066204,0.31564965538473316
70_0818_1600_9M4VCHG,0.028457874373430864,0.17901135284131062,0.16357444362838058,0.12368122361437402
71_0818_1600_9M4VCHG,0.1704497132615103,0.24582550274845863,0.2929916873668363,0.23642230112560172
72_0818_1600_9M4VCHG,0.17263360206142883,0.19522536276875924,0.3067968250207649,0.224885263283651
74_0818_1600_9M4VCHG,0.5671656066745331,0.21752803595685563,0.48944585556025544,0.42471316606388143
75_0818_1600_9M4VCHG,,,,
76_0818_1600_9M4VCHG,0.30299589108853553,0.1977930067228311,0.16801628101894847,0.22293505961010504
77_0818_1600_9M4VCHG,0.5162752328989332,0.14434089104224318,0.5691689820914565,0.4099283686775443
78_0818_1600_9M4VCHG,0.2977762230563543,0.049057340089722644,0.3140178892120787,0.22028381745271855
79_0818_1600_9M4VCHG,0.378034071037374,0.4268600573916366,0.45072786107547813,0.4185406631681629
80_0818_1600_9M4VCHG,0.2751701237861334,0.13326695759710097,0.220603338932841,0.2096801401053585
81_0818_1600_9M4VCHG,0.12465645235571399,0.4036688546323219,0.13593804483960156,0.22142111727587913
82_0818_1600_9M4VCHG,0.25858571881058956,0.42243388700425094,0.546262371685495,0.4090939925001118
83_0818_1600_9M4VCHG,0.2522992879154806,0.35945259242862476,0.20005183167315357,0.2706012373390863
85_0818_1600_9M4VCHG,0.118853108921619,0.28328721827197706,0.37275528389214924,0.25829853702858174
86_0818_1600_9M4VCHG,0.3916401105260963,0.11157685683028408,0.37143234280480225,0.29154977005372756
87_0818_1600_9M4VCHG,0.2570297965220022,0.4342741424992391,0.3461332492377613,0.3458123960863342
90_0818_1600_9M4VCHG,0.03009617380278436,0.1676262453735402,0.19793983282898417,0.13188741733510292
91_0818_1600_9M4VCHG,,,,
92_0818_1600_9M4VCHG,0.25162551398990296,0.12375736987937201,0.20489176953900667,0.1934248844694272
93_0818_1600_9M4VCHG,0.26403844293229267,0.20284097095386355,0.17843303830897095,0.21510415073170908
94_0818_1600_9M4VCHG,,,,
95_0818_1600_9M4VCHG,,,,
98_0818_1600_9M4VCHG,0.07656471982009705,0.3104767197990694,0.16258382570474944,0.1832084217746386
99_0818_1600_9M4VCHG,,,,
100_0818_1600_9M4VCHG,,,,
101_0818_1600_9M4VCHG,0.44379928101512417,0.31062634789452365,0.1145855561283795,0.2896703950126758
102_0818_1600_9M4VCHG,0.181463243617925,0.12582539890880903,0.23451426291005814,0.18060096847893073
103_0818_1600_9M4VCHG,,,,
104_0818_1600_9M4VCHG,,,,
106_0818_1600_9M4VCHG,,,,
107_0818_1600_9M4VCHG,,,,
108_0818_1600_9M4VCHG,0.4934325392537026,0.11332704019571292,0.5486027270139454,0.3851207688211203
109_0818_1600_9M4VCHG,0.21857973253892718,0.12873691068033077,0.11481100481010975,0.15404254934312256
110_0818_1600_9M4VCHG,0.34530848077745474,0.23813160783229267,0.3116318692612354,0.29835731929032755
111_0818_1600_9M4VCHG,0.05560229208536505,0.13190980943343164,0.13753524633859707,0.10834911595246459
112_0818_1600_9M4VCHG,0.2488520622349251,0.22967872887029647,0.2180333531517844,0.23218804808566865
113_0818_1600_9M4VCHG,,,,
114_0818_1600_9M4VCHG,0.2823950023726369,0.049580775308417945,0.32257964603306394,0.2181851412380396
115_0818_1600_9M4VCHG,0.09823727789552626,0.2321457590342958,0.29154837424641894,0.20731047039208036
116_0818_1600_9M4VCHG,0.15276680158128017,0.13305173037271156,0.4035641814462583,0.22979423780008335
117_0818_1600_9M4VCHG,0.49330941208342316,0.2655881542443353,0.16326677921722024,0.30738811518165954
118_0818_1600_9M4VCHG,0.2655862441530686,0.15168311476559312,0.28614024393934384,0.23446986761933516
119_0818_1600_9M4VCHG,0.20541724469207326,0.17479517304243722,0.23065117245631986,0.2036211967302768
120_0818_1600_9M4VCHG,0.2866863684887338,0.09118098291509874,0.28189128469270325,0.21991954536551192
121_0818_1600_9M4VCHG,0.32989706872869107,0.1590625643645997,0.45499597227047645,0.3146518684545891
122_0818_1600_9M4VCHG,0.16301617641206573,0.3314982945622121,0.0935269055035628,0.1960137921592802
123_0818_1600_9M4VCHG,0.2075172527249364,0.0723921468255829,0.3399019510212122,0.2066037835239105
124_0818_1600_9M4VCHG,0.16625857089135826,0.2727747583805314,0.4283943179539345,0.28914254907527476
125_0818_1600_9M4VCHG,0.2446964300351243,0.2804343892353336,0.3678753869702868,0.2976687354135816
126_0818_1600_9M4VCHG,0.2981990117856608,0.3768489242068895,0.5580889197651431,0.4110456185858978
127_0818_1600_9M4VCHG,,,,
128_0818_1600_9M4VCHG,0.19810773278752158,0.14593500786460242,0.3434708546797096,0.22917119844394454
129_0818_1600_9M4VCHG,,,,
130_0818_1600_9M4VCHG,0.1719413300878433,0.20266165026736827,0.27572084807014186,0.2167746094751178
131_0818_1600_9M4VCHG,0.1263474040857143,0.1049250689897369,0.3309308094692662,0.18740109418157247
132_0818_1600_9M4VCHG,,,,
133_0818_1600_9M4VCHG,0.1359171317738864,0.14362671491582948,0.18428413305467872,0.15460932658146487
134_0818_1600_9M4VCHG,,,,
136_0818_1600_9M4VCHG,0.16702928433787956,0.09983004991574114,0.33416226264807997,0.2003405323005669
137_0818_1600_9M4VCHG,0.18729305669618487,0.15171460515431187,0.3811051553169877,0.2400376057224948
0_0818_1600_U9TEJGM,0.6753160167715601,0.21413809053859723,0.2465080990789027,0.3786540687963533
1_0818_1600_U9TEJGM,0.6692362632171358,0.10365729480884034,0.13999313732700264,0.3042955651176596
2_0818_1600_U9TEJGM,0.3875127149802651,0.3573538953962602,0.10199603641335327,0.28228754892995955
3_0818_1600_U9TEJGM,,,,
4_0818_1600_U9TEJGM,0.33694572225699876,0.07554849757918077,0.14180934767449602,0.18476785583689184
5_0818_1600_U9TEJGM,0.36910800079579476,0.05421304745787069,0.1341068994740707,0.1858093159092454
6_0818_1600_U9TEJGM,0.472791346610488,0.20068353735743508,0.15518392972755188,0.2762196045651583
7_0818_1600_U9TEJGM,0.6144835580983433,0.16468713574778304,0.021400602188837117,0.26685709867832114
8_0818_1600_U9TEJGM,,,,
9_0818_1600_U9TEJGM,,,,
10_0818_1600_U9TEJGM,0.42059412578343003,0.27051725734057896,0.10746055545852261,0.2661906461941772
11_0818_1600_U9TEJGM,,,,
12_0818_1600_U9TEJGM,,,,
13_0818_1600_U9TEJGM,,,,
14_0818_1600_U9TEJGM,,,,
15_0818_1600_U9TEJGM,,,,
16_0818_1600_U9TEJGM,0.529826414335166,0.11435516588175809,0.12512304015865827,0.25643487345852745
17_0818_1600_U9TEJGM,,,,
18_0818_1600_U9TEJGM,,,,
19_0818_1600_U9TEJGM,,,,
20_0818_1600_U9TEJGM,0.7463607813887462,0.048564015539654254,0.22027679829571176,0.33840053174137075
21_0818_1600_U9TEJGM,0.5399842346107605,0.23288005853478685,0.15167547976019582,0.3081799243019144
22_0818_1600_U9TEJGM,0.589355892711157,0.11224049602422011,0.20816896959903572,0.30325511944480427
23_0818_1600_U9TEJGM,0.7527008892560549,0.1972513430137108,0.2746277814149323,0.40819333789489937
24_0818_1600_U9TEJGM,0.6948282024564326,0.29360699177277944,0.07092535156445053,0.35312018193122086
25_0818_1600_U9TEJGM,,,,
26_0818_1600_U9TEJGM,,,,
27_0818_1600_U9TEJGM,0.8487968635078594,0.15176806546259006,0.17058674675767102,0.39038389190937345
28_0818_1600_U9TEJGM,,,,
29_0818_1600_U9TEJGM,,,,
30_0818_1600_U9TEJGM,,,,
31_0818_1600_U9TEJGM,0.5789985380166485,0.13447682478254305,0.24327608633699951,0.3189171497120637
32_0818_1600_U9TEJGM,,,,
33_0818_1600_U9TEJGM,,,,
34_0818_1600_U9TEJGM,,,,
35_0818_1600_U9TEJGM,0.6363845290686986,0.16521179214675305,0.06785342712663447,0.2898165827806954
36_0818_1600_U9TEJGM,,,,
37_0818_1600_U9TEJGM,,,,
38_0818_1600_U9TEJGM,,,,
39_0818_1600_U9TEJGM,,,,
40_0818_1600_U9TEJGM,,,,
41_0818_1600_U9TEJGM,0.415324166149231,0.1960223117465009,0.0946744673836093,0.23534031509311373
42_0818_1600_U9TEJGM,,,,
43_0818_1600_U9TEJGM,,,,
44_0818_1600_U9TEJGM,,,,
45_0818_1600_U9TEJGM,0.36997647667926675,0.07780541307223703,0.11593915425113971,0.1879070146675478
46_0818_1600_U9TEJGM,,,,
47_0818_1600_U9TEJGM,,,,
48_0818_1600_U9TEJGM,,,,
49_0818_1600_U9TEJGM,,,,
50_0818_1600_U9TEJGM,,,,
51_0818_1600_U9TEJGM,0.4592911997211446,0.10147329916191826,0.10915630639351386,0.22330693509219224
52_0818_1600_U9TEJGM,,,,
53_0818_1600_U9TEJGM,,,,
54_0818_1600_U9TEJGM,,,,
55_0818_1600_U9TEJGM,,,,
56_0818_1600_U9TEJGM,0.5240617031808571,0.16749150058443044,0.19753476040654672,0.29636265472394474
57_0818_1600_U9TEJGM,0.6368090265321634,0.1012865445550561,0.03633086584175891,0.2581421456429928
58_0818_1600_U9TEJGM,,,,
59_0818_1600_U9TEJGM,0.5045757510181647,0.43498457317040967,0.30876719125623137,0.41610917181493523
60_0818_1600_U9TEJGM,,,,
61_0818_1600_U9TEJGM,0.34537321207720045,0.3218011989984197,0.09482752598860116,0.25400064568807373
62_0818_1600_U9TEJGM,0.6509799865110958,0.24566579461849147,0.18371350530031352,0.36011976214330027
63_0818_1600_U9TEJGM,,,,
64_0818_1600_U9TEJGM,0.7807862346205513,0.1391833165221649,0.10849506848587742,0.34282153987619784
65_0818_1600_U9TEJGM,,,,
66_0818_1600_U9TEJGM,0.7156090416110539,0.12138121515934308,0.1474452777678531,0.3281451781794167
67_0818_1600_U9TEJGM,,,,
68_0818_1600_U9TEJGM,0.78671227408796,0.08079634041952256,0.11554583958825608,0.32768481803191285
69_0818_1600_U9TEJGM,,,,
70_0818_1600_U9TEJGM,0.8143479759853571,0.13719332814825722,0.15652347988511847,0.36935492800624425
71_0818_1600_U9TEJGM,0.46831322430849937,0.08992530857825531,0.1268131677940086,0.2283505668935878
72_0818_1600_U9TEJGM,0.5832578079158145,0.12203443144365848,0.1251997481893695,0.2768306625162808
73_0818_1600_U9TEJGM,,,,
74_0818_1600_U9TEJGM,,,,
75_0818_1600_U9TEJGM,,,,
76_0818_1600_U9TEJGM,,,,
77_0818_1600_U9TEJGM,,,,
78_0818_1600_U9TEJGM,,,,
79_0818_1600_U9TEJGM,0.6855103059496973,0.13547175099560102,0.20785294794169062,0.3429450016289963
80_0818_1600_U9TEJGM,0.4126570152635421,0.0724289226951545,0.034741379213712495,0.17327577239080302
81_0818_1600_U9TEJGM,,,,
82_0818_1600_U9TEJGM,,,,
83_0818_1600_U9TEJGM,,,,
84_0818_1600_U9TEJGM,,,,
85_0818_1600_U9TEJGM,0.5237791961265704,0.1871974553907315,0.22494017693506654,0.3119722761507895
86_0818_1600_U9TEJGM,,,,
87_0818_1600_U9TEJGM,0.5375915423619184,0.26922214249718546,0.15127335147454302,0.31936234544454895
88_0818_1600_U9TEJGM,,,,
89_0818_1600_U9TEJGM,,,,
90_0818_1600_U9TEJGM,,,,
91_0818_1600_U9TEJGM,,,,
92_0818_1600_U9TEJGM,,,,
93_0818_1600_U9TEJGM,,,,
94_0818_1600_U9TEJGM,,,,
95_0818_1600_U9TEJGM,,,,
96_0818_1600_U9TEJGM,0.7595965771867705,0.10180501958613346,0.12621213457700123,0.32920457711663503
97_0818_1600_U9TEJGM,0.26089776035958195,0.0599713147648,0.008255352707683298,0.10970814261068841
98_0818_1600_U9TEJGM,,,,
99_0818_1600_U9TEJGM,,,,
101_0818_1600_U9TEJGM,,,,
102_0818_1600_U9TEJGM,,,,
104_0818_1600_U9TEJGM,0.4855788908286285,0.12562442272493626,0.05311024166359699,0.22143785173905392
105_0818_1600_U9TEJGM,,,,
106_0818_1600_U9TEJGM,0.6493319467369427,0.24945577537982133,0.12081554068366557,0.3398677542668099
107_0818_1600_U9TEJGM,,,,
108_0818_1600_U9TEJGM,,,,
109_0818_1600_U9TEJGM,,,,
110_0818_1600_U9TEJGM,,,,
111_0818_1600_U9TEJGM,,,,
112_0818_1600_U9TEJGM,,,,
113_0818_1600_U9TEJGM,,,,
114_0818_1600_U9TEJGM,,,,
115_0818_1600_U9TEJGM,,,,
116_0818_1600_U9TEJGM,,,,
117_0818_1600_U9TEJGM,,,,
118_0818_1600_U9TEJGM,,,,
119_0818_1600_U9TEJGM,,,,
120_0818_1600_U9TEJGM,0.4369161572634519,0.16452495888826887,0.0633395827736594,0.22159356630846005
121_0818_1600_U9TEJGM,,,,
122_0818_1600_U9TEJGM,,,,
123_0818_1600_U9TEJGM,,,,
124_0818_1600_U9TEJGM,,,,
125_0818_1600_U9TEJGM,0.6872536519457967,0.162490591418302,0.2248911503220868,0.35821179789539515
126_0818_1600_U9TEJGM,0.5768093902067238,0.31256824420747853,0.041698995978129934,0.3103588767974441
127_0818_1600_U9TEJGM,0.5806417554413127,0.2926648250978154,0.09292492859140888,0.32207716971017897
128_0818_1600_U9TEJGM,,,,
129_0818_1600_U9TEJGM,,,,
131_0818_1600_U9TEJGM,0.4576444522332454,0.11422315936796686,0.07711551568560009,0.2163277090956041
1_0819_1400_539136F,0.2332803946716451,0.2409623917439326,0.2838511173173195,0.2526979679109657
2_0819_1400_539136F,0.03314791651872987,0.5402223813173442,0.2513086190890999,0.2748929723083913
4_0819_1400_539136F,0.2635848766266964,0.2668646728873038,0.15400983815913913,0.2281531292243798
5_0819_1400_539136F,0.1856148701794013,0.46787084026332143,0.10862544186416144,0.2540370507689614
6_0819_1400_539136F,0.06537659114117673,0.3907332983988175,0.1745480694184847,0.21021931965282628
7_0819_1400_539136F,0.05622457223669416,0.6709627897420085,0.1815714987361996,0.30291962023830077
8_0819_1400_539136F,0.06007692139952205,0.19361159957173768,0.3164154652382379,0.19003466206983255
9_0819_1400_539136F,0.13122556964611812,0.6219643290930771,0.2895874589692459,0.3475924525694804
10_0819_1400_539136F,0.21853254370273092,0.6356775315017114,0.28751438789728573,0.3805748210339093
11_0819_1400_539136F,0.15956218879499626,0.48261592884932286,0.28924194446795254,0.3104733540374239
12_0819_1400_539136F,0.14291368545031977,0.6495969829652579,0.33020657243087886,0.3742390802821522
13_0819_1400_539136F,0.09803169308740507,0.4729068878176567,0.1570150019157461,0.24265119427360263
14_0819_1400_539136F,0.15908184527599728,0.2846435127239848,0.3365676508102516,0.26009766960341124
16_0819_1400_539136F,0.2274384155332946,0.6286307584752074,0.30805901611984704,0.38804273004278306
17_0819_1400_539136F,0.1516878799189634,0.5717605590619558,0.4245291586823378,0.38265919922108566
18_0819_1400_539136F,0.1899616724689858,0.5003679329227039,0.2262386636161664,0.305522756335952
19_0819_1400_539136F,,,,
20_0819_1400_539136F,0.40827334906860413,0.49459598658848064,0.5266680221345076,0.4765124525971974
21_0819_1400_539136F,0.34130759271937205,0.5172634724705323,0.33396600145811267,0.397512355549339
22_0819_1400_539136F,,,,
23_0819_1400_539136F,0.31007590656258194,0.4354704335622401,0.171851330989395,0.305799223704739
24_0819_1400_539136F,,,,
25_0819_1400_539136F,,,,
26_0819_1400_539136F,0.12973620321580956,0.7190109892500276,0.16078740205450487,0.33651153150678065
27_0819_1400_539136F,0.0745426792182619,0.36903205151950996,0.42598984353615327,0.28985485809130834
28_0819_1400_539136F,,,,
29_0819_1400_539136F,,,,
30_0819_1400_539136F,0.19946757090808798,0.46434352540534835,0.3641854072765285,0.3426655011966549
31_0819_1400_539136F,0.23557975767094996,0.7534958455650123,0.39132785586324714,0.46013448636640314
32_0819_1400_539136F,,,,
33_0819_1400_539136F,0.1557057771491768,0.5281922863657573,0.21370973036002897,0.299202597958321
34_0819_1400_539136F,0.29652405278172544,0.6994956594426123,0.2550737845261657,0.4170311655835011
35_0819_1400_539136F,,,,
36_0819_1400_539136F,,,,
37_0819_1400_539136F,0.2538430842506727,0.505683300182133,0.1920466320483805,0.31719100549372875
38_0819_1400_539136F,,,,
39_0819_1400_539136F,,,,
40_0819_1400_539136F,0.15127298477670015,0.5201434857147139,0.20098226555736223,0.29079957868292544
41_0819_1400_539136F,,,,
42_0819_1400_539136F,0.2587119552641407,0.5489739553415449,0.2756271012393812,0.36110433728168895
43_0819_1400_539136F,,,,
44_0819_1400_539136F,,,,
45_0819_1400_539136F,,,,
46_0819_1400_539136F,0.20550916651521808,0.3926358349804744,0.34276009937566804,0.3136350336237868
47_0819_1400_539136F,0.15650532540954035,0.42939407827599313,0.2925777016647913,0.29282570178344164
48_0819_1400_539136F,0.035229911094521095,0.36205920432884936,0.26139636386596915,0.21956182642977987
49_0819_1400_539136F,,,,
50_0819_1400_539136F,,,,
51_0819_1400_539136F,,,,
52_0819_1400_539136F,,,,
53_0819_1400_539136F,0.17753297064870732,0.32240921609500756,0.3173739924737355,0.2724387264058168
54_0819_1400_539136F,,,,
55_0819_1400_539136F,0.5533164358136812,0.7823668319751437,0.601885744077043,0.6458563372886226
56_0819_1400_539136F,,,,
57_0819_1400_539136F,0.06799351031844532,0.3558694454237326,0.18305693033705292,0.20230662869307695
58_0819_1400_539136F,,,,
59_0819_1400_539136F,,,,
60_0819_1400_539136F,0.2553469634061892,0.43169359708755844,0.19935341517562033,0.295464658556456
61_0819_1400_539136F,0.08653037062177887,0.5938308030521043,0.2715394650060546,0.3173002128933126
62_0819_1400_539136F,,,,
63_0819_1400_539136F,0.08659347286245388,0.5766926153832548,0.2546457056471519,0.30597726463095354
64_0819_1400_539136F,,,,
65_0819_1400_539136F,,,,
66_0819_1400_539136F,0.3548768293219093,0.4954784785732345,0.34200431677950643,0.3974532082248834
67_0819_1400_539136F,0.18375192855353747,0.20513137915215837,0.2897010106800756,0.22619477279525713
68_0819_1400_539136F,0.09583990240414221,0.6839537940482594,0.3258927250172304,0.36856214048987734
69_0819_1400_539136F,0.16886740433875294,0.16220889169581335,0.428955410589704,0.2533439022080901
70_0819_1400_539136F,0.33393763121752257,0.5722555085785227,0.37172640867461076,0.425973182823552
71_0819_1400_539136F,0.06026811087459514,0.574750228011914,0.2786472979128944,0.30455521226646787
72_0819_1400_539136F,,,,
73_0819_1400_539136F,,,,
74_0819_1400_539136F,,,,
75_0819_1400_539136F,,,,
76_0819_1400_539136F,,,,
77_0819_1400_539136F,,,,
78_0819_1400_539136F,0.1790227352374786,0.3087611806059965,0.3143995963008969,0.26739450404812404
79_0819_1400_539136F,0.17303895626597254,0.3440423922543327,0.2579948390912812,0.2583587292038621
80_0819_1400_539136F,,,,
81_0819_1400_539136F,,,,
82_0819_1400_539136F,,,,
83_0819_1400_539136F,,,,
84_0819_1400_539136F,,,,
85_0819_1400_539136F,0.15908946709274177,0.3553984406665352,0.12292909615657356,0.21247233463861684
86_0819_1400_539136F,,,,
87_0819_1400_539136F,0.44331835271844894,0.25648657643508005,0.32036533874576156,0.3400567559664302
88_0819_1400_539136F,,,,
89_0819_1400_539136F,,,,
90_0819_1400_539136F,0.1354962010181413,0.1763956338420407,0.26831460377444066,0.19340214621154087
91_0819_1400_539136F,,,,
92_0819_1400_539136F,,,,
93_0819_1400_539136F,0.16458430884508965,0.2325052113361428,0.4437951350926029,0.2802948850912785
94_0819_1400_539136F,0.08928081183723668,0.5118195040286005,0.1380367276342803,0.24637901450003918
95_0819_1400_539136F,0.05546824385677678,0.48038808250837967,0.36205841566689556,0.299304914010684
96_0819_1400_539136F,0.3434263819201198,0.1381113468189531,0.2225744934550116,0.23470407406469485
97_0819_1400_539136F,,,,
98_0819_1400_539136F,,,,
99_0819_1400_539136F,0.0375765312307793,0.37966699482240784,0.17415390191391134,0.19713247598903283
100_0819_1400_539136F,0.35458463503299736,0.2537086054705091,0.2787008679217996,0.2956647028084353
101_0819_1400_539136F,0.26281785305257516,0.31207424044579596,0.35250899737708496,0.30913369695848536
102_0819_1400_539136F,,,,
103_0819_1400_539136F,,,,
104_0819_1400_539136F,0.5006661311517845,0.19598902766630888,0.12254399954211663,0.27306638612007
105_0819_1400_539136F,,,,
106_0819_1400_539136F,0.01662890027839334,0.5194757641228992,0.2283945554223404,0.25483307327454435
107_0819_1400_539136F,,,,
108_0819_1400_539136F,,,,
109_0819_1400_539136F,,,,
110_0819_1400_539136F,,,,
111_0819_1400_539136F,,,,
112_0819_1400_539136F,,,,
113_0819_1400_539136F,,,,
114_0819_1400_539136F,,,,
115_0819_1400_539136F,,,,
116_0819_1400_539136F,,,,
117_0819_1400_539136F,,,,
118_0819_1400_539136F,,,,
119_0819_1400_539136F,,,,
120_0819_1400_539136F,,,,
121_0819_1400_539136F,,,,
122_0819_1400_539136F,,,,
123_0819_1400_539136F,,,,
124_0819_1400_539136F,,,,
125_0819_1400_539136F,0.05343586389223114,0.29587147921340995,0.17639872859421038,0.17523535723328384
126_0819_1400_539136F,,,,
127_0819_1400_539136F,,,,
128_0819_1400_539136F,0.23926283230622677,0.3803464211131164,0.2401907015638233,0.2865999849943888
129_0819_1400_539136F,,,,
130_0819_1400_539136F,,,,
131_0819_1400_539136F,,,,
132_0819_1400_539136F,0.1255588486482643,0.41597415243269026,0.3609298661790055,0.3008209557533201
133_0819_1400_539136F,,,,
134_0819_1400_539136F,0.07432517642790276,0.38836191329519093,0.265069311204966,0.2425854669760199
5_0819_1400_9M4VCHG,0.3975696276931899,0.37730195818144036,0.7737761125027719,0.516215899459134
7_0819_1400_9M4VCHG,0.2593037117534667,0.6729646124404202,0.8241654926414322,0.5854779389451065
8_0819_1400_9M4VCHG,0.41034971237718176,0.3051213410604832,0.573718330763007,0.4297297947335574
9_0819_1400_9M4VCHG,0.2387780862399577,0.2542987060738647,0.5826678090239564,0.35858153377925966
10_0819_1400_9M4VCHG,0.3476447926835349,0.213230757027535,0.561827570689082,0.3742343734667173
11_0819_1400_9M4VCHG,0.510908767716023,0.3531133524067303,0.6367371406882031,0.5002530869369854
12_0819_1400_9M4VCHG,0.31424045733225303,0.5098162071954074,0.6780649703485938,0.5007072116254181
13_0819_1400_9M4VCHG,0.1944284494736764,0.36628699301229767,0.5473627007596411,0.3693593810818718
14_0819_1400_9M4VCHG,0.39039913658111747,0.59261322629334,0.8113974262062564,0.598136596360238
15_0819_1400_9M4VCHG,0.20036870414676766,0.20830236849490788,0.6754609393983243,0.36137733734666666
17_0819_1400_9M4VCHG,0.3307758721455585,0.6586274410531764,0.8233670353200485,0.6042567828395945
18_0819_1400_9M4VCHG,0.23501365941817096,0.59030651351602,0.8267813944715082,0.5507005224685665
19_0819_1400_9M4VCHG,0.23065196077281813,0.09172380461998363,0.43283570791453824,0.2517371577691134
20_0819_1400_9M4VCHG,0.3717638650015575,0.2691403816115865,0.7316964315035088,0.4575335593722176
21_0819_1400_9M4VCHG,0.4414989564770455,0.22243362557075907,0.5911048897820136,0.4183458239432727
22_0819_1400_9M4VCHG,0.6252139368437081,0.34450820239047625,0.7213268925220575,0.5636830105854139
23_0819_1400_9M4VCHG,0.6563031011356645,0.375606673021178,0.6069591366936747,0.5462896369501724
24_0819_1400_9M4VCHG,0.45711803208834906,0.6014219985283215,0.6813832515314856,0.5799744273827186
25_0819_1400_9M4VCHG,0.3424017731878312,0.5506504782656851,0.720111133723801,0.5377211283924391
27_0819_1400_9M4VCHG,0.33761148009669234,0.31641007843829516,0.6196780038847439,0.42456652080657714
28_0819_1400_9M4VCHG,0.22584740288740238,0.5535174411608969,0.7152664226276958,0.4982104222253317
29_0819_1400_9M4VCHG,0.27062444671807373,0.2642172665356552,0.7455729708658111,0.42680489470651334
30_0819_1400_9M4VCHG,,,,
31_0819_1400_9M4VCHG,0.6346538513901357,0.38483999603219776,0.6882455610561786,0.5692464694928373
33_0819_1400_9M4VCHG,0.5278027336849129,0.5076986875796933,0.6691767644804331,0.5682260619150131
34_0819_1400_9M4VCHG,0.6193104860401296,0.7045609381921664,0.7842443245688872,0.7027052496003944
35_0819_1400_9M4VCHG,0.3705788752170316,0.5575218086318848,0.7245788987718749,0.5508931942069304
36_0819_1400_9M4VCHG,0.39268306350162563,0.6015137282271126,0.7208853565914727,0.5716940494400703
37_0819_1400_9M4VCHG,,,,
38_0819_1400_9M4VCHG,0.10982716284854788,0.5158691138188035,0.8086494898386185,0.4781152555019899
40_0819_1400_9M4VCHG,0.6443594445792464,0.48512799356667663,0.617852326768605,0.5824465883048426
42_0819_1400_9M4VCHG,0.33983243876235125,0.35838392862238516,0.7221284417727175,0.4734482697191513
44_0819_1400_9M4VCHG,0.3412981757471096,0.4340259373875921,0.6168632567984017,0.46406245664436785
45_0819_1400_9M4VCHG,0.5874474030975455,0.37414994293853326,0.5582749665949246,0.5066241042103344
47_0819_1400_9M4VCHG,0.23392982210594823,0.5276692337202464,0.6997162928200336,0.4871051162154094
50_0819_1400_9M4VCHG,,,,
51_0819_1400_9M4VCHG,0.4355634454455097,0.1268362793520426,0.3200083541147325,0.2941360263040949
52_0819_1400_9M4VCHG,0.1571818213100663,0.0711493695905731,0.35303409531299307,0.1937884287378775
53_0819_1400_9M4VCHG,0.3731813073637544,0.5195387305124256,0.7511165668607394,0.5479455349123065
54_0819_1400_9M4VCHG,0.09432969780682783,0.19242265086209073,0.66770106989002,0.3181511395196462
55_0819_1400_9M4VCHG,0.3356351518974851,0.21012850788911008,0.6135180085543509,0.3864272227803154
56_0819_1400_9M4VCHG,0.48584142353345827,0.2857612631748569,0.3851992294363092,0.38560063871487477
57_0819_1400_9M4VCHG,0.46572575624070384,0.5292784024490288,0.7529239996953603,0.5826427194616977
58_0819_1400_9M4VCHG,0.24160589529015897,0.4252554227211731,0.6072522052499397,0.4247045077537573
59_0819_1400_9M4VCHG,0.44485096276449837,0.3299647506945719,0.3994378914450188,0.391417868301363
61_0819_1400_9M4VCHG,0.5325841397805012,0.5285599730678395,0.7953451109616894,0.61882974127001
63_0819_1400_9M4VCHG,0.3886575441573999,0.3945246505105033,0.5981318897304476,0.46043802813278356
64_0819_1400_9M4VCHG,0.4418865999029548,0.47092650304936506,0.6779687571678353,0.5302606200400518
65_0819_1400_9M4VCHG,0.1925379883444223,0.3634048323402826,0.6300781465587103,0.39534032241447176
66_0819_1400_9M4VCHG,0.39825222460051374,0.4098906676058429,0.6684439818368441,0.49219562468106687
67_0819_1400_9M4VCHG,0.4838012840666878,0.640030318997304,0.8786020747984388,0.6674778926208101
68_0819_1400_9M4VCHG,0.27034126702993083,0.30262629897208226,0.604396296188597,0.3924546207302034
69_0819_1400_9M4VCHG,0.16161807076360576,0.43151624794169896,0.6843113936273454,0.42581523744421673
70_0819_1400_9M4VCHG,0.155999732531656,0.365951130831446,0.7225983413495,0.4148497349042007
72_0819_1400_9M4VCHG,0.27289427560807683,0.28133774405722217,0.40612091788510973,0.32011764585013625
73_0819_1400_9M4VCHG,0.30608340389302857,0.3015117380921379,0.5759768827808645,0.3945240082553436
74_0819_1400_9M4VCHG,0.4202767316182021,0.5345216757739759,0.7150953538607477,0.5566312537509752
75_0819_1400_9M4VCHG,0.6398615208652831,0.6206600008702506,0.8092465983574999,0.6899227066976779
76_0819_1400_9M4VCHG,0.2542149876002599,0.2339323787805193,0.6121550623038133,0.36676747622819755
78_0819_1400_9M4VCHG,0.2935095190851883,0.060617127957684924,0.5513360936288288,0.301820913557234
79_0819_1400_9M4VCHG,0.4087780784512154,0.35912467181747654,0.4790863718423606,0.41566304070368415
81_0819_1400_9M4VCHG,0.16585298907294319,0.33264054906657503,0.5006768446249045,0.33305679425480755
84_0819_1400_9M4VCHG,0.2681469074304403,0.3703040038123488,0.7500712165134319,0.46284070925207366
85_0819_1400_9M4VCHG,,,,
86_0819_1400_9M4VCHG,,,,
87_0819_1400_9M4VCHG,,,,
88_0819_1400_9M4VCHG,,,,
90_0819_1400_9M4VCHG,0.43188886900182455,0.524352301703097,0.7256227115144062,0.5606212940731092
91_0819_1400_9M4VCHG,,,,
93_0819_1400_9M4VCHG,0.5520256161460811,0.3611487094402168,0.7386353201255029,0.550603215237267
94_0819_1400_9M4VCHG,0.5966035046291062,0.34149979144884846,0.7043733293511586,0.547492208476371
95_0819_1400_9M4VCHG,,,,
96_0819_1400_9M4VCHG,0.2858474205165765,0.4153820642817727,0.7001982056705693,0.4671425634896395
98_0819_1400_9M4VCHG,0.36341611768199206,0.4550752466679285,0.6914142204611805,0.5033018616037004
99_0819_1400_9M4VCHG,0.29408699427562307,0.24435571857527227,0.533341683227503,0.35726146535946607
100_0819_1400_9M4VCHG,0.08207404773933052,0.33301538994711416,0.5253065546870167,0.3134653307911538
101_0819_1400_9M4VCHG,0.11045673962516588,0.1542090462983916,0.3616838254487662,0.20878320379077456
102_0819_1400_9M4VCHG,0.09320753196150201,0.24703018187968948,0.5514375482747557,0.2972250873719824
103_0819_1400_9M4VCHG,0.37968951888367286,0.25327061771375464,0.5096994216515932,0.3808865194163403
104_0819_1400_9M4VCHG,0.43965164043730737,0.34827350147087294,0.6492846639898329,0.4790699352993377
106_0819_1400_9M4VCHG,0.3894991868928053,0.7162183489321116,0.8301360679267615,0.6452845345838928
107_0819_1400_9M4VCHG,0.6679722558086251,0.3662939299137855,0.5049676677793129,0.5130779511672411
108_0819_1400_9M4VCHG,0.5837664634970144,0.7590704664807454,0.8978298059738928,0.7468889119838842
109_0819_1400_9M4VCHG,,,,
110_0819_1400_9M4VCHG,,,,
111_0819_1400_9M4VCHG,,,,
113_0819_1400_9M4VCHG,,,,
115_0819_1400_9M4VCHG,0.26680790173369884,0.2536988205533118,0.7047193094981633,0.4084086772617246
117_0819_1400_9M4VCHG,0.3703243950861708,0.19324199114532703,0.26384179397473395,0.2758027267354106
118_0819_1400_9M4VCHG,0.39950007206060273,0.32695625332509826,0.6958028494660429,0.47408639161724797
120_0819_1400_9M4VCHG,0.41565714003930054,0.3796222539993604,0.7521757747631673,0.5158183896006094
121_0819_1400_9M4VCHG,0.3319838675668177,0.2462551998222456,0.6344498300781721,0.40422963248907845
123_0819_1400_9M4VCHG,,,,
124_0819_1400_9M4VCHG,0.3736066865879834,0.21254575136377574,0.20868958192400092,0.26494733995858666
125_0819_1400_9M4VCHG,,,,
126_0819_1400_9M4VCHG,,,,
127_0819_1400_9M4VCHG,0.5499347191421566,0.44974284062592723,0.7485899922823847,0.5827558506834895
128_0819_1400_9M4VCHG,0.5364921653306234,0.5660084746708994,0.7170783120807386,0.6065263173607538
129_0819_1400_9M4VCHG,0.5329064200734771,0.4854866656732098,0.7122824994837554,0.5768918617434808
130_0819_1400_9M4VCHG,,,,
131_0819_1400_9M4VCHG,,,,
132_0819_1400_9M4VCHG,,,,
133_0819_1400_9M4VCHG,0.44239082204002705,0.48414674546961384,0.7879850603166725,0.5715075426087711
134_0819_1400_9M4VCHG,,,,
135_0819_1400_9M4VCHG,0.39848790271899065,0.6869316017978209,0.8643973791634393,0.6499389612267503
136_0819_1400_9M4VCHG,0.6043803150782824,0.6059422270755955,0.8273735038175656,0.6792320153238145
137_0819_1400_9M4VCHG,0.3032539045840598,0.5391094625220774,0.5207986145173233,0.4543873272078202
138_0819_1400_9M4VCHG,0.2163822922939119,0.4205572191257468,0.790298113409289,0.47574587494298254
139_0819_1400_9M4VCHG,0.5024804624553989,0.21291797409475288,0.4780816565911983,0.3978266977137834
140_0819_1400_9M4VCHG,0.36054822821601745,0.7277371907796529,0.8320690036463674,0.6401181408806792
141_0819_1400_9M4VCHG,0.38918800255407543,0.5242945298429319,0.7987847682906786,0.5707557668958952
142_0819_1400_9M4VCHG,,,,
143_0819_1400_9M4VCHG,0.47144720180587724,0.5088819402052039,0.6856578167531883,0.5553289862547565
144_0819_1400_9M4VCHG,0.5031059220619251,0.5207077054275766,0.7491617855295756,0.5909918043396925
147_0819_1400_9M4VCHG,0.3696470657919864,0.4021927397335368,0.6289116326038351,0.4669171460431194
148_0819_1400_9M4VCHG,0.2653672680098374,0.4145248435606442,0.5127331271619625,0.397541746244148
149_0819_1400_9M4VCHG,,,,
150_0819_1400_9M4VCHG,0.20346676610095718,0.40732979316267065,0.5971612055357212,0.40265258826644973
151_0819_1400_9M4VCHG,0.20317269612885067,0.19035092602354706,0.5782129448624033,0.3239121890049337
152_0819_1400_9M4VCHG,,,,
153_0819_1400_9M4VCHG,,,,
154_0819_1400_9M4VCHG,0.34281292566778826,0.5932523573637299,0.7768511473808893,0.5709721434708025
155_0819_1400_9M4VCHG,,,,
156_0819_1400_9M4VCHG,,,,
159_0819_1400_9M4VCHG,,,,
160_0819_1400_9M4VCHG,,,,
0_0823_1400_539136F,,,,
1_0823_1400_539136F,0.9931552329989524,0.983622376491993,0.9859228002398858,0.9875668032436105
2_0823_1400_539136F,0.986219913820139,0.9631026712999415,0.9746640558606279,0.9746622136602361
3_0823_1400_539136F,,,,
4_0823_1400_539136F,0.9783779251140509,0.9402782167028797,0.9734017505674121,0.9640192974614475
5_0823_1400_539136F,,,,
6_0823_1400_539136F,0.9838502980557235,0.9548404922937964,0.9735575247280135,0.9707494383591778
7_0823_1400_539136F,0.934679820983226,0.865620146491033,0.9038322270938218,0.9013773981893602
8_0823_1400_539136F,,,,
9_0823_1400_539136F,0.9713067419926529,0.9370181721886732,0.9547488649428407,0.9543579263747223
10_0823_1400_539136F,0.9912037010632165,0.98110696291982,0.9824925432897289,0.9849344024242551
11_0823_1400_539136F,,,,
12_0823_1400_539136F,0.992811606866638,0.9767529853967795,0.9924217366631952,0.9873287763088708
13_0823_1400_539136F,,,,
14_0823_1400_539136F,0.9937636841487901,0.9849141316392251,0.9925700308661679,0.9904159488847277
15_0823_1400_539136F,0.9761650450863654,0.9375947765341038,0.957866582619828,0.9572088014134325
16_0823_1400_539136F,,,,
17_0823_1400_539136F,,,,
18_0823_1400_539136F,0.9930089274956564,0.979321412222315,0.9921078980994666,0.9881460792724793
19_0823_1400_539136F,0.9846000221052144,0.9605004915498844,0.9791394018682499,0.9747466385077829
20_0823_1400_539136F,0.9805987950758346,0.9590270439258924,0.9535668099997973,0.9643975496671748
21_0823_1400_539136F,,,,
22_0823_1400_539136F,0.9666137803174558,0.8892816525334707,0.9393453808169695,0.9317469378892986
23_0823_1400_539136F,,,,
24_0823_1400_539136F,,,,
25_0823_1400_539136F,,,,
26_0823_1400_539136F,0.9786104608029125,0.9430691084517936,0.9617414669716519,0.961140345408786
27_0823_1400_539136F,,,,
28_0823_1400_539136F,0.9804345658342508,0.9415553642119819,0.7110365239999531,0.877675484682062
29_0823_1400_539136F,0.9905655956019302,0.974889303408493,0.9826902244801786,0.982715041163534
30_0823_1400_539136F,0.9964167074384577,0.987829787381234,0.9941820140344125,0.992809502951368
31_0823_1400_539136F,,,,
32_0823_1400_539136F,0.9775532606134361,0.9482453688539002,0.9486507264341348,0.9581497853004904
33_0823_1400_539136F,,,,
34_0823_1400_539136F,0.9937739983394488,0.9814130358548621,0.9864464997375698,0.9872111779772936
35_0823_1400_539136F,0.9931157278044126,0.9831022087258253,0.9832571480859319,0.9864916948720567
36_0823_1400_539136F,,,,
37_0823_1400_539136F,,,,
38_0823_1400_539136F,0.9914846764724891,0.9774341077875794,0.9862599088032565,0.9850595643544416
39_0823_1400_539136F,,,,
40_0823_1400_539136F,,,,
41_0823_1400_539136F,0.9849803657446587,0.9618409892148705,0.9723085716774534,0.9730433088789942
42_0823_1400_539136F,,,,
43_0823_1400_539136F,0.9059977736610262,0.7975088679349996,0.8364581315019738,0.8466549243659999
44_0823_1400_539136F,0.9875364310279907,0.9723385385966291,0.9864814157284852,0.9821187951177017
45_0823_1400_539136F,,,,
46_0823_1400_539136F,,,,
47_0823_1400_539136F,,,,
48_0823_1400_539136F,,,,
49_0823_1400_539136F,0.9598888128192712,0.9017182129163653,0.9538176202011672,0.9384748819789346
50_0823_1400_539136F,,,,
51_0823_1400_539136F,0.9675029396224605,0.9149023732862109,0.9539119140744599,0.9454390756610437
52_0823_1400_539136F,,,,
53_0823_1400_539136F,0.961186072335472,0.8777959863343102,0.941483375079763,0.9268218112498484
54_0823_1400_539136F,,,,
55_0823_1400_539136F,0.9659998751705873,0.9222060701045477,0.9497599158483553,0.9459886203744968
56_0823_1400_539136F,,,,
57_0823_1400_539136F,,,,
58_0823_1400_539136F,,,,
59_0823_1400_539136F,0.9484415698121694,0.8913888262873648,0.9186540200383458,0.9194948053792933
60_0823_1400_539136F,0.9867500627742474,0.9704950200821528,0.9709762387378692,0.9760737738647566
61_0823_1400_539136F,0.9974551337015324,0.9917590016472689,0.9969717028429953,0.9953952793972656
62_0823_1400_539136F,0.9794787139624154,0.9407442523183017,0.959077970475302,0.959766978918673
63_0823_1400_539136F,0.9891010410015367,0.9696822576264518,0.9831727115157071,0.9806520033812318
64_0823_1400_539136F,0.9973235919316074,0.992375019308961,0.9955022622610078,0.9950669578338588
65_0823_1400_539136F,0.9869772650093133,0.9664289377010693,0.9782672829792157,0.9772244952298661
66_0823_1400_539136F,0.9919954946627326,0.9788073374626084,0.986893687982977,0.9858988400361061
67_0823_1400_539136F,0.9815637817932,0.9462403773111662,0.9659827544330684,0.9645956378458115
68_0823_1400_539136F,0.9910885896498742,0.9753345769875819,0.9848261545310667,0.9837497737228409
69_0823_1400_539136F,,,,
70_0823_1400_539136F,,,,
71_0823_1400_539136F,0.9134134740261537,0.808580341434635,0.8286561166350029,0.8502166440319305
72_0823_1400_539136F,0.9951401813418078,0.9881225443499013,0.9924193707937062,0.9918940321618052
73_0823_1400_539136F,0.9840678462845709,0.960610761095571,0.9734210693845275,0.9726998922548898
74_0823_1400_539136F,0.9466570456902831,0.8555135022425647,0.9119908878805155,0.9047204786044545
75_0823_1400_539136F,0.9407646263466326,0.8606060595017956,0.9115873907329665,0.9043193588604649
76_0823_1400_539136F,,,,
77_0823_1400_539136F,0.9892457973438927,0.973686734143793,0.9842406904324811,0.982391073973389
78_0823_1400_539136F,0.9947252289749772,0.9871969055182422,0.991077547707555,0.9909998940669248
79_0823_1400_539136F,,,,
80_0823_1400_539136F,,,,
81_0823_1400_539136F,0.9722938015375124,0.9269742198250159,0.9533822727276092,0.9508834313633793
82_0823_1400_539136F,,,,
83_0823_1400_539136F,0.9800054237458121,0.9415367843889909,0.9675587974310589,0.9630336685219539
84_0823_1400_539136F,0.9886956537225579,0.9574048232264895,0.846152522432662,0.9307509997939031
85_0823_1400_539136F,0.9945727174845476,0.9835882044894539,0.9913694694698424,0.9898434638146146
86_0823_1400_539136F,0.9903434708206292,0.9769560579960873,0.9815418189558289,0.9829471159241819
87_0823_1400_539136F,0.9883437100061122,0.9672092793292292,0.9811654826422154,0.9789061573258522
88_0823_1400_539136F,,,,
89_0823_1400_539136F,0.9825004894721573,0.9565624193896994,0.9705871330847131,0.9698833473155233
90_0823_1400_539136F,,,,
91_0823_1400_539136F,,,,
92_0823_1400_539136F,0.9468549045155804,0.8776876746295917,0.6509108755523696,0.8251511515658473
93_0823_1400_539136F,0.9575706750570401,0.8937266772499126,0.9304095654447453,0.927235639250566
94_0823_1400_539136F,0.9979745401331322,0.9938678196160478,0.9966684364027887,0.9961702653839896
95_0823_1400_539136F,0.991505300604237,0.978696479780537,0.989357069635588,0.986519616673454
96_0823_1400_539136F,0.9851072360952807,0.9560034596954045,0.9844265115481874,0.9751790691129575
97_0823_1400_539136F,0.9954254647650149,0.9866192115725614,0.9908971716213827,0.9909806159863197
98_0823_1400_539136F,0.9974547399596524,0.9932982131169025,0.9970837106448416,0.9959455545737989
99_0823_1400_539136F,0.988738872097174,0.9692724140076717,0.9790923412730331,0.979034542459293
100_0823_1400_539136F,0.9641840002927574,0.8938379724280265,0.977760440594531,0.9452608044384383
101_0823_1400_539136F,0.8901714768328581,0.7760372429446668,0.7960071503369287,0.8207386233714845
102_0823_1400_539136F,0.9504363041278899,0.8916579407123243,0.9176690184704649,0.9199210877702263
103_0823_1400_539136F,0.907788136493127,0.799309502258014,0.8621240543007863,0.8564072310173091
104_0823_1400_539136F,0.9919772232413434,0.97928860979546,0.985801069735269,0.9856889675906908
105_0823_1400_539136F,0.9716234201920618,0.9238171514338945,0.9542340915360973,0.9498915543873512
106_0823_1400_539136F,,,,
107_0823_1400_539136F,,,,
108_0823_1400_539136F,0.974091292468068,0.9395268569583646,0.9612747226359565,0.9582976240207963
109_0823_1400_539136F,0.9868491578681132,0.969432608583683,0.9744152562215255,0.9768990075577739
110_0823_1400_539136F,0.9872650475659288,0.9645894142997912,0.9744736412792093,0.9754427010483098
111_0823_1400_539136F,0.9931682825798626,0.9808755573821877,0.9764058110716521,0.9834832170112341
112_0823_1400_539136F,0.9969131615901223,0.9924233692999137,0.993345665493487,0.9942273987945077
113_0823_1400_539136F,0.9804885774038535,0.9470399299332412,0.9699382246368815,0.9658222439913254
114_0823_1400_539136F,,,,
115_0823_1400_539136F,,,,
116_0823_1400_539136F,0.9892306541154293,0.9721371319322051,0.9799575718174292,0.9804417859550213
117_0823_1400_539136F,0.9776695427620945,0.9481760722055483,0.967597263715274,0.9644809595609724
118_0823_1400_539136F,,,,
119_0823_1400_539136F,0.9761804996692737,0.9370644575275541,0.9678005763454527,0.9603485111807601
120_0823_1400_539136F,,,,
121_0823_1400_539136F,0.9782264591149262,0.948525292117164,0.9667515474412886,0.964501099557793
122_0823_1400_539136F,0.9595540115677496,0.9047513730432167,0.9444329842992212,0.9362461229700626
124_0823_1400_539136F,0.9616692637801892,0.9069129774958267,0.9329209188021506,0.9338343866927222
125_0823_1400_539136F,0.9966043558076171,0.9886800251676809,0.9472040072626712,0.9774961294126564
126_0823_1400_539136F,,,,
127_0823_1400_539136F,0.9968094880202264,0.9910584540241899,0.9943717820625543,0.9940799080356569
128_0823_1400_539136F,0.9922219305478484,0.9788456056735196,0.9870866162370396,0.9860513841528026
129_0823_1400_539136F,0.9915025906509608,0.9779576345571894,0.9843386993210554,0.9845996415097352
130_0823_1400_539136F,0.9651958057938951,0.9168957358067992,0.9563531622148155,0.94614823460517
131_0823_1400_539136F,0.9918176609546703,0.9803728476526467,0.9866871857752207,0.9862925647941793
132_0823_1400_539136F,0.9966253481453285,0.9900842523173954,0.996556860547232,0.9944221536699853
0_0823_1400_9M4VCHG,0.42120621354410726,0.42652297477249707,0.4233538011816598,0.4236943298327547
1_0823_1400_9M4VCHG,,,,
2_0823_1400_9M4VCHG,,,,
3_0823_1400_9M4VCHG,,,,
4_0823_1400_9M4VCHG,,,,
5_0823_1400_9M4VCHG,,,,
6_0823_1400_9M4VCHG,,,,
7_0823_1400_9M4VCHG,,,,
8_0823_1400_9M4VCHG,0.45704522880533,0.1294773906797809,0.08117083312073879,0.22256448420194988
9_0823_1400_9M4VCHG,,,,
10_0823_1400_9M4VCHG,,,,
11_0823_1400_9M4VCHG,,,,
12_0823_1400_9M4VCHG,,,,
13_0823_1400_9M4VCHG,0.36155342247818895,0.17450806097636076,0.15331861961126259,0.22979336768860412
14_0823_1400_9M4VCHG,,,,
15_0823_1400_9M4VCHG,,,,
16_0823_1400_9M4VCHG,,,,
17_0823_1400_9M4VCHG,,,,
18_0823_1400_9M4VCHG,,,,
19_0823_1400_9M4VCHG,,,,
20_0823_1400_9M4VCHG,0.34608384794038466,0.42159223269561746,0.17410640587299075,0.31392749550299764
21_0823_1400_9M4VCHG,,,,
22_0823_1400_9M4VCHG,,,,
23_0823_1400_9M4VCHG,,,,
24_0823_1400_9M4VCHG,,,,
25_0823_1400_9M4VCHG,0.04024148720889878,0.08408289677242364,0.07244319235030826,0.06558919211054355
26_0823_1400_9M4VCHG,0.3771803359240316,0.13148162272270011,0.21318445678352274,0.2406154718100848
27_0823_1400_9M4VCHG,0.5620074753764793,0.22347170244037673,0.24076999729192186,0.34208305836959263
28_0823_1400_9M4VCHG,0.5057982584736997,0.2337597293512581,0.39500392296082615,0.37818730359526137
29_0823_1400_9M4VCHG,,,,
30_0823_1400_9M4VCHG,,,,
31_0823_1400_9M4VCHG,,,,
32_0823_1400_9M4VCHG,,,,
33_0823_1400_9M4VCHG,,,,
34_0823_1400_9M4VCHG,,,,
35_0823_1400_9M4VCHG,,,,
36_0823_1400_9M4VCHG,0.3921112526243152,0.4967392116330311,0.4140945236010786,0.4343149959528083
37_0823_1400_9M4VCHG,,,,
38_0823_1400_9M4VCHG,,,,
39_0823_1400_9M4VCHG,,,,
40_0823_1400_9M4VCHG,,,,
41_0823_1400_9M4VCHG,,,,
42_0823_1400_9M4VCHG,,,,
43_0823_1400_9M4VCHG,,,,
44_0823_1400_9M4VCHG,,,,
45_0823_1400_9M4VCHG,,,,
46_0823_1400_9M4VCHG,,,,
47_0823_1400_9M4VCHG,,,,
48_0823_1400_9M4VCHG,0.4077713219033406,0.19046088774535283,0.18885530651969465,0.26236250538946265
49_0823_1400_9M4VCHG,0.28875858769613455,0.17034296669120783,0.2227341422237732,0.2272785655370385
50_0823_1400_9M4VCHG,,,,
51_0823_1400_9M4VCHG,,,,
52_0823_1400_9M4VCHG,,,,
53_0823_1400_9M4VCHG,,,,
54_0823_1400_9M4VCHG,0.12963473939675393,0.16475257657868378,0.22085417865971999,0.1717471648783859
55_0823_1400_9M4VCHG,,,,
56_0823_1400_9M4VCHG,,,,
57_0823_1400_9M4VCHG,,,,
58_0823_1400_9M4VCHG,0.5639686251891441,0.3029028375285528,0.3122731984886316,0.3930482204021095
59_0823_1400_9M4VCHG,,,,
60_0823_1400_9M4VCHG,0.5142139997994347,0.17415775463544914,0.25954524439918336,0.31597233294468907
61_0823_1400_9M4VCHG,,,,
62_0823_1400_9M4VCHG,,,,
63_0823_1400_9M4VCHG,0.2924544101143027,0.28003253640919595,0.057057411235407786,0.20984811925296878
64_0823_1400_9M4VCHG,,,,
65_0823_1400_9M4VCHG,,,,
66_0823_1400_9M4VCHG,,,,
67_0823_1400_9M4VCHG,,,,
68_0823_1400_9M4VCHG,,,,
69_0823_1400_9M4VCHG,,,,
70_0823_1400_9M4VCHG,,,,
72_0823_1400_9M4VCHG,,,,
73_0823_1400_9M4VCHG,,,,
74_0823_1400_9M4VCHG,,,,
75_0823_1400_9M4VCHG,,,,
76_0823_1400_9M4VCHG,,,,
77_0823_1400_9M4VCHG,,,,
78_0823_1400_9M4VCHG,,,,
79_0823_1400_9M4VCHG,0.1575217635698614,0.17793743218154467,0.36133561080859145,0.23226493551999916
80_0823_1400_9M4VCHG,,,,
81_0823_1400_9M4VCHG,,,,
82_0823_1400_9M4VCHG,,,,
83_0823_1400_9M4VCHG,,,,
84_0823_1400_9M4VCHG,,,,
85_0823_1400_9M4VCHG,,,,
86_0823_1400_9M4VCHG,,,,
87_0823_1400_9M4VCHG,,,,
88_0823_1400_9M4VCHG,,,,
89_0823_1400_9M4VCHG,,,,
90_0823_1400_9M4VCHG,,,,
91_0823_1400_9M4VCHG,,,,
92_0823_1400_9M4VCHG,,,,
93_0823_1400_9M4VCHG,,,,
94_0823_1400_9M4VCHG,,,,
95_0823_1400_9M4VCHG,,,,
96_0823_1400_9M4VCHG,,,,
97_0823_1400_9M4VCHG,,,,
98_0823_1400_9M4VCHG,,,,
99_0823_1400_9M4VCHG,,,,
100_0823_1400_9M4VCHG,,,,
101_0823_1400_9M4VCHG,,,,
102_0823_1400_9M4VCHG,0.4588200607319681,0.4154980315541105,0.37634398386885454,0.41688735871831106
103_0823_1400_9M4VCHG,,,,
104_0823_1400_9M4VCHG,0.15890540177978735,0.28940892297466947,0.3183145370806901,0.25554295394504895
105_0823_1400_9M4VCHG,,,,
106_0823_1400_9M4VCHG,,,,
107_0823_1400_9M4VCHG,0.3131719969008802,0.365583658852807,0.17156260234865492,0.2834394193674474
108_0823_1400_9M4VCHG,,,,
109_0823_1400_9M4VCHG,,,,
110_0823_1400_9M4VCHG,,,,
111_0823_1400_9M4VCHG,,,,
112_0823_1400_9M4VCHG,,,,
113_0823_1400_9M4VCHG,,,,
114_0823_1400_9M4VCHG,,,,
115_0823_1400_9M4VCHG,,,,
116_0823_1400_9M4VCHG,,,,
117_0823_1400_9M4VCHG,,,,
118_0823_1400_9M4VCHG,0.4891284913766723,0.35118838861003226,0.20262627836195915,0.3476477194495546
119_0823_1400_9M4VCHG,,,,
120_0823_1400_9M4VCHG,,,,
121_0823_1400_9M4VCHG,,,,
122_0823_1400_9M4VCHG,0.22198913402487372,0.1867464116319013,0.17797456964262415,0.19557003843313306
123_0823_1400_9M4VCHG,,,,
124_0823_1400_9M4VCHG,,,,
125_0823_1400_9M4VCHG,,,,
126_0823_1400_9M4VCHG,,,,
127_0823_1400_9M4VCHG,,,,
128_0823_1400_9M4VCHG,,,,
129_0823_1400_9M4VCHG,,,,
130_0823_1400_9M4VCHG,,,,
131_0823_1400_9M4VCHG,,,,
0_0823_1400_U9TEJGM,0.35394404731689927,0.3700918994830647,0.31640388567302374,0.34681327749099594
1_0823_1400_U9TEJGM,0.1413200211341575,0.49903378520053354,0.14092977543290583,0.260427860589199
2_0823_1400_U9TEJGM,,,,
3_0823_1400_U9TEJGM,,,,
4_0823_1400_U9TEJGM,,,,
5_0823_1400_U9TEJGM,,,,
6_0823_1400_U9TEJGM,,,,
7_0823_1400_U9TEJGM,,,,
8_0823_1400_U9TEJGM,,,,
9_0823_1400_U9TEJGM,,,,
10_0823_1400_U9TEJGM,,,,
11_0823_1400_U9TEJGM,,,,
12_0823_1400_U9TEJGM,,,,
13_0823_1400_U9TEJGM,,,,
14_0823_1400_U9TEJGM,0.13661433956415336,0.156779627005136,0.20840443047829185,0.16726613234919374
15_0823_1400_U9TEJGM,,,,
16_0823_1400_U9TEJGM,,,,
17_0823_1400_U9TEJGM,,,,
18_0823_1400_U9TEJGM,0.14339052756606208,0.1609898179694091,0.1929953732769114,0.16579190627079418
19_0823_1400_U9TEJGM,,,,
20_0823_1400_U9TEJGM,0.0742377953960442,0.3658824828709511,0.10747424463368845,0.18253150763356127
21_0823_1400_U9TEJGM,0.12882753691538606,0.4160313184753053,0.17502800879730981,0.23996228806266706
22_0823_1400_U9TEJGM,0.18080122632949255,0.09915659595965061,0.11517331743098602,0.13171037990670972
23_0823_1400_U9TEJGM,,,,
24_0823_1400_U9TEJGM,,,,
25_0823_1400_U9TEJGM,,,,
26_0823_1400_U9TEJGM,,,,
27_0823_1400_U9TEJGM,,,,
28_0823_1400_U9TEJGM,0.08985349600592364,0.16872159674234932,0.021266599224789764,0.0932805639910209
29_0823_1400_U9TEJGM,,,,
30_0823_1400_U9TEJGM,0.13998115717495108,0.1480626458592956,0.21276129753204964,0.1669350335220988
31_0823_1400_U9TEJGM,0.17641314618601558,0.2426695560472808,0.21409603335249505,0.21105957852859714
32_0823_1400_U9TEJGM,,,,
33_0823_1400_U9TEJGM,,,,
34_0823_1400_U9TEJGM,,,,
35_0823_1400_U9TEJGM,,,,
36_0823_1400_U9TEJGM,,,,
37_0823_1400_U9TEJGM,,,,
38_0823_1400_U9TEJGM,,,,
39_0823_1400_U9TEJGM,,,,
40_0823_1400_U9TEJGM,,,,
41_0823_1400_U9TEJGM,,,,
42_0823_1400_U9TEJGM,,,,
43_0823_1400_U9TEJGM,,,,
44_0823_1400_U9TEJGM,,,,
45_0823_1400_U9TEJGM,,,,
46_0823_1400_U9TEJGM,,,,
47_0823_1400_U9TEJGM,,,,
48_0823_1400_U9TEJGM,,,,
49_0823_1400_U9TEJGM,0.18728939118740742,0.44581791085608663,0.34380218386814443,0.3256364953038795
50_0823_1400_U9TEJGM,0.323493487039132,0.289450216982237,0.2879877519622336,0.3003104853278675
51_0823_1400_U9TEJGM,,,,
52_0823_1400_U9TEJGM,,,,
53_0823_1400_U9TEJGM,,,,
54_0823_1400_U9TEJGM,,,,
55_0823_1400_U9TEJGM,,,,
56_0823_1400_U9TEJGM,,,,
57_0823_1400_U9TEJGM,,,,
58_0823_1400_U9TEJGM,,,,
59_0823_1400_U9TEJGM,,,,
60_0823_1400_U9TEJGM,,,,
61_0823_1400_U9TEJGM,,,,
62_0823_1400_U9TEJGM,,,,
63_0823_1400_U9TEJGM,,,,
64_0823_1400_U9TEJGM,,,,
66_0823_1400_U9TEJGM,,,,
67_0823_1400_U9TEJGM,,,,
68_0823_1400_U9TEJGM,,,,
69_0823_1400_U9TEJGM,,,,
70_0823_1400_U9TEJGM,,,,
71_0823_1400_U9TEJGM,,,,
72_0823_1400_U9TEJGM,0.10571460889548358,0.1982540802047578,0.19750748919810146,0.1671587260994476
73_0823_1400_U9TEJGM,,,,
74_0823_1400_U9TEJGM,,,,
75_0823_1400_U9TEJGM,0.10625033454606757,0.20102134039862762,0.06299930164253022,0.12342365886240847
76_0823_1400_U9TEJGM,0.43925651539013444,0.26018410423075466,0.42108851646875856,0.37350971202988253
77_0823_1400_U9TEJGM,,,,
78_0823_1400_U9TEJGM,,,,
79_0823_1400_U9TEJGM,0.31530153953330337,0.1834138572081099,0.31022551440536733,0.2696469703822602
80_0823_1400_U9TEJGM,,,,
81_0823_1400_U9TEJGM,,,,
82_0823_1400_U9TEJGM,,,,
83_0823_1400_U9TEJGM,,,,
84_0823_1400_U9TEJGM,0.25226882645152454,0.05586589664662609,0.2150000030866599,0.1743782420616035
85_0823_1400_U9TEJGM,,,,
86_0823_1400_U9TEJGM,,,,
87_0823_1400_U9TEJGM,,,,
88_0823_1400_U9TEJGM,0.11077700712127216,0.14266982495778055,0.12166031838110332,0.12503571682005202
89_0823_1400_U9TEJGM,0.33321727284182673,0.31025322951219575,0.31408675094474997,0.3191857510995908
90_0823_1400_U9TEJGM,0.5695463684276759,0.41352227527545,0.4387455679710956,0.47393807055807385
91_0823_1400_U9TEJGM,,,,
92_0823_1400_U9TEJGM,,,,
93_0823_1400_U9TEJGM,,,,
94_0823_1400_U9TEJGM,,,,
95_0823_1400_U9TEJGM,,,,
96_0823_1400_U9TEJGM,,,,
97_0823_1400_U9TEJGM,,,,
98_0823_1400_U9TEJGM,,,,
99_0823_1400_U9TEJGM,,,,
100_0823_1400_U9TEJGM,,,,
101_0823_1400_U9TEJGM,,,,
102_0823_1400_U9TEJGM,0.30336223378427557,0.2786711779286593,0.3460636935524069,0.3093657017551139
103_0823_1400_U9TEJGM,,,,
104_0823_1400_U9TEJGM,,,,
105_0823_1400_U9TEJGM,,,,
106_0823_1400_U9TEJGM,0.3229196387433015,0.492569365395221,0.3612327697273545,0.3922405912886257
107_0823_1400_U9TEJGM,,,,
108_0823_1400_U9TEJGM,,,,
109_0823_1400_U9TEJGM,,,,
110_0823_1400_U9TEJGM,,,,
111_0823_1400_U9TEJGM,,,,
112_0823_1400_U9TEJGM,,,,
113_0823_1400_U9TEJGM,,,,
114_0823_1400_U9TEJGM,,,,
115_0823_1400_U9TEJGM,,,,
116_0823_1400_U9TEJGM,,,,
117_0823_1400_U9TEJGM,,,,
118_0823_1400_U9TEJGM,,,,
119_0823_1400_U9TEJGM,,,,
120_0823_1400_U9TEJGM,,,,
121_0823_1400_U9TEJGM,,,,
122_0823_1400_U9TEJGM,,,,
123_0823_1400_U9TEJGM,,,,
124_0823_1400_U9TEJGM,,,,
125_0823_1400_U9TEJGM,,,,
126_0823_1400_U9TEJGM,,,,
127_0823_1400_U9TEJGM,,,,
128_0823_1400_U9TEJGM,,,,
129_0823_1400_U9TEJGM,0.3224456308508277,0.12980944716078005,0.2303661849593126,0.2275404209903068
130_0823_1400_U9TEJGM,,,,
131_0823_1400_U9TEJGM,0.504565356035784,0.46430261070094736,0.47289904943069927,0.4805890053891435
3_0824_1000_539136F,0.0970396719461321,0.4371800008661951,0.10217436123765357,0.21213134468332692
4_0824_1000_539136F,0.07778173566432518,0.5519927863410916,0.12776042801355714,0.25251165000632464
5_0824_1000_539136F,0.11418803786896886,0.4698578163657519,0.0667541164175085,0.2169333235507431
6_0824_1000_539136F,0.2860541434476422,0.5477993225670686,0.09226137496819554,0.3087049469943021
7_0824_1000_539136F,0.09016834681796622,0.7553776404156798,0.10655173189741679,0.31736590637702095
8_0824_1000_539136F,0.4143161558264852,0.654066713920442,0.3264276536754066,0.4649368411407779
9_0824_1000_539136F,0.27816643137033786,0.6577884408493571,0.04496197021711964,0.32697228081227153
10_0824_1000_539136F,0.05980671216332758,0.504817593251052,0.19458036008361237,0.253068221832664
11_0824_1000_539136F,0.3197916418337652,0.5519789113475692,0.15420433850333018,0.34199163056155485
12_0824_1000_539136F,0.26361884407130615,0.5630390565289506,0.18625327292598737,0.33763705784208137
13_0824_1000_539136F,0.26059295723903003,0.8028097162754535,0.1994347112655387,0.4209457949266741
14_0824_1000_539136F,0.3906886492124683,0.5864221692085579,0.19128958506687835,0.3894668011626348
15_0824_1000_539136F,0.22977064072611508,0.6039862889435476,0.03594089206819652,0.2898992739126197
16_0824_1000_539136F,0.29414129555141605,0.3754479482883093,0.18307608753638802,0.2842217771253711
17_0824_1000_539136F,0.29079577089073166,0.3082010947361957,0.030870533239061037,0.20995579962199615
18_0824_1000_539136F,,,,
19_0824_1000_539136F,0.4193853586558098,0.3806685477266521,0.16528393090084004,0.321779279094434
20_0824_1000_539136F,0.32127845388797893,0.5604901466502054,0.10786813761996104,0.3298789127193818
21_0824_1000_539136F,0.7753782350598212,0.8820030382735594,0.8313011106592451,0.8295607946642085
22_0824_1000_539136F,0.10263103495601689,0.48772284957140183,0.16863596480020196,0.25299661644254023
23_0824_1000_539136F,0.4480916669714465,0.6518567203299247,0.16610067437813325,0.4220163538931681
24_0824_1000_539136F,0.31449435316861646,0.5170731588287548,0.21847365439963692,0.35001372213233606
25_0824_1000_539136F,0.09412271711933924,0.6651473857278619,0.19275863506539373,0.3173429126375316
26_0824_1000_539136F,,,,
27_0824_1000_539136F,,,,
28_0824_1000_539136F,0.3669953392033274,0.46709342987010244,0.045874071188953945,0.2933209467541279
29_0824_1000_539136F,0.0684254393963251,0.590198818220847,0.16511953257905596,0.27458126339874267
30_0824_1000_539136F,0.17021342426261998,0.5676084182409507,0.14365877732037088,0.2938268732746472
31_0824_1000_539136F,,,,
32_0824_1000_539136F,,,,
33_0824_1000_539136F,0.5668678497379409,0.7698801450621914,0.2750216208940902,0.5372565385647409
34_0824_1000_539136F,0.40305313665608256,0.5645521694126714,0.11634392535651224,0.3613164104750887
35_0824_1000_539136F,0.34150746091166173,0.29323750814268273,0.24302740630213637,0.29259079178549363
36_0824_1000_539136F,0.24430932698546584,0.31879281490807004,0.11130598656330531,0.22480270948561376
37_0824_1000_539136F,0.25487167169096137,0.5562211828654792,0.2174239874593814,0.3428389473386073
38_0824_1000_539136F,0.3626665839013313,0.5879238491062901,0.2754206581237569,0.4086703637104594
39_0824_1000_539136F,0.6582719450620381,0.8635686191086999,0.06284342597845081,0.5282279967163962
40_0824_1000_539136F,,,,
41_0824_1000_539136F,,,,
42_0824_1000_539136F,0.2044012766292279,0.49111695965934926,0.1893808896474225,0.29496637531199993
43_0824_1000_539136F,0.07248845933079058,0.5104458250883949,0.14880958664415386,0.2439146236877798
44_0824_1000_539136F,0.09142141126168628,0.5198750505655276,0.18470546168062843,0.2653339745026141
45_0824_1000_539136F,0.12321841288152201,0.3123842254040993,0.35993943264201883,0.2651806903092134
46_0824_1000_539136F,,,,
47_0824_1000_539136F,0.25921872893136827,0.5120697361851452,0.07028226438747655,0.28052357650133003
48_0824_1000_539136F,0.16104312847287253,0.6125640160929433,0.22766483647492544,0.33375732701358046
49_0824_1000_539136F,,,,
50_0824_1000_539136F,,,,
51_0824_1000_539136F,0.7214071865450821,0.9397785438461247,0.8623230922996411,0.841169607563616
52_0824_1000_539136F,0.136218138729064,0.394024749891468,0.35688446483768993,0.29570911781940734
53_0824_1000_539136F,,,,
54_0824_1000_539136F,,,,
55_0824_1000_539136F,0.20298010031919,0.539658713584967,0.2021973191141246,0.31494537767276054
56_0824_1000_539136F,,,,
57_0824_1000_539136F,0.16431452620728423,0.5772924785062034,0.1328380862371837,0.29148169698355714
58_0824_1000_539136F,0.20586655513297866,0.24845939018796834,0.14220942637318834,0.1988451238980451
59_0824_1000_539136F,,,,
60_0824_1000_539136F,0.29966356151293233,0.4678640269867616,0.17491995596437782,0.3141491814880239
61_0824_1000_539136F,,,,
62_0824_1000_539136F,,,,
63_0824_1000_539136F,0.3916070014353901,0.4227910112149717,0.10484994156970105,0.30641598474002096
64_0824_1000_539136F,0.24437003678142263,0.6020411328672542,0.04273046594003593,0.29638054519623763
65_0824_1000_539136F,,,,
66_0824_1000_539136F,0.1435647965486524,0.6387370570952305,0.01416487434656883,0.2654889093301506
67_0824_1000_539136F,0.036489763017654595,0.4303759721766993,0.13142144194645503,0.1994290590469363
68_0824_1000_539136F,0.19745547488008042,0.6514352320184421,0.2964072476381668,0.38176598484556307
69_0824_1000_539136F,0.3150264939750453,0.6908725179585025,0.2705036974468031,0.4254675697934503
70_0824_1000_539136F,,,,
71_0824_1000_539136F,,,,
72_0824_1000_539136F,0.24311234709519838,0.5337633578511974,0.2721239352580425,0.3496665467348128
73_0824_1000_539136F,0.32552899887015524,0.7314593524588738,0.2827563241743006,0.44658155850110987
74_0824_1000_539136F,0.11042290817120659,0.6207527129701673,0.1576200449349676,0.2962652220254472
75_0824_1000_539136F,,,,
76_0824_1000_539136F,,,,
77_0824_1000_539136F,0.4295000437808843,0.5749349721946911,0.20858645831601672,0.4043404914305307
78_0824_1000_539136F,,,,
79_0824_1000_539136F,0.32490822132872554,0.7156568460603808,0.09698869590780723,0.37918458776563785
80_0824_1000_539136F,,,,
81_0824_1000_539136F,,,,
82_0824_1000_539136F,0.23516648859419723,0.5955500349967796,0.13510932974092757,0.3219419511106348
83_0824_1000_539136F,,,,
84_0824_1000_539136F,0.13792634631743703,0.71971813165763,0.08827707190159613,0.31530718329222107
85_0824_1000_539136F,0.24986936655531236,0.604582066555507,0.1759023035658559,0.34345124555889167
86_0824_1000_539136F,0.4005430642693321,0.6699926400781527,0.35844834405977394,0.4763280161357529
87_0824_1000_539136F,0.18984033608145034,0.42640565682648185,0.10373792204248959,0.23999463831680726
88_0824_1000_539136F,,,,
89_0824_1000_539136F,0.10453726076950881,0.4375531868246307,0.0592668300390199,0.2004524258777198
90_0824_1000_539136F,0.18866684733830472,0.5471656986217527,0.1086146936902076,0.281482413216755
91_0824_1000_539136F,0.059718674534868676,0.433514942479792,0.016861398888815493,0.1700316719678254
92_0824_1000_539136F,0.1812034602505713,0.6454062998320661,0.28617864894224293,0.3709294696749601
93_0824_1000_539136F,,,,
94_0824_1000_539136F,0.14857685854826408,0.446293524419052,0.01187980294008374,0.20225006196913328
95_0824_1000_539136F,,,,
96_0824_1000_539136F,0.09383323425895042,0.39549217627596617,0.23561307998956327,0.24164616350815993
97_0824_1000_539136F,,,,
98_0824_1000_539136F,0.3933002037797341,0.7054242417772034,0.12650630507704577,0.4084102502113278
99_0824_1000_539136F,0.1806803129466111,0.2701069658074029,0.2641790465944202,0.23832210844947807
100_0824_1000_539136F,0.300554645032901,0.5283617228761552,0.06705508270859334,0.29865715020588324
101_0824_1000_539136F,,,,
102_0824_1000_539136F,,,,
103_0824_1000_539136F,0.330031386801883,0.5713018001804612,0.3085788535556642,0.4033040135126695
104_0824_1000_539136F,,,,
105_0824_1000_539136F,,,,
106_0824_1000_539136F,,,,
107_0824_1000_539136F,,,,
108_0824_1000_539136F,,,,
109_0824_1000_539136F,0.5147296202867366,0.6667616797172021,0.24553244904819335,0.4756745830173774
110_0824_1000_539136F,,,,
111_0824_1000_539136F,,,,
112_0824_1000_539136F,,,,
113_0824_1000_539136F,,,,
114_0824_1000_539136F,,,,
115_0824_1000_539136F,0.34266872035236823,0.25534848598793675,0.13656943543199807,0.244862213924101
116_0824_1000_539136F,0.3312702848771753,0.4838786061214247,0.24005293422202878,0.3517339417402096
117_0824_1000_539136F,0.17254447619408128,0.5976569830760369,0.21848483862083223,0.3295620992969835
118_0824_1000_539136F,,,,
119_0824_1000_539136F,0.4386343243879715,0.5958382317508293,0.29514395914683994,0.44320550509521356
120_0824_1000_539136F,0.08976233433009352,0.4116227194524145,0.2095203470153699,0.236968466932626
121_0824_1000_539136F,0.16216761756782608,0.37757502679087535,0.15476343583524227,0.2315020267313146
122_0824_1000_539136F,0.4006572629248885,0.6078815777261491,0.101810819274899,0.3701165533086455
123_0824_1000_539136F,0.39131377651462435,0.5036318138812076,0.08145519244596693,0.3254669276139329
124_0824_1000_539136F,0.4138718362801355,0.6475778849336905,0.16196344867740195,0.4078043899637427
125_0824_1000_539136F,0.32982397331832874,0.3188405402931574,0.18533498582712263,0.2779998331462029
126_0824_1000_539136F,0.8030313810306221,0.23541593765183597,0.2548498434555817,0.4310990540460133
128_0824_1000_539136F,0.37330927681475085,0.6158883829130083,0.25423636453091714,0.4144780080862254
129_0824_1000_539136F,0.13795097393926772,0.3893709543442283,0.2783573921839709,0.2685597734891556
130_0824_1000_539136F,0.15656403943379013,0.6060302018802163,0.14386417486190042,0.3021528053919689
132_0824_1000_539136F,0.33917654116195944,0.3622143023774078,0.09975990706841177,0.267050250202593
133_0824_1000_539136F,0.13044365962028312,0.532640088656584,0.08978725198437291,0.25095700008708
134_0824_1000_539136F,,,,
4_0824_1000_9M4VCHG,0.6658386854010014,0.11208953034333236,0.04685701806120068,0.2749284112685115
5_0824_1000_9M4VCHG,0.3563640690006656,0.371474966986623,0.3377715389221263,0.35520352496980495
6_0824_1000_9M4VCHG,0.4302440025962047,0.05643206633107221,0.42149374871166323,0.30272327254631337
8_0824_1000_9M4VCHG,0.5529981592825655,0.3271706045561148,0.16020651187884113,0.3467917585725071
10_0824_1000_9M4VCHG,0.5708194360088966,0.17192874652522214,0.20533366015060095,0.31602728089490656
11_0824_1000_9M4VCHG,0.6838424054715831,0.34639257901846543,0.23288309564990942,0.4210393600466527
12_0824_1000_9M4VCHG,0.6774689302351414,0.19849795356718747,0.4299952871758619,0.43532072365939695
13_0824_1000_9M4VCHG,0.7042470351755318,0.1528010923490882,0.3188775781329186,0.3919752352191795
14_0824_1000_9M4VCHG,0.3782879724275332,0.1565666296003041,0.29459807180042485,0.27648422460942074
15_0824_1000_9M4VCHG,0.749423783806984,0.4639424485705419,0.26543595303203193,0.49293406180318594
16_0824_1000_9M4VCHG,0.6299667320915328,0.43907074802518237,0.21159225859696748,0.4268765795712275
17_0824_1000_9M4VCHG,0.40589682052855186,0.17306452088134064,0.18404020858067702,0.25433384999685654
18_0824_1000_9M4VCHG,0.8245144496259641,0.3892427159841774,0.18759991963017408,0.46711902841343855
19_0824_1000_9M4VCHG,0.5514362120019651,0.11001068105424279,0.17959734239882275,0.28034807848501025
20_0824_1000_9M4VCHG,0.6401127134509031,0.15360631450994336,0.2543398782811803,0.3493529687473423
21_0824_1000_9M4VCHG,0.6052040369746389,0.27440750879159287,0.14829308228071553,0.34263487601564907
22_0824_1000_9M4VCHG,0.7137030193150808,0.110370463784291,0.1132715974525202,0.31244836018396405
23_0824_1000_9M4VCHG,0.7753589013379362,0.2253300731430803,0.336800318164596,0.4458297642152042
24_0824_1000_9M4VCHG,0.5798978158631684,0.18875367834834567,0.1817225179178438,0.3167913373764526
25_0824_1000_9M4VCHG,0.720824242585913,0.17467080482140482,0.21326757697816578,0.36958754146182793
27_0824_1000_9M4VCHG,0.653348641199224,0.23041431671868187,0.011887798167467415,0.29855025202845775
28_0824_1000_9M4VCHG,0.4808559676581828,0.24386123230642212,0.20498500267778205,0.309900734214129
29_0824_1000_9M4VCHG,0.7750113817232339,0.06279226064440013,0.32315419054426525,0.38698594430396643
30_0824_1000_9M4VCHG,0.6674915094514269,0.2081557730899081,0.2219682848869752,0.3658718558094367
31_0824_1000_9M4VCHG,0.6072563820230754,0.21862492379627022,0.15894765424418686,0.3282763200211775
32_0824_1000_9M4VCHG,0.6681426247231971,0.14259967439185323,0.0774794601922676,0.29607391976910596
33_0824_1000_9M4VCHG,0.6760436765516271,0.21560557954193235,0.1466837365884704,0.34611099756067665
34_0824_1000_9M4VCHG,0.45633366473577447,0.2271202307287243,0.10185946639582995,0.2617711206201096
35_0824_1000_9M4VCHG,0.6005150362403383,0.44112214151307283,0.26552182885610787,0.4357196688698397
36_0824_1000_9M4VCHG,0.5911834176773393,0.16412297128348827,0.4606853482691939,0.40533057907667386
37_0824_1000_9M4VCHG,0.6213751438359979,0.2466537771092171,0.09065633969093682,0.3195617535453839
38_0824_1000_9M4VCHG,0.6422111026644982,0.16342527153447464,0.11551657587189018,0.30705098335695435
39_0824_1000_9M4VCHG,0.6837099802415637,0.1426958886981937,0.08055133844113337,0.3023190691269636
40_0824_1000_9M4VCHG,0.5521770153361684,0.16442570769898682,0.14719147391070705,0.2879313989819541
41_0824_1000_9M4VCHG,0.7780687201658608,0.13598532284023004,0.13942527806116756,0.35115977368908613
42_0824_1000_9M4VCHG,0.5624073403043436,0.3387243424838611,0.257719744523538,0.38628380910391424
43_0824_1000_9M4VCHG,0.6466637954382669,0.5307093336662817,0.24593382280649578,0.4744356506370148
44_0824_1000_9M4VCHG,0.6137586520462829,0.17884653243615437,0.19340251511448472,0.32866923319897395
45_0824_1000_9M4VCHG,0.6837440923666621,0.28704333596947823,0.32740578857355085,0.43273107230323044
46_0824_1000_9M4VCHG,0.6478604276109103,0.143745684671718,0.1421288926000823,0.31124500162757024
47_0824_1000_9M4VCHG,0.7752918800455144,0.44507839151972295,0.14804077188850964,0.4561370144845824
48_0824_1000_9M4VCHG,0.48756285865991583,0.27172547996253554,0.3085068989487099,0.3559317458570537
49_0824_1000_9M4VCHG,0.5026583832911307,0.14483595206994246,0.21091598003687093,0.2861367717993147
50_0824_1000_9M4VCHG,0.7802770304092416,0.2040841854058203,0.21870746324074922,0.4010228930186037
51_0824_1000_9M4VCHG,0.5175132366355447,0.226624969500021,0.22805585963679142,0.3240646885907857
52_0824_1000_9M4VCHG,0.7440576128328144,0.3420978098263172,0.27892121305401263,0.4550255452377147
53_0824_1000_9M4VCHG,0.41796418108710887,0.3283775837331064,0.3250668935531259,0.35713621945778035
54_0824_1000_9M4VCHG,0.32026645438216506,0.353219763502654,0.10029443372889395,0.2579268838712377
55_0824_1000_9M4VCHG,0.5310691605449548,0.10580936882698098,0.23620900531786848,0.29102917822993474
56_0824_1000_9M4VCHG,0.6505782037511582,0.1731388323467921,0.20229971773329145,0.3420055846104139
57_0824_1000_9M4VCHG,0.49980518211739816,0.23264094115828782,0.11158623131295668,0.28134411819621424
58_0824_1000_9M4VCHG,0.7712995845567011,0.1548512174386976,0.11720453113143896,0.3477851110422792
59_0824_1000_9M4VCHG,0.7291663223016634,0.32686785220255143,0.23688537139313914,0.4309731819657847
60_0824_1000_9M4VCHG,0.46652241653400955,0.38728665096980824,0.27152607440663223,0.37511171397015003
62_0824_1000_9M4VCHG,0.478402159551601,0.25872840331188923,0.19798478077902684,0.31170511454750566
63_0824_1000_9M4VCHG,0.6191981668981369,0.24078135850908625,0.22604864812697234,0.36200939117806513
64_0824_1000_9M4VCHG,0.6553988062075539,0.42680708940956946,0.20051806477356815,0.42757465346356377
65_0824_1000_9M4VCHG,0.8307663985483918,0.09872144556581158,0.22536036686908564,0.3849494036610963
66_0824_1000_9M4VCHG,0.32906175565950896,0.22531516377415137,0.17337970416330858,0.24258554119898965
67_0824_1000_9M4VCHG,0.5856669092323907,0.18249168826158343,0.1579716665577305,0.30871008801723493
68_0824_1000_9M4VCHG,0.6360292154564223,0.3665648177033554,0.08590626765713393,0.3628334336056372
69_0824_1000_9M4VCHG,0.5761447736877656,0.19483172384362848,0.09176107998613231,0.28757919250584213
71_0824_1000_9M4VCHG,0.552140600012089,0.07433635943316026,0.08099931932470167,0.2358254262566503
73_0824_1000_9M4VCHG,0.652550744844535,0.2843251838516681,0.3373859991659401,0.42475397595404774
74_0824_1000_9M4VCHG,0.6971855254573315,0.35965360713659195,0.059328819767649255,0.3720559841205242
75_0824_1000_9M4VCHG,0.8013618947982767,0.42916368583471093,0.29830296521941263,0.5096095152841335
76_0824_1000_9M4VCHG,0.774375782896309,0.4049343317081693,0.17703114425683864,0.4521137529537724
77_0824_1000_9M4VCHG,0.5005544350275571,0.030274082388201302,0.12675271094588902,0.21919374278721582
78_0824_1000_9M4VCHG,0.40388630593307123,0.20570681388281872,0.1820944547808081,0.2638958581988993
79_0824_1000_9M4VCHG,0.608807304277944,0.3326699214300048,0.361131979691569,0.43420306846650597
81_0824_1000_9M4VCHG,0.6095601430293976,0.2969102962761378,0.15423360116533705,0.3535680134902908
82_0824_1000_9M4VCHG,0.703799877713462,0.3783040519405043,0.1238278961481229,0.4019772752673631
85_0824_1000_9M4VCHG,0.552823887210943,0.023321281389910107,0.13113088825111668,0.23575868561732327
86_0824_1000_9M4VCHG,0.6432046439777692,0.34753428058569846,0.1839681383625349,0.3915690209753342
88_0824_1000_9M4VCHG,0.7108476521547428,0.4239824094624621,0.048219313601972714,0.39434979173972584
89_0824_1000_9M4VCHG,0.6039327463669424,0.22363631037899778,0.4129936537409831,0.4135209034956411
90_0824_1000_9M4VCHG,0.6127157656535144,0.33052031303113383,0.22247057693027705,0.38856888520497507
91_0824_1000_9M4VCHG,0.32032427634841115,0.2431916561762435,0.17096057780898513,0.24482550344454657
93_0824_1000_9M4VCHG,0.5301857981446494,0.3494012936222571,0.5574160794273456,0.47900105706475066
94_0824_1000_9M4VCHG,0.6327109947435882,0.2221194929398118,0.16953851329979505,0.341456333661065
97_0824_1000_9M4VCHG,0.6751891600165751,0.03749144366104988,0.1423171451204136,0.2849992495993462
98_0824_1000_9M4VCHG,0.6186923801298919,0.3968902190740587,0.05375584037026967,0.3564461465247401
100_0824_1000_9M4VCHG,0.593449276256152,0.10111837192469801,0.10108905145953156,0.2652188998801272
108_0824_1000_9M4VCHG,0.31110637119846934,0.08409911112871805,0.11046448992845,0.16855665741854578
109_0824_1000_9M4VCHG,0.7679777795142639,0.21417370323907628,0.15830565673678146,0.3801523798300406
110_0824_1000_9M4VCHG,0.22985998218631729,0.28807587490897363,0.13799525719155672,0.21864370476228254
111_0824_1000_9M4VCHG,0.7356765563554001,0.14353584568312378,0.24839561456781956,0.3758693388687811
112_0824_1000_9M4VCHG,0.6946329494642964,0.33104712650626417,0.05430967283956062,0.3599965829367071
113_0824_1000_9M4VCHG,0.33022263624786746,0.2966095930088583,0.32582541365578693,0.31755254763750423
114_0824_1000_9M4VCHG,0.4091097585415817,0.2523227284997965,0.22897982714109374,0.29680410472749064
115_0824_1000_9M4VCHG,0.6657159308527046,0.21646794155103044,0.17579169108025458,0.35265852116132984
116_0824_1000_9M4VCHG,0.7536693704218846,0.44189958078575603,0.07104990397194193,0.42220628505986085
117_0824_1000_9M4VCHG,0.7786753121477329,0.2392437855654943,0.22892108261655633,0.41561339344326126
118_0824_1000_9M4VCHG,0.6103910764987912,0.3374124040790953,0.18416647722486246,0.37732331926758295
119_0824_1000_9M4VCHG,0.5565513990993077,0.4600072594401324,0.12109799895907354,0.37921888583283786
120_0824_1000_9M4VCHG,0.6175106302264988,0.37878471623590154,0.06715201888721455,0.35448245511653825
121_0824_1000_9M4VCHG,0.6017204580788326,0.1911348604379158,0.049982728151060495,0.2809460155559363
123_0824_1000_9M4VCHG,0.43333761997036496,0.07605814022697924,0.12754217750274377,0.21231264590002932
124_0824_1000_9M4VCHG,0.771506899045025,0.15518520944870995,0.2283507947164821,0.38501430107007234
126_0824_1000_9M4VCHG,,,,
127_0824_1000_9M4VCHG,0.5988930169056745,0.22559552578836758,0.10370151123225817,0.3093966846421001
128_0824_1000_9M4VCHG,0.5020769733054885,0.334476745677448,0.04804896859707356,0.29486756252667
134_0824_1000_9M4VCHG,0.4311986332696172,0.1520234181294641,0.05842165220820584,0.21388123453576238
135_0824_1000_9M4VCHG,0.7048440678782301,0.16456375210581164,0.18733636396404807,0.3522480613160299
137_0824_1000_9M4VCHG,0.5366613728784441,0.12718593375177445,0.22980750041301864,0.29788493568107904
139_0824_1000_9M4VCHG,0.7602806862518703,0.3840019152729659,0.11432066641217908,0.4195344226456717
140_0824_1000_9M4VCHG,0.8248915812514989,0.3863505992256738,0.5366519797766255,0.5826313867512661
141_0824_1000_9M4VCHG,0.4258487717007937,0.19396946980976112,0.2669056024429982,0.29557461465118434
142_0824_1000_9M4VCHG,0.6806214980590886,0.6071814113386761,0.1709751325051411,0.48625934730096865
143_0824_1000_9M4VCHG,0.7153629326378449,0.5493102656957273,0.16447365783301257,0.47638228538886157
148_0824_1000_9M4VCHG,0.5599941405745629,0.1838737443572652,0.38968174586811205,0.3778498769333134
149_0824_1000_9M4VCHG,0.6662712123553078,0.06108157552285792,0.11605821210332738,0.28113699999383107
150_0824_1000_9M4VCHG,0.731580215268346,0.19894764338249318,0.11002809301060058,0.3468519838871466
151_0824_1000_9M4VCHG,0.7698951393250489,0.22319536286908934,0.1751489919655009,0.38941316471987975
152_0824_1000_9M4VCHG,0.6392645563580861,0.22269657183607705,0.09672746284779521,0.3195628636806528
153_0824_1000_9M4VCHG,0.5676254133170926,0.33621166312455214,0.3621038598265889,0.4219803120894112
154_0824_1000_9M4VCHG,0.7239234456661866,0.3157425568513761,0.2507192674315799,0.43012842331638085
156_0824_1000_9M4VCHG,0.5057861499896162,0.20492767785372912,0.2671517877511855,0.32595520519817694
157_0824_1000_9M4VCHG,0.48077282351480805,0.26885172055000717,0.14452658205798427,0.29805037537426654
158_0824_1000_9M4VCHG,0.7685815409562872,0.277995444158859,0.2006438084731266,0.4157402645294243
159_0824_1000_9M4VCHG,0.6428361119483262,0.2172327614606513,0.17602038108210094,0.3453630848303595
160_0824_1000_9M4VCHG,0.6283637292001268,0.44474182749845576,0.27584180625478877,0.4496491209844571
161_0824_1000_9M4VCHG,0.7227439679544064,0.30474147735463913,0.3610632292915372,0.4628495582001943
163_0824_1000_9M4VCHG,0.7167845542852795,0.15677331943657669,0.2172545149966065,0.3636041295728209
164_0824_1000_9M4VCHG,0.8223184747424156,0.5376924522118837,0.21755337574359612,0.5258547675659652
165_0824_1000_9M4VCHG,0.6536975024833206,0.21276046476276902,0.065158128535534,0.31053869859387456
166_0824_1000_9M4VCHG,0.7322339291013323,0.2384175872815942,0.35965874753678023,0.4434367546399023
167_0824_1000_9M4VCHG,0.5804059155400905,0.2837987686466194,0.03754223258970166,0.3005823055921372
168_0824_1000_9M4VCHG,,,,
169_0824_1000_9M4VCHG,0.36340277049094993,0.16624186930876406,0.1051966900304454,0.21161377661005312
170_0824_1000_9M4VCHG,0.6302804534551766,0.28438799813698085,0.4484472703830706,0.45437190732507604
171_0824_1000_9M4VCHG,,,,
172_0824_1000_9M4VCHG,0.5677575413120297,0.4087106050613712,0.005716509018930204,0.327394885130777
173_0824_1000_9M4VCHG,,,,
174_0824_1000_9M4VCHG,0.49178114973049625,0.02613582701562021,0.15633743860483762,0.22475147178365137
175_0824_1000_9M4VCHG,0.6808155552449128,0.1653162968466312,0.22393756695646896,0.3566898063493376
176_0824_1000_9M4VCHG,0.6180271612966101,0.34527260740043136,0.21365414675751274,0.3923179718181848
177_0824_1000_9M4VCHG,0.528312722788605,0.28049677352258345,0.2608612535439561,0.3565569166183815
7_0824_1000_U9TEJGM,0.043942274892079886,0.5182078262003299,0.22956175051302455,0.26390395053514476
9_0824_1000_U9TEJGM,0.18507144344296775,0.43943787033417553,0.2391666542627822,0.2878919893466418
11_0824_1000_U9TEJGM,0.1041048989645208,0.5943138335146337,0.5521388520484481,0.41685252817586754
12_0824_1000_U9TEJGM,0.29518281730579565,0.0399259131789896,0.14315984634860798,0.1594228589444644
13_0824_1000_U9TEJGM,0.39397938096476803,0.3111757774046372,0.20231544398873078,0.3024902007860453
14_0824_1000_U9TEJGM,0.17474601498201559,0.5126705451770236,0.3133785373634241,0.3335983658408211
15_0824_1000_U9TEJGM,0.2768324465615888,0.5745320000149062,0.4958923268635626,0.44908559114668584
16_0824_1000_U9TEJGM,0.1822407888352934,0.6706567150787478,0.4822348637730314,0.44504412256235754
17_0824_1000_U9TEJGM,0.3083886002647558,0.4264135765499777,0.47495613874747855,0.40325277185407066
18_0824_1000_U9TEJGM,0.07637972212889162,0.704703547231039,0.561143331988096,0.44740886711600886
19_0824_1000_U9TEJGM,0.20893864001888895,0.3663752780281903,0.1881865403068541,0.25450015278464444
20_0824_1000_U9TEJGM,0.14093753968009734,0.5155098649954053,0.26423174985270675,0.3068930515094031
21_0824_1000_U9TEJGM,0.12698914671514058,0.40232185489843664,0.23113094853205374,0.25348065004854364
22_0824_1000_U9TEJGM,0.5129692625511426,0.6605617179488156,0.3491622184711581,0.5075643996570387
23_0824_1000_U9TEJGM,0.32018775707832076,0.5877159595400974,0.3365934738087182,0.41483239680904543
24_0824_1000_U9TEJGM,0.15661477790217856,0.41186784720980946,0.20269180195727254,0.25705814235642016
25_0824_1000_U9TEJGM,0.41308030963579423,0.6037145906343753,0.4232406334099606,0.48001184456004337
26_0824_1000_U9TEJGM,0.3231815112736667,0.3332457849206278,0.13167563188135326,0.2627009760252159
27_0824_1000_U9TEJGM,0.2595766474357597,0.4506679452625216,0.2605450219688928,0.3235965382223913
28_0824_1000_U9TEJGM,0.057104096581086394,0.4923680896885088,0.10086789407661668,0.21678002678207065
29_0824_1000_U9TEJGM,0.29808715807638403,0.6787867404626038,0.5407833051104131,0.5058857345498002
31_0824_1000_U9TEJGM,0.31367417885756055,0.5193478930692735,0.46058729830304085,0.4312031234099583
33_0824_1000_U9TEJGM,0.3181238651075458,0.35628686029027407,0.45684396413442663,0.3770848965107489
34_0824_1000_U9TEJGM,0.23853902011572456,0.4843904354513168,0.2902481281746735,0.33772586124723825
35_0824_1000_U9TEJGM,0.5439865992034659,0.4588692657931089,0.391029284421285,0.4646283831392866
36_0824_1000_U9TEJGM,0.09441272328672205,0.25314644523470164,0.18203273910955065,0.17653063587699144
37_0824_1000_U9TEJGM,0.27980846581487173,0.5049217214485829,0.3119317548397897,0.36555398070108147
38_0824_1000_U9TEJGM,0.2473220805230516,0.2696457830231811,0.15638015306489228,0.224449338870375
40_0824_1000_U9TEJGM,0.12362491334286729,0.47116202498764626,0.14424069627363426,0.24634254486804927
41_0824_1000_U9TEJGM,0.12473261017692788,0.5710134622269324,0.2908701372166503,0.3288720698735035
42_0824_1000_U9TEJGM,0.18059207772254995,0.4691414634402884,0.24929237070060842,0.2996753039544822
43_0824_1000_U9TEJGM,0.22154102570997147,0.24119700029155722,0.30135762416664447,0.25469855005605774
45_0824_1000_U9TEJGM,0.4830185794486077,0.3261253547672745,0.2002356219939587,0.33645985206994694
46_0824_1000_U9TEJGM,0.40751638601387824,0.4600006639759568,0.09310491775970965,0.3202073225831816
48_0824_1000_U9TEJGM,0.1918258970585689,0.5001840619450532,0.11550722588943642,0.2691723949643528
49_0824_1000_U9TEJGM,0.16134572449167886,0.367218699614087,0.3013211896362459,0.27662853791400394
50_0824_1000_U9TEJGM,0.15748557080809675,0.14896163783657632,0.11950220117508027,0.14198313660658443
51_0824_1000_U9TEJGM,,,,
52_0824_1000_U9TEJGM,0.16221370942113997,0.4108628892457394,0.15465016273199458,0.242575587132958
53_0824_1000_U9TEJGM,0.1422851245569343,0.4636955843858838,0.26448087623818467,0.2901538617270009
54_0824_1000_U9TEJGM,0.11025798965721245,0.6310564440737613,0.19398508918011434,0.31176650763702934
55_0824_1000_U9TEJGM,0.3938234346773793,0.2752122933380325,0.15618950358184006,0.2750750771990839
56_0824_1000_U9TEJGM,0.0697271987984512,0.3094971633291912,0.035104213309943906,0.13810952514586208
57_0824_1000_U9TEJGM,0.07497120617556269,0.5541645452091836,0.3068274207465122,0.3119877240437528
58_0824_1000_U9TEJGM,0.05798551518444207,0.5647637651967877,0.29181380571393795,0.30485436203172256
59_0824_1000_U9TEJGM,0.31975173134370616,0.4235096524906871,0.38205262896304654,0.37510467093247996
60_0824_1000_U9TEJGM,0.115830407335258,0.21847616161954186,0.19898373049436138,0.17776343314972043
61_0824_1000_U9TEJGM,0.2674761306450419,0.43398111514610244,0.27031012566533336,0.3239224571521592
62_0824_1000_U9TEJGM,0.30095660205727875,0.7458953648019003,0.5536711979639487,0.5335077216077093
63_0824_1000_U9TEJGM,0.1597779769107875,0.4008105366551485,0.3615677216047171,0.30738541172355105
64_0824_1000_U9TEJGM,0.1658422099488289,0.5629180400182815,0.2896181552015137,0.3394594683895414
65_0824_1000_U9TEJGM,0.08706950566836352,0.45115499528365627,0.4181362619760523,0.31878692097602407
66_0824_1000_U9TEJGM,0.24673990841519444,0.5543693119094716,0.26547218246533727,0.35552713426333443
67_0824_1000_U9TEJGM,0.16745139407450552,0.3425213548879005,0.2995391874709566,0.26983731214445417
68_0824_1000_U9TEJGM,0.11179273576638575,0.6904370020935726,0.40863267518588087,0.4036208043486131
69_0824_1000_U9TEJGM,0.26073199124399254,0.5323394900293142,0.3466978157775991,0.37992309901696864
70_0824_1000_U9TEJGM,,,,
71_0824_1000_U9TEJGM,0.11851540667182871,0.29846636675563104,0.2538358926853215,0.22360588870426037
72_0824_1000_U9TEJGM,0.07402012012872357,0.7213609848629305,0.42399302739122796,0.40645804412762737
73_0824_1000_U9TEJGM,0.43790162990077475,0.681405877421883,0.6654379279263974,0.5949151450830183
74_0824_1000_U9TEJGM,0.13757605266432718,0.5723067180810505,0.44122399250860345,0.3837022544179937
75_0824_1000_U9TEJGM,0.15013912305751306,0.34214783887040096,0.2240949558048934,0.23879397257760246
76_0824_1000_U9TEJGM,0.20464120582486175,0.40826856715713206,0.25973189591124973,0.29088055629774784
77_0824_1000_U9TEJGM,0.3971941847127913,0.25806081172261947,0.1054263984228599,0.2535604649527569
78_0824_1000_U9TEJGM,0.314310723726891,0.2566417068274571,0.18197692104279795,0.250976450532382
79_0824_1000_U9TEJGM,0.20101572052068217,0.3809091121254702,0.1629538397493048,0.2482928907984857
80_0824_1000_U9TEJGM,,,,
81_0824_1000_U9TEJGM,0.1479066403702379,0.23845295235823147,0.1575054934589235,0.18128836206246426
82_0824_1000_U9TEJGM,0.16462122438972174,0.14114430630853161,0.16692911250326922,0.15756488106717417
83_0824_1000_U9TEJGM,0.1973655807468351,0.3652197927338365,0.10414816789946103,0.22224451379337753
84_0824_1000_U9TEJGM,0.2041553576828903,0.4970288624289159,0.482139259177802,0.3944411597632027
85_0824_1000_U9TEJGM,0.2560165348164339,0.42260139878857017,0.35854425517324806,0.3457207295927507
86_0824_1000_U9TEJGM,,,,
87_0824_1000_U9TEJGM,,,,
88_0824_1000_U9TEJGM,0.08291827561646818,0.5794002479883672,0.533520668821461,0.3986130641420988
89_0824_1000_U9TEJGM,0.2845933593261657,0.2659559229170101,0.32210596404709596,0.29088508209675723
90_0824_1000_U9TEJGM,0.11810746329931902,0.4492925374714645,0.3354949282890271,0.30096497635327024
91_0824_1000_U9TEJGM,0.10039925017806939,0.1020602620398886,0.19605348085871657,0.13283766435889152
92_0824_1000_U9TEJGM,0.2612094879649875,0.37254298939863445,0.4005253469526355,0.3447592747720858
93_0824_1000_U9TEJGM,0.08285713119595582,0.26864575818515835,0.1063060762967422,0.15260298855928547
94_0824_1000_U9TEJGM,0.14030628272320336,0.3770513908612392,0.4012284819598819,0.30619538518144146
95_0824_1000_U9TEJGM,0.05093276141727765,0.4963176437600934,0.25998815508987794,0.269079520089083
96_0824_1000_U9TEJGM,0.1667378538366311,0.30408667791789323,0.23330438568941067,0.23470963914797835
97_0824_1000_U9TEJGM,0.253004328078771,0.256707545502127,0.3121389268279382,0.2739502668029454
98_0824_1000_U9TEJGM,0.10568773603035247,0.5581692122456116,0.22722315785541794,0.29702670204379394
99_0824_1000_U9TEJGM,0.16210309701262857,0.3699050052725766,0.3054058193881626,0.27913797389112255
101_0824_1000_U9TEJGM,0.13469566539190306,0.3783010798136293,0.1774667288300871,0.2301544913452065
102_0824_1000_U9TEJGM,0.07409834259191243,0.35978988352493557,0.19173574500975565,0.20854132370886788
103_0824_1000_U9TEJGM,0.09754146089187375,0.3591727790265497,0.30787627455956157,0.254863504825995
104_0824_1000_U9TEJGM,0.26115308261035847,0.42169132733432524,0.06947669432110061,0.2507737014219281
105_0824_1000_U9TEJGM,0.21008977506977955,0.5661115955724859,0.5293588840769802,0.43518675157308184
106_0824_1000_U9TEJGM,0.17714744629681292,0.36591780100754545,0.4165924875961971,0.3198859116335185
107_0824_1000_U9TEJGM,0.4323727480153208,0.48133507972093814,0.30293667613015346,0.40554816795547083
108_0824_1000_U9TEJGM,0.30414244162657306,0.4425917097744869,0.1510860461131289,0.2992733991713963
109_0824_1000_U9TEJGM,0.2377888204136597,0.5935959168420654,0.6064428286845858,0.4792758553134369
112_0824_1000_U9TEJGM,0.22188230776956322,0.5701876219085403,0.19402172079331312,0.32869721682380554
114_0824_1000_U9TEJGM,0.026942200609714417,0.5647760394351501,0.243520886617592,0.2784130422208188
115_0824_1000_U9TEJGM,0.4986560409111734,0.4770313593656068,0.33071234269768696,0.43546658099148905
117_0824_1000_U9TEJGM,0.26461372104585956,0.5359634415601136,0.3721738463618109,0.3909170029892613
118_0824_1000_U9TEJGM,0.36545307321261267,0.5654316304953341,0.4609681404431328,0.46395094805035986
119_0824_1000_U9TEJGM,0.3727045524216695,0.6559919130901409,0.49814145807400406,0.5089459745286048
121_0824_1000_U9TEJGM,0.26559420417869045,0.429397436585851,0.32768084465102326,0.34089082847185487
122_0824_1000_U9TEJGM,0.23486915000496292,0.3201539754180914,0.2806084288825205,0.2785438514351916
123_0824_1000_U9TEJGM,0.16364965410597487,0.4975108905333208,0.3069048210348551,0.3226884552247169
124_0824_1000_U9TEJGM,0.1790086564861947,0.2914279044304376,0.11522114961621722,0.1952192368442832
125_0824_1000_U9TEJGM,0.12492853355766263,0.41564955807527354,0.19897371837676112,0.24651727000323242
126_0824_1000_U9TEJGM,0.23550296086389444,0.4490359715378765,0.23710190794934824,0.30721361345037307
127_0824_1000_U9TEJGM,0.11046515195072258,0.38489947587487944,0.3078813295900851,0.2677486524718957
128_0824_1000_U9TEJGM,0.3834241231839037,0.5433831530312591,0.44642621625397033,0.45774449748971097
129_0824_1000_U9TEJGM,0.20545905398726397,0.3791450316827669,0.28493338782611916,0.2898458244987167
130_0824_1000_U9TEJGM,0.26947455831523526,0.46971396331291193,0.24224093171848035,0.32714315111554254
131_0824_1000_U9TEJGM,0.1444278806564643,0.4113151598025527,0.2376672654251899,0.2644701019614023
133_0824_1000_U9TEJGM,0.14232870938498052,0.362941891468562,0.4522529649660895,0.31917452193987733
134_0824_1000_U9TEJGM,0.06496860968877288,0.31624468055846955,0.20683522301443022,0.19601617108722422
136_0824_1000_U9TEJGM,0.10580325046507609,0.5005655065184582,0.2544994797857061,0.2869560789230801
137_0824_1000_U9TEJGM,0.10357817660627842,0.40997861049883216,0.41844175465970707,0.3106661805882725
138_0824_1000_U9TEJGM,0.08706453439181272,0.5523167338117813,0.2346405509155318,0.29134060637304193
139_0824_1000_U9TEJGM,0.3444008751282006,0.6948229564514277,0.24882048585951103,0.42934810581304644
140_0824_1000_U9TEJGM,0.06369507738966838,0.24225423828127324,0.14837080967985936,0.15144004178360035
141_0824_1000_U9TEJGM,0.28761524566202906,0.4369060445374424,0.18726930695161445,0.303930199050362
142_0824_1000_U9TEJGM,0.16835767056213588,0.6575950804587124,0.4597687450164367,0.4285738320124284
143_0824_1000_U9TEJGM,0.2793283020639699,0.50117755948935,0.23449220400596701,0.33833268851976234
144_0824_1000_U9TEJGM,0.2582750913881093,0.14105526049810835,0.385661577051372,0.26166397631252986
145_0824_1000_U9TEJGM,0.14828268644006354,0.45015070384339845,0.2802389485515334,0.29289077961166515
146_0824_1000_U9TEJGM,0.14865860861574529,0.24060271813144943,0.25267587325974206,0.21397906666897892
147_0824_1000_U9TEJGM,0.06983539634467924,0.4049620360599824,0.36707182938766975,0.28062308726411045
149_0824_1000_U9TEJGM,0.056855354111785,0.241646995645971,0.28277259594226406,0.19375831523334006
151_0824_1000_U9TEJGM,,,,
153_0824_1000_U9TEJGM,0.2123022192199804,0.336185724718059,0.33508078753918175,0.29452291049240703
154_0824_1000_U9TEJGM,0.13077532108413023,0.30492397736738086,0.16686539610325823,0.2008548981849231
155_0824_1000_U9TEJGM,0.3876000933728809,0.4762498781158988,0.41218455281194194,0.4253448414335739
0_0824_1600_539136F,0.3975409410208672,0.6516931021419331,0.47664795667654575,0.508627333279782
1_0824_1600_539136F,0.6495077149341866,0.8011873366553175,0.05698213364064462,0.5025590617433829
2_0824_1600_539136F,0.2926801369514538,0.42097634830480374,0.3107213902729323,0.34145929184306323
3_0824_1600_539136F,0.10891840593796044,0.9346690482320307,0.19905053469251835,0.41421266295416986
4_0824_1600_539136F,0.26095468186998194,0.757766603612141,0.2815981656259105,0.4334398170360112
5_0824_1600_539136F,0.11930121523930448,0.7912225279973167,0.47657125535043,0.46236499952901705
6_0824_1600_539136F,0.23991321676190414,0.32344872837599237,0.1784106685397945,0.24725753789256366
7_0824_1600_539136F,0.17094272792851306,0.8838030348327678,0.2906667513812977,0.4484708380475262
8_0824_1600_539136F,0.2739204869425152,0.04766674219474829,0.18099111395302958,0.167526114363431
10_0824_1600_539136F,0.17011465243907106,0.7457269956655693,0.8599806784046495,0.5919407755030967
11_0824_1600_539136F,0.5229611208563562,0.8183476300448995,0.23966817981853286,0.5269923102399295
12_0824_1600_539136F,0.9405082351647033,0.7352141912987861,0.87811470807995,0.851279044847813
13_0824_1600_539136F,0.6390227491864406,0.8886421380422185,0.35665025483594714,0.6281050473548687
14_0824_1600_539136F,0.7508138140249034,0.7966727944985251,0.08295794926076897,0.5434815192613992
15_0824_1600_539136F,0.31595027201389986,0.39078727283540743,0.4045278494674573,0.3704217981055882
16_0824_1600_539136F,0.41926233672780916,0.0931234449359422,0.441330926690004,0.3179055694512518
17_0824_1600_539136F,0.17044221519625724,0.4460246438702704,0.6935443503875446,0.43667040315135736
18_0824_1600_539136F,0.31693494897855323,0.8525262206611801,0.7210285701049871,0.6301632465815735
19_0824_1600_539136F,0.6588289134382331,0.7912586128023932,0.35571750629094323,0.6019350108438565
20_0824_1600_539136F,0.515471111712619,0.6605009048305255,0.6264957502750416,0.6008225889393953
21_0824_1600_539136F,0.1607773046652332,0.87912649990136,0.5843261882914693,0.5414099976193542
22_0824_1600_539136F,0.4952051523150261,0.6798654814020869,0.28651999141075885,0.48719687504262393
23_0824_1600_539136F,0.5234865877433887,0.8461152743130658,0.06063298895145163,0.4767449503359687
24_0824_1600_539136F,0.31786341928293665,0.8006385945178932,0.6044152371418111,0.5743057503142137
25_0824_1600_539136F,0.4716219961353974,0.9109499205513742,0.5449255719622655,0.6424991628830123
26_0824_1600_539136F,0.2424581857338232,0.7895506938590513,0.09501905516797976,0.3756759782536181
27_0824_1600_539136F,0.5706233335898122,0.4927010452386638,0.6407119282253105,0.5680121023512622
28_0824_1600_539136F,0.7161386688120716,0.829360245508822,0.22147173444361679,0.5889902162548367
29_0824_1600_539136F,0.6136886266580809,0.6437036858228457,0.3119207763703611,0.5231043629504292
30_0824_1600_539136F,0.4422347111234426,0.7903822930422422,0.27086611453293513,0.5011610395662066
31_0824_1600_539136F,0.7967309801997731,0.9596242860757127,0.06312483029767292,0.6064933655243863
32_0824_1600_539136F,0.39538048528944253,0.6015791727855877,0.3580206731792537,0.4516601104180946
33_0824_1600_539136F,0.4697303632861387,0.7822946125240534,0.07240168845819193,0.44147555475612804
34_0824_1600_539136F,0.7902646289913301,0.9091207438833991,0.8075547205971447,0.835646697823958
35_0824_1600_539136F,0.13824941340926403,0.7083036727402127,0.30411265205161825,0.3835552460670317
36_0824_1600_539136F,0.39952848363073445,0.6534155380716183,0.5542160796213069,0.5357200337745532
37_0824_1600_539136F,0.9460048459413001,0.9746963955470406,0.34556318872221964,0.7554214767368533
38_0824_1600_539136F,0.5563093787828958,0.5811565627610996,0.08612803194292847,0.40786465782897463
39_0824_1600_539136F,0.7897981409327386,0.5744868668376565,0.660898823400029,0.6750612770568081
40_0824_1600_539136F,0.6250052660266806,0.7712913940053722,0.24241918653503103,0.5462386155223613
41_0824_1600_539136F,0.33696667482173276,0.6774607703780621,0.2902257160371056,0.43488438707896676
42_0824_1600_539136F,0.731255280672006,0.8034925784981062,0.4619791724196261,0.6655756771965794
43_0824_1600_539136F,0.5997576502370542,0.96464379740782,0.8015841579500219,0.7886618685316321
44_0824_1600_539136F,0.20155506987651906,0.9046093740579773,0.38484000517656564,0.4970014830370207
45_0824_1600_539136F,0.34766158552580745,0.49571384607369,0.18965885252292045,0.3443447613741393
46_0824_1600_539136F,0.18148082599173979,0.9718489943289871,0.9373634656504252,0.696897761990384
47_0824_1600_539136F,,,,
48_0824_1600_539136F,0.22923162692918975,0.6548015734717169,0.23974197290733332,0.37459172443607996
49_0824_1600_539136F,,,,
50_0824_1600_539136F,0.47449409632163375,0.320861192663859,0.2082385471069501,0.33453127869748095
51_0824_1600_539136F,0.3157338590266436,0.5655462484728099,0.23610439415590756,0.372461500551787
52_0824_1600_539136F,0.30182193673552354,0.5690194668910772,0.24488688019724278,0.3719094279412812
53_0824_1600_539136F,0.2657707611223748,0.8660911278468605,0.14825910206074802,0.4267069970099944
54_0824_1600_539136F,0.25960190392935867,0.5848359118918217,0.036714724347031526,0.29371751338940394
56_0824_1600_539136F,0.5343495463101787,0.8102168734559503,0.10237002817556069,0.4823121493138965
57_0824_1600_539136F,0.4611064946794361,0.7905194499198961,0.35836591752808444,0.5366639540424722
58_0824_1600_539136F,0.09180349406012132,0.9101659459009336,0.811016599549689,0.6043286798369146
59_0824_1600_539136F,0.23727133238097162,0.7093629434508307,0.5906962809155817,0.5124435189157946
60_0824_1600_539136F,0.4964865122786193,0.7290550040220287,0.5923605633867252,0.6059673598957911
61_0824_1600_539136F,0.2551140426860022,0.8971693381394322,0.25842439821635943,0.47023592634726463
62_0824_1600_539136F,0.7475482636487868,0.6351637035657198,0.8726477715774262,0.751786579597311
63_0824_1600_539136F,0.5913502379825744,0.950408746107907,0.11056175946193787,0.5507735811841398
64_0824_1600_539136F,0.506199061168264,0.612101203255457,0.570206833770078,0.562835699397933
67_0824_1600_539136F,0.47358951137195526,0.9251473235707447,0.2871041084372017,0.5619469811266339
68_0824_1600_539136F,0.23637502089841486,0.3236446617783853,0.2259151013539269,0.26197826134357566
69_0824_1600_539136F,0.21197884197313854,0.6876022236994466,0.5826975505492209,0.4940928720739353
70_0824_1600_539136F,,,,
71_0824_1600_539136F,0.3457722268430959,0.4522581483384065,0.18510572818520102,0.3277120344555678
72_0824_1600_539136F,0.40142710801332476,0.7865909526179461,0.16753225634743152,0.45185010565956746
73_0824_1600_539136F,,,,
75_0824_1600_539136F,0.7860450765807321,0.8910044494098023,0.796185749819308,0.8244117586032808
76_0824_1600_539136F,0.31654162125784086,0.47528811069832316,0.6019387183684365,0.46458948344153345
77_0824_1600_539136F,0.5506413724040541,0.5514199649856684,0.4904793463359109,0.5308468945752111
78_0824_1600_539136F,0.1388261572179033,0.8061021528471585,0.5590026896473934,0.5013103332374851
79_0824_1600_539136F,0.2636416976371306,0.9373756399820771,0.777404414019526,0.6594739172129113
80_0824_1600_539136F,0.33021791079407586,0.7672760968522955,0.5434823879240877,0.5469921318568196
81_0824_1600_539136F,0.2800834530627904,0.2694293906422062,0.21774018248762414,0.2557510087308736
82_0824_1600_539136F,0.14235270813584786,0.5838534626498318,0.5805818429687905,0.43559600458482334
83_0824_1600_539136F,0.37336415185759586,0.12538197319050948,0.7276209911785454,0.4087890387422169
84_0824_1600_539136F,0.7319513153948876,0.9257348684669724,0.6225673788432061,0.7600845209016888
85_0824_1600_539136F,,,,
86_0824_1600_539136F,0.3103681564184449,0.6457018344528924,0.5642588282530079,0.5067762730414483
88_0824_1600_539136F,0.7400586990728338,0.9511787362760042,0.2314201230515606,0.6408858528001329
89_0824_1600_539136F,0.2541369701003994,0.8370548147803332,0.16193646577212692,0.41770941688428653
90_0824_1600_539136F,0.7710620470040461,0.697109328690002,0.7976464297196469,0.755272601804565
91_0824_1600_539136F,0.31457832748485237,0.8242217668538717,0.6813480463212622,0.6067160468866621
92_0824_1600_539136F,0.4388329728433864,0.8012307016355235,0.31808646636147575,0.5193833802801285
93_0824_1600_539136F,,,,
94_0824_1600_539136F,0.23278619075782794,0.49810444515372526,0.6357441750442867,0.45554493698528
95_0824_1600_539136F,0.7582283513036803,0.5891865145947313,0.6301574225422706,0.6591907628135607
96_0824_1600_539136F,0.3354753380362536,0.8809698590167248,0.48554573097736714,0.5673303093434485
97_0824_1600_539136F,,,,
98_0824_1600_539136F,,,,
99_0824_1600_539136F,,,,
100_0824_1600_539136F,0.6628343547530257,0.8419495716398714,0.08019088350436433,0.5283249366324204
101_0824_1600_539136F,,,,
102_0824_1600_539136F,0.3027137076851797,0.5887683653438837,0.2582614705092209,0.3832478478460947
103_0824_1600_539136F,,,,
104_0824_1600_539136F,,,,
105_0824_1600_539136F,0.5457727488131822,0.49730860684226225,0.446492883210055,0.4965247462884998
106_0824_1600_539136F,0.4494276083000705,0.8003317327173508,0.542516367327075,0.5974252361148321
107_0824_1600_539136F,0.2057740327176583,0.2934318552008827,0.04619880237640763,0.18180156343164955
108_0824_1600_539136F,,,,
109_0824_1600_539136F,0.3224492761922949,0.841535053475701,0.8118588018067493,0.6586143771582483
110_0824_1600_539136F,0.22584873783674073,0.8724483156674988,0.48090864819829865,0.5264019005675128
111_0824_1600_539136F,0.3910338679566727,0.48736866640647825,0.22570661464539885,0.3680363830028499
112_0824_1600_539136F,0.49855407629407084,0.4745470598324209,0.4726385875333327,0.48191324121994145
116_0824_1600_539136F,0.3097601012008164,0.4990958469518476,0.3040853859828985,0.37098044471185415
117_0824_1600_539136F,0.4303140029177719,0.7576956020555806,0.5154295459344994,0.5678130503026173
118_0824_1600_539136F,,,,
119_0824_1600_539136F,,,,
120_0824_1600_539136F,,,,
121_0824_1600_539136F,0.11477550271032276,0.2906329739419033,0.7254278570443892,0.3769454445655384
122_0824_1600_539136F,0.3977020597077392,0.7951715533159226,0.6670424518538168,0.6199720216258262
123_0824_1600_539136F,0.21916093872452616,0.9313367105179191,0.8105516783646642,0.6536831092023698
125_0824_1600_539136F,0.38090629223346345,0.6264658163451227,0.09773107734822521,0.3683677286422704
126_0824_1600_539136F,0.22996498412735958,0.40225307402336236,0.06169852137452129,0.2313055265084144
128_0824_1600_539136F,0.6252074263772546,0.9153611474098772,0.42963623404911905,0.656734935945417
129_0824_1600_539136F,0.2090624614098191,0.8375130677421619,0.7755198181860316,0.6073651157793375
130_0824_1600_539136F,0.6076983129330935,0.7500549223955154,0.7796652885395083,0.7124728412893724
131_0824_1600_539136F,,,,
132_0824_1600_539136F,,,,
2_0824_1600_9M4VCHG,0.17725325763573996,0.459015413280809,0.34602550580309915,0.32743139223988277
4_0824_1600_9M4VCHG,0.744868318688023,0.7657041568149429,0.45023433204955365,0.6536022691841731
5_0824_1600_9M4VCHG,0.46200768407418885,0.15988771436355675,0.2959329592557781,0.30594278589784124
6_0824_1600_9M4VCHG,0.2745437543841162,0.32969675017921457,0.509761693234088,0.3713340659324729
8_0824_1600_9M4VCHG,0.28161165953429496,0.3484732981217952,0.0882325734063479,0.23943917702081272
10_0824_1600_9M4VCHG,0.23704570734146468,0.3858945238523628,0.22915254085204464,0.2840309240152907
11_0824_1600_9M4VCHG,0.24099628090154,0.1765517396397823,0.2942752754737962,0.2372744320050395
12_0824_1600_9M4VCHG,0.11889983054464631,0.05293375643678785,0.43098680167652176,0.20094012955265197
13_0824_1600_9M4VCHG,0.5162686632981608,0.1786831768774181,0.2772395657399009,0.32406380197182655
14_0824_1600_9M4VCHG,0.2847743103634533,0.3440534412174648,0.2447933675056486,0.29120703969552225
15_0824_1600_9M4VCHG,0.09191804126797372,0.35582708335252944,0.4372110768893251,0.2949854005032761
16_0824_1600_9M4VCHG,0.3454592614987531,0.23143955834297025,0.0457691770142111,0.20755599895197815
17_0824_1600_9M4VCHG,0.43959509095568433,0.31773682234909567,0.15462821866548143,0.3039867106567538
18_0824_1600_9M4VCHG,0.37458337656891544,0.2175646012139668,0.4511060526651791,0.3477513434826871
19_0824_1600_9M4VCHG,0.18923892202922601,0.24808948678177598,0.6531166882920386,0.36348169903434685
20_0824_1600_9M4VCHG,0.11300759477125498,0.22605469789312307,0.39018121947587425,0.24308117071341742
21_0824_1600_9M4VCHG,0.6242165689196612,0.12347832244955946,0.26162629968599344,0.33644039701840467
22_0824_1600_9M4VCHG,0.7087831069973346,0.2994797687448223,0.21380335101251938,0.4073554089182254
23_0824_1600_9M4VCHG,0.6606184749868681,0.49946776580395835,0.5651318944041245,0.5750727117316504
24_0824_1600_9M4VCHG,0.49597851555057443,0.3572580280218116,0.24548344938858968,0.36623999765365856
25_0824_1600_9M4VCHG,,,,
26_0824_1600_9M4VCHG,0.14872563645625103,0.26198030917559195,0.37452599011923443,0.26174397858369247
27_0824_1600_9M4VCHG,0.2656240766437018,0.36087860588371107,0.27928319580223965,0.3019286261098842
28_0824_1600_9M4VCHG,0.4331502122560351,0.07149034438169363,0.19492024179787307,0.23318693281186728
29_0824_1600_9M4VCHG,0.3922475253845193,0.30436817696926755,0.23903399196707623,0.3118832314402877
30_0824_1600_9M4VCHG,0.35080376202921876,0.122351856137118,0.17268605767110615,0.21528055861248097
31_0824_1600_9M4VCHG,0.4869258791647919,0.2880003349747754,0.2961603797118532,0.3570288646171402
32_0824_1600_9M4VCHG,0.7214776964754971,0.2508571766247955,0.1048334847307374,0.35905611927701003
33_0824_1600_9M4VCHG,0.25890972429213044,0.2436917506271112,0.26373391041409205,0.25544512844444456
34_0824_1600_9M4VCHG,0.07134635261899867,0.09576917642382299,0.6585090172228777,0.27520818208856646
35_0824_1600_9M4VCHG,0.5196684145717249,0.2651646150529566,0.09738449707726911,0.29407250890065023
36_0824_1600_9M4VCHG,0.22918968077883106,0.20389393478280285,0.17121040765553555,0.2014313410723898
37_0824_1600_9M4VCHG,0.5144542894675722,0.4142743072857247,0.2868601437314531,0.40519624682824995
38_0824_1600_9M4VCHG,0.33798706029716924,0.45349130253446485,0.21886696574453493,0.33678177619205635
39_0824_1600_9M4VCHG,0.39900550886455455,0.43093988587946047,0.5225056269495951,0.4508170072312034
40_0824_1600_9M4VCHG,0.29820696883457737,0.2769826380969092,0.6773960190945975,0.4175285420086947
41_0824_1600_9M4VCHG,0.2820397168583897,0.22786475486249488,0.3739995731050972,0.29463468160866063
42_0824_1600_9M4VCHG,0.4847975125377845,0.5321064051631926,0.28123225796993806,0.4327120585569717
43_0824_1600_9M4VCHG,0.5134200069016369,0.25547911256220907,0.37637434311353735,0.38175782085912774
44_0824_1600_9M4VCHG,0.23879892267498537,0.20050605935827628,0.4768513422214728,0.3053854414182448
45_0824_1600_9M4VCHG,0.12307314413622855,0.5570405952902667,0.38283325135439333,0.35431566359362954
46_0824_1600_9M4VCHG,0.2498514655635415,0.23746816780980376,0.1440045477247023,0.2104413936993492
47_0824_1600_9M4VCHG,0.17571770879591783,0.1021356493288299,0.3519200497132353,0.2099244692793277
48_0824_1600_9M4VCHG,0.15392291449605275,0.2231411017516489,0.19245970643859592,0.18984124089543253
49_0824_1600_9M4VCHG,0.41260861391277176,0.37054518038994205,0.3566889471611822,0.37994758048796534
50_0824_1600_9M4VCHG,0.6086378516507777,0.3345387360576824,0.5430439854905494,0.49540685773300314
51_0824_1600_9M4VCHG,,,,
52_0824_1600_9M4VCHG,0.6677410292306579,0.24173700721012847,0.34744653016936305,0.4189748555367165
53_0824_1600_9M4VCHG,0.19100084841570128,0.13932731312273952,0.21955633133478805,0.18329483095774293
54_0824_1600_9M4VCHG,,,,
55_0824_1600_9M4VCHG,0.0965351218017031,0.10912413022459604,0.5078789649819853,0.2378460723360948
56_0824_1600_9M4VCHG,0.5152410392152924,0.13446295957936386,0.226812367643191,0.29217212214594906
57_0824_1600_9M4VCHG,0.360135231005761,0.0938714245250785,0.1492899950849527,0.2010988835385974
58_0824_1600_9M4VCHG,0.0594776442347937,0.3130303029908866,0.5105078738566144,0.2943386070274316
59_0824_1600_9M4VCHG,0.3764209510517336,0.1757033008800313,0.13268406458995996,0.22826943884057496
60_0824_1600_9M4VCHG,0.7794566230839063,0.3572790440468758,0.34401457142757425,0.4935834128527854
61_0824_1600_9M4VCHG,0.43699223282465477,0.14059730267105605,0.12956801877669452,0.23571918475746845
62_0824_1600_9M4VCHG,0.36609330345112195,0.21279844932022493,0.34990610169068725,0.30959928482067806
63_0824_1600_9M4VCHG,,,,
64_0824_1600_9M4VCHG,0.3850386205866621,0.22310190959542195,0.16208753504687087,0.25674268840965164
65_0824_1600_9M4VCHG,0.25035834618639746,0.2051582589236971,0.18010992732778922,0.21187551081262793
66_0824_1600_9M4VCHG,0.6804317138518418,0.3910887815601412,0.1930267111064902,0.4215157355061578
67_0824_1600_9M4VCHG,0.47250722049383415,0.1753905566614279,0.2572870189647764,0.3017282653733462
68_0824_1600_9M4VCHG,0.38303222754610716,0.30125267208380285,0.3433523330527945,0.34254574422756817
69_0824_1600_9M4VCHG,0.9148688680251338,0.45888154320303043,0.41393479161148233,0.5958950676132155
70_0824_1600_9M4VCHG,0.5074199053851295,0.29387684468884423,0.22282818090908352,0.34137497699435243
71_0824_1600_9M4VCHG,0.5537574400248014,0.39994186076400423,0.2826814115482636,0.4121269041123565
72_0824_1600_9M4VCHG,0.08214844376254218,0.08903278737087161,0.3014223030462795,0.15753451139323107
73_0824_1600_9M4VCHG,0.5845072017422513,0.3620879983953283,0.2703441548720863,0.4056464516698887
74_0824_1600_9M4VCHG,0.4234338269579397,0.18800776933407512,0.10203989027146858,0.23782716218782776
75_0824_1600_9M4VCHG,0.5159049092233251,0.14731644893097154,0.26095366525572034,0.30805834113667235
76_0824_1600_9M4VCHG,0.16480228123014173,0.31158938989865326,0.15183634423535344,0.20940933845471613
77_0824_1600_9M4VCHG,0.3084151368834724,0.4436293489198519,0.4049226102960513,0.3856556986997919
78_0824_1600_9M4VCHG,0.34677659122616716,0.32710387262742535,0.3532085787624579,0.34236301420535015
79_0824_1600_9M4VCHG,0.39988186533289083,0.26656755611030786,0.11583646996604645,0.2607619638030817
80_0824_1600_9M4VCHG,0.2781205366453439,0.20082711043432,0.1514322538837406,0.21012663365446818
81_0824_1600_9M4VCHG,0.31444366627771975,0.2940935543946533,0.24353150870732598,0.284022909793233
82_0824_1600_9M4VCHG,0.21983315877789014,0.1835786882552497,0.24949341669781278,0.21763508791031752
83_0824_1600_9M4VCHG,0.4818746834165066,0.265918475869365,0.10343317552124283,0.28374211160237145
84_0824_1600_9M4VCHG,0.04749077477968516,0.18250987808702693,0.5381188435217762,0.2560398321294961
85_0824_1600_9M4VCHG,0.7308809435698311,0.36127674494529455,0.5684101161663426,0.5535226015604894
86_0824_1600_9M4VCHG,0.5324786907616049,0.1891518721828184,0.17754356513799954,0.2997247093608076
87_0824_1600_9M4VCHG,0.2501714951654071,0.2817036833679983,0.3111496610649757,0.28100827986612703
88_0824_1600_9M4VCHG,0.37016650995022166,0.28783965243221077,0.1385224867537308,0.2655095497120544
89_0824_1600_9M4VCHG,0.14160914048083625,0.3859935145191229,0.32720538045400493,0.28493601181798806
90_0824_1600_9M4VCHG,0.4739338850602026,0.28215512006143006,0.17570618561722706,0.31059839691295327
91_0824_1600_9M4VCHG,0.26963366028978947,0.33654165011272014,0.17054258594826435,0.25890596545025796
92_0824_1600_9M4VCHG,0.25084017474463993,0.49762144261114116,0.34992791911543203,0.36612984549040434
93_0824_1600_9M4VCHG,0.22661838189714079,0.22902143183842164,0.22787795295275873,0.2278392555627737
94_0824_1600_9M4VCHG,0.05061550021897774,0.32017413259015504,0.38603943032686655,0.2522763543786664
95_0824_1600_9M4VCHG,0.34857890047864154,0.3337932387110611,0.25325907035250333,0.311877069847402
96_0824_1600_9M4VCHG,0.3143111173576071,0.392446962621853,0.1170241660391222,0.2745940820061941
97_0824_1600_9M4VCHG,0.23971915334927751,0.4147385181797396,0.13427665270481948,0.26291144141127887
98_0824_1600_9M4VCHG,0.3596079219893313,0.2632347544366838,0.2127079370251531,0.2785168711503894
99_0824_1600_9M4VCHG,0.1153370025019318,0.2285366607435533,0.30766603583502644,0.21717989969350385
100_0824_1600_9M4VCHG,0.5009431557997496,0.10027457204262079,0.04541075431601511,0.2155428273861285
101_0824_1600_9M4VCHG,0.41597424530870547,0.11859920576327321,0.1302508248549388,0.22160809197563913
102_0824_1600_9M4VCHG,0.519087212572245,0.2625290767634978,0.08418998792769494,0.28860209242114593
103_0824_1600_9M4VCHG,0.1511572728206531,0.28920325551236886,0.2637532111661856,0.23470457983306922
104_0824_1600_9M4VCHG,0.38871294804320117,0.25227313499432485,0.3613015172462602,0.3340958667612621
105_0824_1600_9M4VCHG,0.20859129195861958,0.33508491404770097,0.11639321213257992,0.22002313937963347
106_0824_1600_9M4VCHG,0.35712408232336595,0.41752032815314283,0.15480284392945293,0.3098157514686539
107_0824_1600_9M4VCHG,,,,
108_0824_1600_9M4VCHG,0.6198646016439958,0.2706545425328703,0.1945901372229686,0.36170309379994486
109_0824_1600_9M4VCHG,0.4051213932824935,0.2543420185682603,0.18750809951452918,0.282323837121761
110_0824_1600_9M4VCHG,0.22590121603580168,0.2860014899184793,0.22512400399243457,0.24567556998223852
111_0824_1600_9M4VCHG,0.07049364805562797,0.38937018038970406,0.3115968326266135,0.25715355369064846
112_0824_1600_9M4VCHG,0.5199327274364417,0.6601618419941871,0.27362602807767167,0.48457353250276686
113_0824_1600_9M4VCHG,0.6254725917945336,0.34805035804133017,0.31783030977260673,0.4304510865361568
114_0824_1600_9M4VCHG,0.6271888347699069,0.35032721947390577,0.41357409568336917,0.463696716642394
115_0824_1600_9M4VCHG,0.2802679404268648,0.525495984494016,0.26725093416496093,0.35767161969528055
116_0824_1600_9M4VCHG,0.07850039492550959,0.5050553818104294,0.5755125192954231,0.3863560986771207
117_0824_1600_9M4VCHG,0.5432953291085644,0.30028892915318367,0.07955306362264943,0.3077124406281325
118_0824_1600_9M4VCHG,,,,
119_0824_1600_9M4VCHG,0.4188983137144983,0.08893540277004851,0.39401602848775524,0.300616581657434
120_0824_1600_9M4VCHG,0.4843228523397383,0.5602091194053843,0.08872714844480867,0.37775304006331045
121_0824_1600_9M4VCHG,0.22980713469108185,0.628206347650437,0.1889649428654391,0.34899280840231933
122_0824_1600_9M4VCHG,0.4878927979467729,0.38360601703508085,0.20648031122135838,0.3593263754010707
123_0824_1600_9M4VCHG,0.4755699623707684,0.4203345346225635,0.20144331853375888,0.36578260517569694
124_0824_1600_9M4VCHG,0.5545264905221465,0.39725804465200865,0.20265242103801992,0.3848123187373917
125_0824_1600_9M4VCHG,0.21890900813716255,0.45855716983687395,0.3594069658576539,0.34562438127723016
126_0824_1600_9M4VCHG,0.45836428946848623,0.33184855275949104,0.48143825918629674,0.42388370047142465
127_0824_1600_9M4VCHG,0.4265412053345581,0.312057596537892,0.1931221806402156,0.3105736608375552
128_0824_1600_9M4VCHG,0.09913468994646225,0.561688259456892,0.3288235512300988,0.32988216687781774
129_0824_1600_9M4VCHG,0.1828716969030427,0.34925614196652655,0.4507992532567701,0.3276423640421131
130_0824_1600_9M4VCHG,0.4466220578152477,0.5478080523313694,0.3335269641965028,0.4426523581143733
131_0824_1600_9M4VCHG,0.34296166577483306,0.6990126496679628,0.22279587146522725,0.4215900623026743
132_0824_1600_9M4VCHG,0.19358054618312934,0.4020515703231213,0.3073258946919921,0.3009860037327476
133_0824_1600_9M4VCHG,0.3256190273311283,0.21552507112087949,0.603964268388415,0.3817027889468076
134_0824_1600_9M4VCHG,0.21642945892849688,0.41687679164648794,0.25411767102679533,0.29580797386726004
135_0824_1600_9M4VCHG,0.36164485201611996,0.4073601061851795,0.12592654890889574,0.29831050237006507
136_0824_1600_9M4VCHG,0.3884433422457869,0.3131095843232289,0.40794043214906145,0.36983111957269243
0_0826_1000_539136F,0.850395686516721,0.14170543862139748,0.8222482425538362,0.6047831225639849
1_0826_1000_539136F,,,,
2_0826_1000_539136F,,,,
3_0826_1000_539136F,,,,
4_0826_1000_539136F,,,,
5_0826_1000_539136F,,,,
6_0826_1000_539136F,,,,
7_0826_1000_539136F,,,,
8_0826_1000_539136F,,,,
9_0826_1000_539136F,,,,
10_0826_1000_539136F,0.8693051627461515,0.3331799579230185,0.6157269510525151,0.606070690573895
11_0826_1000_539136F,,,,
12_0826_1000_539136F,,,,
13_0826_1000_539136F,,,,
14_0826_1000_539136F,0.8676881557307178,0.13922563441217678,0.6013169243979798,0.5360769048469581
15_0826_1000_539136F,,,,
16_0826_1000_539136F,0.8370889024313942,0.532749852296582,0.43942379908783336,0.6030875179386032
17_0826_1000_539136F,,,,
18_0826_1000_539136F,,,,
19_0826_1000_539136F,,,,
20_0826_1000_539136F,,,,
21_0826_1000_539136F,,,,
22_0826_1000_539136F,,,,
23_0826_1000_539136F,0.8914276096785082,0.6753544785412108,0.6084646987232379,0.725082262314319
24_0826_1000_539136F,0.8840072181257375,0.468649025326543,0.8801529203842272,0.7442697212788358
25_0826_1000_539136F,,,,
26_0826_1000_539136F,0.918883910924681,0.32033503454378204,0.6077084753024832,0.6156424735903153
27_0826_1000_539136F,,,,
28_0826_1000_539136F,0.9015297075602785,0.36945696242126663,0.5597566022382846,0.61024775740661
29_0826_1000_539136F,,,,
30_0826_1000_539136F,,,,
31_0826_1000_539136F,,,,
32_0826_1000_539136F,,,,
33_0826_1000_539136F,,,,
34_0826_1000_539136F,0.9262286847311479,0.6407947985730417,0.5664775608190163,0.7111670147077352
35_0826_1000_539136F,,,,
36_0826_1000_539136F,,,,
37_0826_1000_539136F,,,,
38_0826_1000_539136F,,,,
39_0826_1000_539136F,,,,
40_0826_1000_539136F,,,,
41_0826_1000_539136F,,,,
42_0826_1000_539136F,,,,
43_0826_1000_539136F,,,,
44_0826_1000_539136F,,,,
45_0826_1000_539136F,,,,
46_0826_1000_539136F,,,,
47_0826_1000_539136F,,,,
48_0826_1000_539136F,,,,
49_0826_1000_539136F,,,,
50_0826_1000_539136F,,,,
51_0826_1000_539136F,,,,
52_0826_1000_539136F,0.8955430826232155,0.5982048167338562,0.3008687890813159,0.5982055628127959
53_0826_1000_539136F,,,,
54_0826_1000_539136F,,,,
55_0826_1000_539136F,,,,
56_0826_1000_539136F,,,,
57_0826_1000_539136F,,,,
58_0826_1000_539136F,0.9467093404855502,0.7677766561305231,0.6921727926113438,0.8022195964091391
59_0826_1000_539136F,,,,
60_0826_1000_539136F,,,,
61_0826_1000_539136F,0.8883905605575543,0.38301879965349944,0.7517015422283674,0.6743703008131403
62_0826_1000_539136F,0.9320794525268224,0.588264568697204,0.7517548436531496,0.7573662882923919
63_0826_1000_539136F,,,,
64_0826_1000_539136F,,,,
65_0826_1000_539136F,0.9363616500396913,0.6191685965498086,0.34796222616089073,0.634497490916797
66_0826_1000_539136F,0.8534700509778282,0.3969258145865553,0.4962217108913946,0.5822058588185927
67_0826_1000_539136F,,,,
68_0826_1000_539136F,,,,
69_0826_1000_539136F,,,,
70_0826_1000_539136F,,,,
71_0826_1000_539136F,,,,
72_0826_1000_539136F,,,,
73_0826_1000_539136F,,,,
74_0826_1000_539136F,,,,
75_0826_1000_539136F,,,,
76_0826_1000_539136F,,,,
77_0826_1000_539136F,0.9124489173183403,0.515916778469191,0.6239556858174341,0.6841071272016551
78_0826_1000_539136F,,,,
79_0826_1000_539136F,,,,
80_0826_1000_539136F,,,,
81_0826_1000_539136F,,,,
82_0826_1000_539136F,,,,
83_0826_1000_539136F,,,,
84_0826_1000_539136F,0.9755434439486527,0.9622930807987456,0.9160339341547475,0.951290152967382
85_0826_1000_539136F,,,,
86_0826_1000_539136F,,,,
87_0826_1000_539136F,,,,
88_0826_1000_539136F,0.9452777868609799,0.6594414096767928,0.7105404044060729,0.7717532003146151
89_0826_1000_539136F,,,,
90_0826_1000_539136F,,,,
91_0826_1000_539136F,,,,
92_0826_1000_539136F,,,,
93_0826_1000_539136F,,,,
94_0826_1000_539136F,,,,
95_0826_1000_539136F,,,,
96_0826_1000_539136F,,,,
97_0826_1000_539136F,0.9178896024963835,0.443744340845037,0.6649109499103883,0.6755149644172697
98_0826_1000_539136F,0.916651886636429,0.3852200309688732,0.4882598294146168,0.596710582339973
99_0826_1000_539136F,,,,
100_0826_1000_539136F,,,,
101_0826_1000_539136F,,,,
102_0826_1000_539136F,,,,
103_0826_1000_539136F,0.930217173074139,0.36672048523786427,0.6478126768611987,0.6482501117244007
104_0826_1000_539136F,0.9050103846202017,0.4034936010950482,0.4348429751060619,0.5811156536071039
105_0826_1000_539136F,0.8950175238891317,0.6226646615191982,0.5811586457012955,0.699613610369875
106_0826_1000_539136F,,,,
107_0826_1000_539136F,0.9210415973866976,0.5878621567051827,0.4380071113415225,0.6489702884778009
108_0826_1000_539136F,,,,
109_0826_1000_539136F,,,,
110_0826_1000_539136F,,,,
111_0826_1000_539136F,,,,
112_0826_1000_539136F,0.9118677295865908,0.5007780075482575,0.3651881538866976,0.592611297007182
113_0826_1000_539136F,,,,
114_0826_1000_539136F,0.8841318085579597,0.32602857011581005,0.4243447252415189,0.5448350346384295
115_0826_1000_539136F,0.8988837977756159,0.47282563975593356,0.5235648723793164,0.631758103303622
116_0826_1000_539136F,,,,
117_0826_1000_539136F,,,,
118_0826_1000_539136F,0.881012376111712,0.7146940559977416,0.5712844622376522,0.7223302981157019
119_0826_1000_539136F,,,,
120_0826_1000_539136F,,,,
121_0826_1000_539136F,,,,
122_0826_1000_539136F,,,,
123_0826_1000_539136F,,,,
124_0826_1000_539136F,,,,
125_0826_1000_539136F,,,,
126_0826_1000_539136F,,,,
127_0826_1000_539136F,,,,
128_0826_1000_539136F,,,,
129_0826_1000_539136F,,,,
130_0826_1000_539136F,,,,
131_0826_1000_539136F,,,,
0_0826_1000_9M4VCHG,0.6711441819496331,0.9769338620381318,0.6607884569799828,0.7696221669892492
1_0826_1000_9M4VCHG,0.6438244471762284,0.9822098226045188,0.6679847955725847,0.7646730217844441
2_0826_1000_9M4VCHG,0.6987933071762639,0.9750366369894548,0.8127063983915352,0.8288454475190846
3_0826_1000_9M4VCHG,0.38860367551608127,0.9893001125195126,0.7284054925600335,0.7021030935318757
4_0826_1000_9M4VCHG,0.7875687356029046,0.9769463540996558,0.8442074106140368,0.8695741667721991
5_0826_1000_9M4VCHG,0.5462846578053514,0.9796721071833101,0.8148419625421872,0.780266242510283
6_0826_1000_9M4VCHG,,,,
7_0826_1000_9M4VCHG,0.8059665263582497,0.9828143790542946,0.8794028504891487,0.8893945853005644
8_0826_1000_9M4VCHG,0.40840898437676776,0.9907845358644919,0.7774514735629326,0.7255483312680641
9_0826_1000_9M4VCHG,0.529623685213874,0.991357990822067,0.736822742015279,0.75260147268374
10_0826_1000_9M4VCHG,0.6121009410911861,0.9946455705583004,0.8365246516105129,0.8144237210866665
11_0826_1000_9M4VCHG,0.6800392647636357,0.9728594877722955,0.7691765739032165,0.8073584421463825
12_0826_1000_9M4VCHG,0.5401344761275941,0.9916338025832516,0.8749724949850698,0.8022469245653051
13_0826_1000_9M4VCHG,0.6015489970605833,0.9905983408894926,0.8098733286450689,0.8006735555317149
15_0826_1000_9M4VCHG,0.5156323648572665,0.9901632419607757,0.88731585703476,0.7977038212842674
16_0826_1000_9M4VCHG,0.6400674207949559,0.990239678367237,0.8809656651637771,0.83709092144199
17_0826_1000_9M4VCHG,0.6934312633574115,0.994231048419418,0.7667112897277372,0.8181245338348555
18_0826_1000_9M4VCHG,0.7836661715234378,0.9840873188469592,0.8785149008322187,0.8820894637342053
19_0826_1000_9M4VCHG,0.6550826137465572,0.9859471796557845,0.8496083183644322,0.8302127039222579
20_0826_1000_9M4VCHG,0.5009553287279626,0.9873746678898501,0.8085698057269063,0.7656332674482397
21_0826_1000_9M4VCHG,0.521605639917999,0.9844868802296496,0.6790718230138718,0.7283881143871734
22_0826_1000_9M4VCHG,0.6997639852772862,0.9734034951320308,0.8071396688852043,0.8267690497648404
23_0826_1000_9M4VCHG,0.6338889649280443,0.9958033646898713,0.8490475141007385,0.8262466145728847
24_0826_1000_9M4VCHG,0.6345514404540943,0.991230346901713,0.8319150105913019,0.8192322659823698
25_0826_1000_9M4VCHG,0.7491837012314398,0.9912251307242546,0.8597571291944844,0.8667219870500597
26_0826_1000_9M4VCHG,,,,
28_0826_1000_9M4VCHG,0.694335778305577,0.9929036583534515,0.8469595054131132,0.8447329806907139
29_0826_1000_9M4VCHG,,,,
30_0826_1000_9M4VCHG,0.6947428887772381,0.9811523216623383,0.8695048420902184,0.8484666841765983
31_0826_1000_9M4VCHG,,,,
32_0826_1000_9M4VCHG,0.6460250894131573,0.995042626840462,0.7651589477294598,0.8020755546610263
33_0826_1000_9M4VCHG,,,,
34_0826_1000_9M4VCHG,0.6799616668477236,0.9954952360734718,0.8206093345895006,0.832022079170232
35_0826_1000_9M4VCHG,,,,
36_0826_1000_9M4VCHG,,,,
37_0826_1000_9M4VCHG,0.49391741905071695,0.9876616795820254,0.5989966466972546,0.6935252484433323
39_0826_1000_9M4VCHG,0.7421856865820008,0.9780629784989493,0.7468616691790868,0.8223701114200123
40_0826_1000_9M4VCHG,0.767166279956382,0.985701588321383,0.7988162819474248,0.8505613834083966
41_0826_1000_9M4VCHG,0.48030281319161827,0.9904640904232442,0.8259061227124839,0.7655576754424488
42_0826_1000_9M4VCHG,,,,
43_0826_1000_9M4VCHG,,,,
44_0826_1000_9M4VCHG,0.5671787022763395,0.9909496873343934,0.833612851829106,0.7972470804799463
45_0826_1000_9M4VCHG,0.798927250515149,0.9977566059849106,0.8743267053854465,0.8903368539618354
46_0826_1000_9M4VCHG,0.6769657507151984,0.9869741712478071,0.9343406155485517,0.8660935125038525
47_0826_1000_9M4VCHG,0.36065700422347385,0.9866469967589883,0.6079798718006797,0.651761290927714
48_0826_1000_9M4VCHG,0.4212724317119825,0.9908711374242739,0.7660665731725146,0.726070047436257
49_0826_1000_9M4VCHG,0.5859890259946577,0.9863030095038255,0.7042585710561493,0.7588502021848775
51_0826_1000_9M4VCHG,,,,
54_0826_1000_9M4VCHG,,,,
55_0826_1000_9M4VCHG,,,,
56_0826_1000_9M4VCHG,0.40602422072456484,0.9791248810050242,0.6909646927059295,0.6920379314785062
57_0826_1000_9M4VCHG,,,,
58_0826_1000_9M4VCHG,0.7406960089624978,0.9902337365337776,0.9181720425285166,0.8830339293415973
59_0826_1000_9M4VCHG,0.6524997616783482,0.9909491790617562,0.8459883029478115,0.8298124145626385
60_0826_1000_9M4VCHG,0.4683456000501531,0.9962402810944923,0.8592696143717826,0.7746184985054759
61_0826_1000_9M4VCHG,0.498254553484114,0.9815557271736837,0.8624361598562081,0.7807488135046686
62_0826_1000_9M4VCHG,0.6244761136208985,0.9937472269121151,0.8628713041196937,0.8270315482175691
63_0826_1000_9M4VCHG,0.5274040992253609,0.9886954775931424,0.8576262772071218,0.791241951341875
64_0826_1000_9M4VCHG,0.675355524958766,0.9836199117003869,0.8150153099396308,0.8246635821995946
65_0826_1000_9M4VCHG,0.5412845665158654,0.9845081549706762,0.5514243142212408,0.6924056785692608
66_0826_1000_9M4VCHG,0.7057278678943987,0.9900622150356568,0.8048012362615831,0.8335304397305462
67_0826_1000_9M4VCHG,,,,
68_0826_1000_9M4VCHG,0.6471387842161719,0.9840052860979371,0.8455618814644073,0.8255686505928388
69_0826_1000_9M4VCHG,0.6111131346080938,0.9923801620312588,0.8194584370295098,0.8076505778896208
70_0826_1000_9M4VCHG,,,,
71_0826_1000_9M4VCHG,0.26415632790245785,0.9893865453320855,0.697004095470824,0.650182322901789
72_0826_1000_9M4VCHG,0.6879317328897544,0.990951395625803,0.7826694756864138,0.8205175347339905
73_0826_1000_9M4VCHG,0.7404392360496909,0.990530922562472,0.8839944325626005,0.8716548637249212
74_0826_1000_9M4VCHG,,,,
75_0826_1000_9M4VCHG,0.4195016090842428,0.9841469168371609,0.7350946272092721,0.712914384376892
76_0826_1000_9M4VCHG,0.6714443501130121,0.9924978765097446,0.8304798595623236,0.8314740287283601
77_0826_1000_9M4VCHG,,,,
78_0826_1000_9M4VCHG,0.18523902592654376,0.9960279439661625,0.7698190169534597,0.6503619956153887
79_0826_1000_9M4VCHG,,,,
80_0826_1000_9M4VCHG,,,,
81_0826_1000_9M4VCHG,0.7870231435845324,0.9878573069825759,0.7973543120408304,0.8574115875359795
82_0826_1000_9M4VCHG,0.5037006355934568,0.9931619275349797,0.7917880784496409,0.7628835471926925
83_0826_1000_9M4VCHG,,,,
84_0826_1000_9M4VCHG,0.6315733581816221,0.9938386882224474,0.8308719691870211,0.8187613385303635
85_0826_1000_9M4VCHG,0.655126871785527,0.9747638616102753,0.8470118247976645,0.825634186064489
86_0826_1000_9M4VCHG,0.7902065790067775,0.9859302578518436,0.8936094886910465,0.8899154418498892
87_0826_1000_9M4VCHG,,,,
88_0826_1000_9M4VCHG,0.5361631850931248,0.9814765999752851,0.687687538060363,0.7351091077095909
89_0826_1000_9M4VCHG,0.6703060027689776,0.9896360013809727,0.8725083993589887,0.8441501345029797
90_0826_1000_9M4VCHG,0.34000726701807293,0.9932662384043441,0.6934645400203495,0.6755793484809222
91_0826_1000_9M4VCHG,,,,
92_0826_1000_9M4VCHG,,,,
94_0826_1000_9M4VCHG,,,,
95_0826_1000_9M4VCHG,,,,
96_0826_1000_9M4VCHG,0.675193119638858,0.9731613790332249,0.7618523281169622,0.8034022755963482
97_0826_1000_9M4VCHG,,,,
98_0826_1000_9M4VCHG,0.5468101601508183,0.9915066576345842,0.8820822825627784,0.8067997001160604
99_0826_1000_9M4VCHG,0.49607284349507935,0.9912820820825167,0.6333503605730378,0.7069017620502113
100_0826_1000_9M4VCHG,0.6843734025284854,0.9909022934392896,0.8340584403217801,0.8364447120965184
101_0826_1000_9M4VCHG,0.46121574264010806,0.9898469846889224,0.7586518441810588,0.7365715238366963
102_0826_1000_9M4VCHG,,,,
103_0826_1000_9M4VCHG,0.36660584424850917,0.9914780318835179,0.6028980305578887,0.6536606355633053
104_0826_1000_9M4VCHG,0.603925697577612,0.9799158762154893,0.7971659803385003,0.7936691847105338
105_0826_1000_9M4VCHG,0.5736999991175874,0.9830474003049482,0.7281687527226035,0.7616387173817131
106_0826_1000_9M4VCHG,0.4641111313890352,0.9933247359476008,0.7752458705074904,0.7442272459480422
107_0826_1000_9M4VCHG,0.5719782535862601,0.9751163114601243,0.764865521064347,0.7706533620369105
108_0826_1000_9M4VCHG,0.7045732722166614,0.9806821609588615,0.7352689903519699,0.8068414745091643
109_0826_1000_9M4VCHG,,,,
110_0826_1000_9M4VCHG,,,,
111_0826_1000_9M4VCHG,0.7790072084736974,0.9774656538260986,0.8402370732930872,0.8655699785309611
112_0826_1000_9M4VCHG,0.7549824146055059,0.990841019974868,0.7970007800574718,0.8476080715459485
113_0826_1000_9M4VCHG,,,,
114_0826_1000_9M4VCHG,,,,
115_0826_1000_9M4VCHG,0.7571312133023307,0.9879477468891934,0.7713097829330476,0.8387962477081906
116_0826_1000_9M4VCHG,0.6906096919822264,0.9732139936140829,0.8544922587938618,0.8394386481300571
117_0826_1000_9M4VCHG,,,,
118_0826_1000_9M4VCHG,,,,
119_0826_1000_9M4VCHG,,,,
120_0826_1000_9M4VCHG,,,,
121_0826_1000_9M4VCHG,0.87577133989043,0.985987768100813,0.9086215505607456,0.9234602195173295
122_0826_1000_9M4VCHG,,,,
123_0826_1000_9M4VCHG,0.6834347157048491,0.9861568094061656,0.8755330639537763,0.848374863021597
124_0826_1000_9M4VCHG,,,,
125_0826_1000_9M4VCHG,,,,
126_0826_1000_9M4VCHG,0.6917908232630298,0.9951515918334667,0.7474096133925263,0.8114506761630076
127_0826_1000_9M4VCHG,,,,
128_0826_1000_9M4VCHG,,,,
129_0826_1000_9M4VCHG,,,,
130_0826_1000_9M4VCHG,0.5746247588679018,0.9928161117139154,0.8199622780444784,0.7958010495420985
131_0826_1000_9M4VCHG,,,,
132_0826_1000_9M4VCHG,,,,
0_0826_1300_539136F,,,,
1_0826_1300_539136F,,,,
2_0826_1300_539136F,,,,
3_0826_1300_539136F,,,,
4_0826_1300_539136F,0.40430578880922824,0.10334324290684553,0.1785920181648757,0.22874701662698316
5_0826_1300_539136F,,,,
6_0826_1300_539136F,0.17299812574685403,0.27972882424474543,0.1866940351668079,0.2131403283861358
7_0826_1300_539136F,,,,
8_0826_1300_539136F,,,,
9_0826_1300_539136F,,,,
10_0826_1300_539136F,,,,
11_0826_1300_539136F,,,,
12_0826_1300_539136F,,,,
13_0826_1300_539136F,0.1186568928469916,0.381319599961909,0.2445093288988387,0.24816194056924643
14_0826_1300_539136F,,,,
15_0826_1300_539136F,,,,
16_0826_1300_539136F,,,,
17_0826_1300_539136F,0.33729498991423873,0.34668531539475245,0.5286786455304938,0.40421965027982837
18_0826_1300_539136F,,,,
19_0826_1300_539136F,0.10356069882288242,0.21123734571445194,0.43416620450830506,0.2496547496818798
20_0826_1300_539136F,,,,
21_0826_1300_539136F,,,,
22_0826_1300_539136F,0.09973315429601459,0.2195492201990419,0.25980101938895633,0.1930277979613376
23_0826_1300_539136F,,,,
24_0826_1300_539136F,,,,
25_0826_1300_539136F,,,,
26_0826_1300_539136F,0.23290995019375296,0.12957474762955548,0.07212162769350865,0.14486877517227237
27_0826_1300_539136F,,,,
28_0826_1300_539136F,,,,
29_0826_1300_539136F,,,,
30_0826_1300_539136F,,,,
31_0826_1300_539136F,,,,
32_0826_1300_539136F,,,,
33_0826_1300_539136F,,,,
34_0826_1300_539136F,,,,
35_0826_1300_539136F,,,,
36_0826_1300_539136F,,,,
37_0826_1300_539136F,,,,
38_0826_1300_539136F,,,,
39_0826_1300_539136F,,,,
40_0826_1300_539136F,0.21079466566745633,0.18100110305810513,0.21703734513038944,0.20294437128531695
41_0826_1300_539136F,,,,
42_0826_1300_539136F,,,,
43_0826_1300_539136F,,,,
44_0826_1300_539136F,,,,
45_0826_1300_539136F,,,,
46_0826_1300_539136F,0.2951513078600818,0.04538892893230978,0.1174492270539607,0.15266315461545077
47_0826_1300_539136F,,,,
48_0826_1300_539136F,,,,
49_0826_1300_539136F,,,,
50_0826_1300_539136F,,,,
51_0826_1300_539136F,,,,
52_0826_1300_539136F,,,,
53_0826_1300_539136F,0.07500624175730278,0.06084608567405978,0.03454175504777152,0.05679802749304469
54_0826_1300_539136F,,,,
55_0826_1300_539136F,,,,
56_0826_1300_539136F,0.03409353930445692,0.21974793163667727,0.2893798516293214,0.1810737741901519
57_0826_1300_539136F,,,,
58_0826_1300_539136F,,,,
59_0826_1300_539136F,,,,
60_0826_1300_539136F,,,,
61_0826_1300_539136F,,,,
62_0826_1300_539136F,,,,
63_0826_1300_539136F,,,,
64_0826_1300_539136F,,,,
65_0826_1300_539136F,,,,
66_0826_1300_539136F,0.12695102508461106,0.18981314899845106,0.168536196730151,0.16176679027107102
67_0826_1300_539136F,,,,
68_0826_1300_539136F,,,,
69_0826_1300_539136F,,,,
70_0826_1300_539136F,,,,
71_0826_1300_539136F,,,,
72_0826_1300_539136F,,,,
73_0826_1300_539136F,,,,
74_0826_1300_539136F,,,,
75_0826_1300_539136F,,,,
76_0826_1300_539136F,,,,
77_0826_1300_539136F,,,,
78_0826_1300_539136F,,,,
79_0826_1300_539136F,,,,
80_0826_1300_539136F,,,,
81_0826_1300_539136F,,,,
82_0826_1300_539136F,,,,
83_0826_1300_539136F,0.024596680534424594,0.060049767246893974,0.2986858298483103,0.12777742587654298
84_0826_1300_539136F,0.46712847225366566,0.20090781334930982,0.1977072948603522,0.2885811934877759
85_0826_1300_539136F,,,,
86_0826_1300_539136F,,,,
87_0826_1300_539136F,,,,
88_0826_1300_539136F,,,,
89_0826_1300_539136F,0.2736615900556377,0.47010301043485514,0.06642298947735971,0.2700625299892842
90_0826_1300_539136F,,,,
91_0826_1300_539136F,,,,
92_0826_1300_539136F,,,,
93_0826_1300_539136F,,,,
94_0826_1300_539136F,,,,
95_0826_1300_539136F,,,,
96_0826_1300_539136F,,,,
97_0826_1300_539136F,,,,
98_0826_1300_539136F,,,,
99_0826_1300_539136F,0.31961380484283347,0.4204377810441175,0.06794165646941136,0.2693310807854541
100_0826_1300_539136F,,,,
101_0826_1300_539136F,,,,
102_0826_1300_539136F,,,,
103_0826_1300_539136F,,,,
104_0826_1300_539136F,,,,
105_0826_1300_539136F,,,,
106_0826_1300_539136F,,,,
107_0826_1300_539136F,,,,
108_0826_1300_539136F,,,,
109_0826_1300_539136F,,,,
110_0826_1300_539136F,,,,
111_0826_1300_539136F,0.5114565719868035,0.2532791956287231,0.09071150273318869,0.28514909011623846
112_0826_1300_539136F,,,,
113_0826_1300_539136F,,,,
114_0826_1300_539136F,,,,
115_0826_1300_539136F,0.2564092499002801,0.33872525435273043,0.09292547717948807,0.2293533271441662
116_0826_1300_539136F,,,,
117_0826_1300_539136F,,,,
118_0826_1300_539136F,,,,
119_0826_1300_539136F,0.108204061821975,0.19220615872546565,0.19683035912006316,0.16574685988916793
120_0826_1300_539136F,,,,
121_0826_1300_539136F,,,,
122_0826_1300_539136F,,,,
123_0826_1300_539136F,,,,
124_0826_1300_539136F,,,,
125_0826_1300_539136F,,,,
126_0826_1300_539136F,,,,
127_0826_1300_539136F,,,,
128_0826_1300_539136F,,,,
129_0826_1300_539136F,,,,
130_0826_1300_539136F,,,,
131_0826_1300_539136F,,,,
0_0826_1300_9M4VCHG,0.21476193619324904,0.10766502182778763,0.9045796741866073,0.40900221073588133
1_0826_1300_9M4VCHG,0.14262281024871368,0.10581140308125976,0.929171547314079,0.3925352535480175
2_0826_1300_9M4VCHG,0.1146390729745852,0.09999253183692502,0.7560192149992301,0.32355027327024677
3_0826_1300_9M4VCHG,0.07298759569846812,0.10086894825638315,0.8511165367584178,0.3416576935710897
4_0826_1300_9M4VCHG,0.1495190840831119,0.12366491291589278,0.7546979999056628,0.34262733230155584
5_0826_1300_9M4VCHG,0.08701702093718694,0.12089905623839255,0.7500432051642426,0.3193197607799407
6_0826_1300_9M4VCHG,0.1364514198838124,0.0830354077788768,0.8903854382740818,0.3699574219789237
7_0826_1300_9M4VCHG,0.08370345241125053,0.0740393434084028,0.8754088347971415,0.34438387687226496
8_0826_1300_9M4VCHG,0.16865729046541908,0.3172880884390891,0.8971832125328497,0.46104286381245263
9_0826_1300_9M4VCHG,0.18581277888530293,0.2761945942190079,0.8526201420454479,0.4382091717165862
10_0826_1300_9M4VCHG,0.01491844389063396,0.10391467374012496,0.8561076724029411,0.32498026334456664
11_0826_1300_9M4VCHG,0.14499116938993642,0.04824942943643096,0.7975328169946732,0.33025780527368015
12_0826_1300_9M4VCHG,0.13959076037310908,0.15154075104129275,0.8044132959908676,0.3651816024684232
13_0826_1300_9M4VCHG,0.23322349690076213,0.3433796023209689,0.9072769459621574,0.49462668172796276
14_0826_1300_9M4VCHG,0.08299156169176686,0.12430937613347903,0.8536703705814127,0.3536571028022195
15_0826_1300_9M4VCHG,0.12180660515242896,0.3851567752181569,0.8011691625225835,0.4360441809643898
16_0826_1300_9M4VCHG,0.2039273480872376,0.18565628562255587,0.8049142761432071,0.39816596995100023
17_0826_1300_9M4VCHG,0.06654636294075611,0.2552545260973323,0.8111887659979037,0.37766321834533073
18_0826_1300_9M4VCHG,0.16520520500106523,0.15215114310085495,0.8098106994592377,0.37572234918705255
19_0826_1300_9M4VCHG,0.14198426949378828,0.4885441549211171,0.865718892101763,0.4987491055055561
20_0826_1300_9M4VCHG,0.07003742698260862,0.13036994321795345,0.8563282227812898,0.3522451976606173
21_0826_1300_9M4VCHG,0.2016789195817458,0.30618867221523605,0.8628978866274002,0.45692182614146065
22_0826_1300_9M4VCHG,0.14015165968915763,0.24407460276838377,0.8936679049379873,0.4259647224651763
23_0826_1300_9M4VCHG,0.19561620812820643,0.5331474921160052,0.8138974982723561,0.5142203995055227
24_0826_1300_9M4VCHG,0.09243298978375296,0.1343453215127591,0.8748193875808923,0.36719923295913476
25_0826_1300_9M4VCHG,0.15646196182118324,0.27373818276908407,0.8493557224394414,0.42651862234323623
27_0826_1300_9M4VCHG,0.24851572306418435,0.15659204855112077,0.9292782092467226,0.44479532695400925
28_0826_1300_9M4VCHG,0.5068511289193166,0.5329778849229885,0.6736223351164844,0.5711504496529298
29_0826_1300_9M4VCHG,0.04791136424284989,0.23651114614469063,0.8278531238003791,0.3707585447293065
30_0826_1300_9M4VCHG,0.10290726051299115,0.1947909837412397,0.8919217374384109,0.3965399938975473
31_0826_1300_9M4VCHG,0.09358303309996317,0.051837044402311155,0.8560746094508839,0.33383156231771943
32_0826_1300_9M4VCHG,0.10001638083109493,0.15578202264762855,0.8931777253841803,0.3829920429543012
33_0826_1300_9M4VCHG,0.01176845663401048,0.06904759286671423,0.784398509949451,0.2884048531500586
34_0826_1300_9M4VCHG,0.22120371582529744,0.09370481603965047,0.6649761233863741,0.3266282184171074
35_0826_1300_9M4VCHG,0.3333763455773912,0.23597659742419672,0.8979158010227838,0.48908958134145725
36_0826_1300_9M4VCHG,0.17259366994138592,0.2284737292905251,0.914999850219556,0.438689083150489
37_0826_1300_9M4VCHG,0.04809155399617993,0.3859338303349736,0.9213445107122925,0.45178996501448204
38_0826_1300_9M4VCHG,0.20425424816498383,0.3125805946934022,0.6568868201285037,0.39124055432896326
41_0826_1300_9M4VCHG,0.18747556285792,0.02902084808673953,0.9030414451724028,0.3731792853723541
42_0826_1300_9M4VCHG,0.056142071985845754,0.10204198610283001,0.812683489298541,0.3236225157957389
43_0826_1300_9M4VCHG,,,,
44_0826_1300_9M4VCHG,,,,
45_0826_1300_9M4VCHG,0.08983295359474308,0.1098569462819442,0.9175507375578453,0.3724135458115108
46_0826_1300_9M4VCHG,0.03982837754327473,0.2506640022534265,0.8580861729705539,0.38285951758908504
47_0826_1300_9M4VCHG,0.35132225826524416,0.38443961280307765,0.9077048117993307,0.5478222276225508
48_0826_1300_9M4VCHG,0.08646427190623478,0.2930343491348446,0.867237346412954,0.4155786558180112
49_0826_1300_9M4VCHG,0.32393611134420564,0.08938252953168925,0.6475911060413717,0.3536365823057555
50_0826_1300_9M4VCHG,0.09746469016317098,0.22731076812082116,0.8513736780218225,0.39204971210193823
51_0826_1300_9M4VCHG,0.3211043612272157,0.16484153292602113,0.8268262777914455,0.4375907239815608
53_0826_1300_9M4VCHG,0.08452426303025534,0.2348735250073842,0.8470985047208037,0.38883209758614773
54_0826_1300_9M4VCHG,0.10551486799165886,0.15497432729218505,0.8852030327940775,0.3818974093593071
55_0826_1300_9M4VCHG,0.03569381317562694,0.17046982255133947,0.9024989686494861,0.3695542014588175
56_0826_1300_9M4VCHG,,,,
58_0826_1300_9M4VCHG,0.3320782334244709,0.2674397059124997,0.8756307155710283,0.49171621830266626
59_0826_1300_9M4VCHG,0.23722251299746114,0.17877765142947288,0.8480600615620052,0.42135340866297977
60_0826_1300_9M4VCHG,,,,
61_0826_1300_9M4VCHG,0.09507932176058766,0.2674821489784698,0.8789744896304882,0.4138453201231818
62_0826_1300_9M4VCHG,0.1696971542760226,0.4283908113124785,0.720165218367999,0.43941772798550005
63_0826_1300_9M4VCHG,0.14497928916095434,0.1480537523637311,0.8504410933023833,0.3811580449423562
64_0826_1300_9M4VCHG,0.07284205578570267,0.11618364101456202,0.9303541251738379,0.3731266073247008
65_0826_1300_9M4VCHG,0.2856824486982031,0.1941468979233473,0.8568114717760862,0.44554693946587887
66_0826_1300_9M4VCHG,0.1399650542800165,0.1956289368548947,0.9041697742276629,0.4132545884541914
67_0826_1300_9M4VCHG,0.05243710242366791,0.18018853441411697,0.7369632851008237,0.3231963073128695
68_0826_1300_9M4VCHG,,,,
69_0826_1300_9M4VCHG,,,,
70_0826_1300_9M4VCHG,,,,
71_0826_1300_9M4VCHG,,,,
72_0826_1300_9M4VCHG,0.18370679437481363,0.4120097114176107,0.8786199380093787,0.49144548126726767
73_0826_1300_9M4VCHG,0.1683601714260461,0.046943286110461245,0.9105895016197462,0.37529765305208446
74_0826_1300_9M4VCHG,0.07020148829773469,0.2085922379604035,0.9388564064206065,0.4058833775595816
75_0826_1300_9M4VCHG,,,,
76_0826_1300_9M4VCHG,0.10062992855634306,0.08259052961088635,0.8622702778971233,0.3484969120214509
77_0826_1300_9M4VCHG,0.32857452043659996,0.15382024396639774,0.9227503123835036,0.4683816922621671
79_0826_1300_9M4VCHG,0.1239558840845343,0.4648738011689166,0.875902994866843,0.48824422670676465
80_0826_1300_9M4VCHG,0.2813799996504456,0.13777001100258712,0.7698931825479548,0.39634773106699583
81_0826_1300_9M4VCHG,,,,
82_0826_1300_9M4VCHG,0.06011414573674232,0.17000718658289427,0.88491982872009,0.3716803870132422
84_0826_1300_9M4VCHG,0.1945234350259485,0.1715292177407403,0.8460118138328618,0.40402148886651684
86_0826_1300_9M4VCHG,,,,
87_0826_1300_9M4VCHG,0.32898799997811107,0.39788855718871535,0.6062466397513598,0.44437439897272873
88_0826_1300_9M4VCHG,,,,
89_0826_1300_9M4VCHG,,,,
90_0826_1300_9M4VCHG,0.10892833228206993,0.2513306109739913,0.903100907020011,0.421119950092024
92_0826_1300_9M4VCHG,0.06131617491245054,0.30992168327116293,0.8741265632442387,0.41512147380928405
93_0826_1300_9M4VCHG,0.1635875602932991,0.018919596248283294,0.8124539561484259,0.33165370423000273
94_0826_1300_9M4VCHG,0.13560550007749042,0.3614130339625416,0.9036583792389248,0.4668923044263189
95_0826_1300_9M4VCHG,0.1399004899795624,0.20398358415487314,0.9433313517869603,0.42907180864046524
96_0826_1300_9M4VCHG,0.22559622536287485,0.12066643778882202,0.9297367775827965,0.4253331469114978
97_0826_1300_9M4VCHG,0.08060332519527465,0.06707736306281188,0.9196403283669571,0.3557736722083478
99_0826_1300_9M4VCHG,0.06795975883568262,0.04029981258683175,0.911741571107321,0.3400003808432785
100_0826_1300_9M4VCHG,,,,
101_0826_1300_9M4VCHG,0.0922325523061292,0.06787453561355743,0.8769122494768345,0.3456731124655071
102_0826_1300_9M4VCHG,0.08568375509176618,0.05993165702705003,0.9001251393013648,0.348580183806727
103_0826_1300_9M4VCHG,0.16087135076556333,0.2425625248404131,0.8844013214884993,0.4292783990314919
104_0826_1300_9M4VCHG,,,,
105_0826_1300_9M4VCHG,0.08294382829816481,0.11009226841319382,0.8481594221210672,0.3470651729441419
107_0826_1300_9M4VCHG,,,,
108_0826_1300_9M4VCHG,0.23209851326650055,0.2608632185896524,0.8972132941975369,0.46339167535122994
109_0826_1300_9M4VCHG,0.05063921105335181,0.1125496959271672,0.9262762786013615,0.3631550618606269
110_0826_1300_9M4VCHG,0.23337760129004828,0.2446735624687846,0.8174274955656037,0.43182621977481217
111_0826_1300_9M4VCHG,,,,
112_0826_1300_9M4VCHG,0.1969697191395022,0.1896855927728814,0.8817740154353043,0.4228097757825626
113_0826_1300_9M4VCHG,0.10430084048443332,0.15224457983993775,0.8736827255667224,0.3767427152970311
114_0826_1300_9M4VCHG,,,,
115_0826_1300_9M4VCHG,,,,
117_0826_1300_9M4VCHG,0.46934309175653993,0.4784825736684239,0.3196660976797247,0.4224972543682295
120_0826_1300_9M4VCHG,0.20342390823846968,0.2101206241101534,0.8221801730520623,0.41190823513356173
121_0826_1300_9M4VCHG,,,,
122_0826_1300_9M4VCHG,0.10535718351576384,0.22103826781718264,0.7088240021544919,0.34507315116247944
123_0826_1300_9M4VCHG,,,,
124_0826_1300_9M4VCHG,0.3795188501725157,0.35403503557693367,0.7942461756131118,0.5092666871208538
125_0826_1300_9M4VCHG,0.07011004498490192,0.12845991962677128,0.7634008521289809,0.32065693891355135
126_0826_1300_9M4VCHG,,,,
127_0826_1300_9M4VCHG,0.03168294115351912,0.21509452282931188,0.8402981241885273,0.36235852939045277
128_0826_1300_9M4VCHG,0.1721960190678339,0.2574750249718281,0.7897497993773926,0.4064736144723516
129_0826_1300_9M4VCHG,0.14827064266741,0.19630714687226444,0.910276630326905,0.41828480662219314
130_0826_1300_9M4VCHG,0.15210276131423972,0.26048469963648624,0.8113551526718562,0.4079808712075274
131_0826_1300_9M4VCHG,,,,
133_0826_1300_9M4VCHG,,,,
134_0826_1300_9M4VCHG,0.0678501885633811,0.15485435437641218,0.6824837257516387,0.301729422897144
135_0826_1300_9M4VCHG,0.00758111266597009,0.1831112952958025,0.8063565192094373,0.33234964239040327
138_0826_1300_9M4VCHG,,,,
139_0826_1300_9M4VCHG,,,,
140_0826_1300_9M4VCHG,0.17395482354304678,0.044037121245593634,0.7929857866223747,0.33699257713700503
141_0826_1300_9M4VCHG,0.05537283093216422,0.04913098540412261,0.8935267844863489,0.33267686694087856
142_0826_1300_9M4VCHG,0.14356530476057405,0.1835088575225933,0.8323168565869602,0.3864636729567092
0_0826_1300_U9TEJGM,0.9627570699256749,0.3742652220932401,0.22962522042952838,0.5222158374828144
1_0826_1300_U9TEJGM,0.9622502455365539,0.7103116058091463,0.4586875239379789,0.710416458427893
2_0826_1300_U9TEJGM,0.9141628966700951,0.17293936085895734,0.09119709843672803,0.39276645198859356
3_0826_1300_U9TEJGM,0.8705591174938047,0.3139673395543876,0.04283342981112601,0.4091199622864394
4_0826_1300_U9TEJGM,0.9607154768582656,0.6048223987154829,0.3264473045361076,0.6306617267032854
5_0826_1300_U9TEJGM,0.9523413187838093,0.43513792241549076,0.22331094172071628,0.5369300609733387
6_0826_1300_U9TEJGM,0.889142413003576,0.21779183410126465,0.21389234916743774,0.4402755320907595
7_0826_1300_U9TEJGM,0.9094260480340942,0.12148498846688209,0.23683822722267522,0.42258308790788385
8_0826_1300_U9TEJGM,0.8622880146263476,0.39000705797773305,0.17903260308692207,0.4771092252303342
9_0826_1300_U9TEJGM,0.8990214298349152,0.36231154212175243,0.3765938086532414,0.5459755935366363
11_0826_1300_U9TEJGM,0.9274623211912932,0.38572408864399016,0.08934062766785032,0.4675090125010446
12_0826_1300_U9TEJGM,0.9294929159717817,0.205243961288057,0.4422649452798449,0.5256672741798946
13_0826_1300_U9TEJGM,0.9362326134662856,0.3025201346951863,0.16686278268582797,0.4685385102824333
14_0826_1300_U9TEJGM,,,,
15_0826_1300_U9TEJGM,0.9197194925753136,0.4116626894027094,0.08888011068481272,0.4734207642209452
16_0826_1300_U9TEJGM,0.8749796042654413,0.23344940400454783,0.13269018215249376,0.4137063968074943
17_0826_1300_U9TEJGM,0.9340924249712378,0.32392042214074246,0.27651112701731717,0.5115079913764324
18_0826_1300_U9TEJGM,0.9476008497189539,0.3549650515445699,0.03306111620408727,0.44520900582253703
19_0826_1300_U9TEJGM,0.9206741631269538,0.20898522432195554,0.07013222900240744,0.39993053881710555
20_0826_1300_U9TEJGM,,,,
21_0826_1300_U9TEJGM,0.9069540522415336,0.40164755179049494,0.1946405074417915,0.5010807038246067
22_0826_1300_U9TEJGM,0.9490426369842787,0.4196018601512968,0.29947052767444376,0.5560383416033398
23_0826_1300_U9TEJGM,0.916779706520452,0.1936032683616821,0.18820689535971102,0.432863290080615
24_0826_1300_U9TEJGM,0.969309060047976,0.634995961391879,0.2678973292871458,0.6240674502423336
25_0826_1300_U9TEJGM,,,,
26_0826_1300_U9TEJGM,0.970862282106407,0.3459229681600438,0.17811876871725887,0.4983013396612366
27_0826_1300_U9TEJGM,0.927215626976387,0.3103819304969505,0.27627645452571176,0.5046246706663498
28_0826_1300_U9TEJGM,0.9275978007620181,0.6192548439287456,0.17204792169796268,0.5729668554629088
29_0826_1300_U9TEJGM,0.9164458205604976,0.03920995428280979,0.1624214799105965,0.37269241825130134
30_0826_1300_U9TEJGM,0.925571251076767,0.3746158692580907,0.07223995499162235,0.45747569177549335
31_0826_1300_U9TEJGM,0.9444255468151986,0.5204324580576555,0.16492637737094665,0.5432614607479336
32_0826_1300_U9TEJGM,0.973850240407689,0.24314487101718799,0.14555569327255483,0.45418360156581056
33_0826_1300_U9TEJGM,0.9506169931254583,0.34514905973700144,0.256970591655766,0.5175788815060752
34_0826_1300_U9TEJGM,,,,
35_0826_1300_U9TEJGM,0.8430340779350897,0.6423520278150466,0.2025657067983282,0.5626506041828215
36_0826_1300_U9TEJGM,0.9467771402645697,0.24409696981086318,0.15233589444567816,0.44773666817370367
38_0826_1300_U9TEJGM,0.9331749284971185,0.47009074737954687,0.15894727401535705,0.5207376499640074
39_0826_1300_U9TEJGM,0.9188720818058984,0.5086180095914838,0.1498783139038529,0.5257894684337451
41_0826_1300_U9TEJGM,0.9461095655778747,0.28538250511072255,0.12450763890807005,0.4519999031988891
42_0826_1300_U9TEJGM,0.8828207550676255,0.686460955770375,0.11160764930710522,0.560296453381702
43_0826_1300_U9TEJGM,0.9644623642252054,0.09599177074508307,0.1925743889722372,0.41767617464750856
44_0826_1300_U9TEJGM,0.8120392157603947,0.22701852011717957,0.19605798592261467,0.41170524060006297
45_0826_1300_U9TEJGM,,,,
46_0826_1300_U9TEJGM,0.8792453829581811,0.22921484393164848,0.18912420772907249,0.43252814487296737
47_0826_1300_U9TEJGM,0.9534990875904376,0.3792134258573611,0.47290693387771743,0.6018731491085053
48_0826_1300_U9TEJGM,0.9504023519296668,0.16173271828540492,0.09337773462294796,0.4018376016126733
49_0826_1300_U9TEJGM,0.9253450690367976,0.4731962950463801,0.2887237889793373,0.5624217176875049
50_0826_1300_U9TEJGM,0.9531393109470128,0.4142975877781543,0.31537611837604845,0.5609376723670718
51_0826_1300_U9TEJGM,0.8174985101704021,0.5883229186654667,0.2305539084970966,0.5454584457776551
52_0826_1300_U9TEJGM,0.9041184406809536,0.4065051270343145,0.1434336760909906,0.48468574793541963
53_0826_1300_U9TEJGM,0.9604002142152188,0.3993980473096854,0.2963855499867334,0.5520612705038792
54_0826_1300_U9TEJGM,0.9525045277158668,0.7000525138419031,0.2765821724703502,0.6430464046760401
55_0826_1300_U9TEJGM,,,,
57_0826_1300_U9TEJGM,,,,
59_0826_1300_U9TEJGM,,,,
60_0826_1300_U9TEJGM,0.9553385760498747,0.6515906676350515,0.12436731732854299,0.5770988536711563
61_0826_1300_U9TEJGM,0.9262321378657706,0.26354331806497944,0.08754572494103297,0.425773726957261
62_0826_1300_U9TEJGM,0.8941127550822934,0.20667366749017188,0.2504466499015811,0.4504110241580155
63_0826_1300_U9TEJGM,,,,
64_0826_1300_U9TEJGM,0.7452147681971838,0.333327316688432,0.12343002504739053,0.40065736997766876
65_0826_1300_U9TEJGM,0.9368570710344795,0.14188919932592706,0.12962344359833056,0.40278990465291237
66_0826_1300_U9TEJGM,,,,
67_0826_1300_U9TEJGM,,,,
68_0826_1300_U9TEJGM,0.9392003120125595,0.35435246437015455,0.2231096817155412,0.5055541526994184
69_0826_1300_U9TEJGM,0.9092949738156819,0.3884095839013071,0.3067211326499068,0.534808563455632
70_0826_1300_U9TEJGM,,,,
71_0826_1300_U9TEJGM,,,,
72_0826_1300_U9TEJGM,,,,
73_0826_1300_U9TEJGM,0.9801653229894384,0.2320079236211029,0.28153551252462755,0.4979029197117229
74_0826_1300_U9TEJGM,0.8690382210653721,0.369843068437201,0.09532307870934031,0.4447347894039712
75_0826_1300_U9TEJGM,,,,
76_0826_1300_U9TEJGM,0.8474331187064835,0.1595245500091917,0.22767923816106816,0.4115456356255811
77_0826_1300_U9TEJGM,0.7906884873334915,0.6175953648093194,0.1246312970134762,0.510971716385429
78_0826_1300_U9TEJGM,0.9544219376073925,0.5404629453268129,0.3302149043144091,0.6083665957495382
79_0826_1300_U9TEJGM,0.9726205499630773,0.5547713948191837,0.31106036567848155,0.6128174368202476
80_0826_1300_U9TEJGM,0.8448464323684638,0.5448034424870559,0.4564502247946085,0.6153666998833761
81_0826_1300_U9TEJGM,0.9249506318469135,0.5059948907359447,0.20007662236320067,0.5436740483153529
82_0826_1300_U9TEJGM,,,,
83_0826_1300_U9TEJGM,0.9274504400877531,0.36453209989665786,0.061242337950426134,0.45107495931161234
84_0826_1300_U9TEJGM,,,,
85_0826_1300_U9TEJGM,,,,
86_0826_1300_U9TEJGM,0.9510772820757386,0.4273894477023272,0.26593237041693224,0.5481330333983326
87_0826_1300_U9TEJGM,,,,
88_0826_1300_U9TEJGM,0.7951534404501084,0.1689579042834648,0.11103587295122436,0.35838240589493253
89_0826_1300_U9TEJGM,0.9133671205811166,0.437904138806406,0.05390150231816853,0.46839092056856374
90_0826_1300_U9TEJGM,0.9096113553990529,0.17983064227692236,0.03490348894608824,0.3747818288740212
91_0826_1300_U9TEJGM,0.9050301058503233,0.5612149495822957,0.1936703557002887,0.5533051370443026
92_0826_1300_U9TEJGM,0.9483635212311446,0.4497420554907651,0.1345040329270832,0.5108698698829977
93_0826_1300_U9TEJGM,0.9609399878812427,0.6371798503008652,0.09497756825774528,0.5643658021466177
94_0826_1300_U9TEJGM,0.9398510841077913,0.3326217636771802,0.10455267387008749,0.459008507218353
95_0826_1300_U9TEJGM,0.9486108743502641,0.17188239298322394,0.3031832373274344,0.4745588348869741
96_0826_1300_U9TEJGM,0.9012654688885838,0.20129500736568465,0.3010310539794874,0.4678638434112519
97_0826_1300_U9TEJGM,0.7499135945785094,0.2961596682570999,0.13640350144531732,0.39415892142697556
98_0826_1300_U9TEJGM,0.9730404867925619,0.4043255013311295,0.19540300321213008,0.5242563304452739
99_0826_1300_U9TEJGM,0.855259813414571,0.2508373285179584,0.11404481344542867,0.406713985125986
100_0826_1300_U9TEJGM,0.9307082279750455,0.3155739064948196,0.30639177252682387,0.5175579689988964
101_0826_1300_U9TEJGM,0.9557684826343006,0.5570681858386478,0.2782240269892656,0.5970202318207379
104_0826_1300_U9TEJGM,0.9500855703166086,0.661793427257619,0.476185470140638,0.6960214892382885
105_0826_1300_U9TEJGM,0.9598969392530075,0.39042031741396,0.3821279207665722,0.5774817258111798
106_0826_1300_U9TEJGM,0.8300892782224304,0.42300215192911184,0.2585577719085554,0.503883067353366
107_0826_1300_U9TEJGM,0.8611250599966933,0.5428558156222135,0.13902906077345645,0.5143366454641211
108_0826_1300_U9TEJGM,0.9425261314038077,0.5797693797570158,0.35607091300729365,0.6261221413893724
109_0826_1300_U9TEJGM,,,,
110_0826_1300_U9TEJGM,0.9428415149734827,0.4676122506439077,0.20566738392659298,0.5387070498479944
111_0826_1300_U9TEJGM,0.9616562680002492,0.5970023744137087,0.2612297591173112,0.6066294671770897
112_0826_1300_U9TEJGM,0.783692342938124,0.48281592551740743,0.1788215767373947,0.48177661506430863
113_0826_1300_U9TEJGM,0.8717139679385815,0.4280685530036526,0.1734562502638073,0.49107959040201377
114_0826_1300_U9TEJGM,,,,
115_0826_1300_U9TEJGM,0.9722707570297365,0.3914536016133608,0.383471113145275,0.5823984905961241
116_0826_1300_U9TEJGM,,,,
117_0826_1300_U9TEJGM,0.9551828164789503,0.32158509509204813,0.18974168552546153,0.48883653236548663
118_0826_1300_U9TEJGM,0.7609061507383889,0.8090185902040719,0.10885096319616745,0.5595919013795426
120_0826_1300_U9TEJGM,,,,
121_0826_1300_U9TEJGM,0.8906245980268497,0.6574084995384997,0.27607361078955245,0.608035569451634
122_0826_1300_U9TEJGM,0.9152501381251891,0.46818847668292074,0.16406364400960696,0.5158340862725722
123_0826_1300_U9TEJGM,0.9280149355751899,0.5196739245488841,0.12340987521244347,0.5236995784455059
124_0826_1300_U9TEJGM,0.9240104384593885,0.3290392040063914,0.12245281231035578,0.458500818258712
125_0826_1300_U9TEJGM,0.8946315916342705,0.32775059601584605,0.3678784315369557,0.5300868730623575
126_0826_1300_U9TEJGM,0.9486449010171079,0.6964626076344068,0.3006513250598193,0.648586277903778
127_0826_1300_U9TEJGM,0.8120512076174747,0.4083744105038469,0.21045177242010915,0.4769591301804769
128_0826_1300_U9TEJGM,0.954616865331177,0.37351730063915367,0.1667562550930106,0.4982968070211138
129_0826_1300_U9TEJGM,0.8784802215189931,0.38748803135898785,0.04801807294601907,0.4379954419413334
130_0826_1300_U9TEJGM,,,,
131_0826_1300_U9TEJGM,0.9081103439444104,0.06516387407753296,0.11986332368555075,0.3643791805691647
132_0826_1300_U9TEJGM,0.7537925979880561,0.725591189325197,0.26197860375464865,0.5804541303559673
0_0827_1000_539136F,0.2574436575761208,0.5469662764491989,0.07351937998841616,0.29264310467124527
1_0827_1000_539136F,0.018934174426080405,0.24731881112529244,0.19058299489272565,0.15227866014803282
2_0827_1000_539136F,0.2603809259963841,0.29453496605936386,0.13668080915087732,0.23053223373554177
3_0827_1000_539136F,0.1759383571216593,0.03731424426367789,0.32315147766699265,0.17880135968410996
4_0827_1000_539136F,0.1047192749796944,0.16464662033641564,0.12187248046177884,0.13041279192596297
5_0827_1000_539136F,0.10591182189280883,0.3078586229491239,0.14402343593077319,0.185931293590902
6_0827_1000_539136F,0.09275816395492927,0.18115887484489612,0.06257779270440807,0.11216494383474447
7_0827_1000_539136F,0.2649112925138044,0.21099719570378728,0.06951977623463271,0.18180942148407478
8_0827_1000_539136F,0.3155945344810809,0.18335690555453354,0.15397176935218745,0.21764106979593398
10_0827_1000_539136F,0.17276952350870145,0.3645142471553106,0.061653445843512365,0.1996457388358415
11_0827_1000_539136F,0.18359124791513748,0.31658854081001553,0.027004303463905144,0.17572803072968604
12_0827_1000_539136F,0.22156639708928275,0.5108830063746357,0.10561211185534529,0.27935383843975453
13_0827_1000_539136F,,,,
14_0827_1000_539136F,0.01122723991996682,0.19230983013118233,0.18567927813700993,0.12973878272938635
15_0827_1000_539136F,0.24256793909402727,0.3650170348067961,0.1931357865509636,0.26690692015059564
16_0827_1000_539136F,0.19751850454094144,0.34431700894921,0.22779311862651022,0.25654287737222053
17_0827_1000_539136F,0.22390931427440752,0.2538335938713521,0.1776560008426277,0.21846630299612912
18_0827_1000_539136F,,,,
19_0827_1000_539136F,0.12485124778185451,0.23375074230923856,0.13060922436329883,0.16307040481813062
20_0827_1000_539136F,0.5398616171280665,0.42848441195318415,0.21932555095244177,0.39589052667789754
21_0827_1000_539136F,0.19789492479626933,0.26127875006675644,0.23091586053353574,0.23002984513218716
22_0827_1000_539136F,0.21161223166219212,0.26934135591278136,0.25595613173603443,0.2456365731036693
23_0827_1000_539136F,,,,
24_0827_1000_539136F,0.2077863965317853,0.3345239705944425,0.16948794265398867,0.23726610326007216
25_0827_1000_539136F,0.2980161993284188,0.2802456538376595,0.20709144285555037,0.2617844320072095
26_0827_1000_539136F,0.371134164436367,0.4311222916224071,0.15958375697676822,0.32061340434518076
27_0827_1000_539136F,0.17912781307689465,0.2448854716856007,0.13990885930765315,0.18797404802338283
28_0827_1000_539136F,0.19715827662202537,0.4085448499340447,0.28862800257234716,0.2981103763761391
29_0827_1000_539136F,0.1650528394547058,0.25247148610496595,0.11732921358343794,0.17828451304770324
30_0827_1000_539136F,0.28330139055493186,0.30518923197113623,0.21547806198078664,0.2679895615022849
31_0827_1000_539136F,0.10304375313118495,0.1619206484748347,0.07576708838513152,0.11357716333038372
32_0827_1000_539136F,0.22414857472343822,0.22605223815488193,0.1456663967828508,0.1986224032203903
33_0827_1000_539136F,,,,
34_0827_1000_539136F,0.2348036910253812,0.21963873904127007,0.22803962751250192,0.2274940191930511
35_0827_1000_539136F,0.11707366591892282,0.26332283960446723,0.024971647986241078,0.1351227178365437
36_0827_1000_539136F,0.35402549564013547,0.32563703009321954,0.2304062382059333,0.30335625464642946
37_0827_1000_539136F,0.07932505229935409,0.13865644150193726,0.15562812253424282,0.12453653877851138
38_0827_1000_539136F,0.14060763878579727,0.28534001616524746,0.06819791576491206,0.16471519023865225
39_0827_1000_539136F,0.19759891455036774,0.1034298416410039,0.12310782055733631,0.141378858916236
40_0827_1000_539136F,0.22350027866080976,0.20438028439008796,0.17693935974397776,0.20160664093162517
41_0827_1000_539136F,0.10642215554145462,0.11421109418955488,0.30463940781782767,0.17509088584961238
42_0827_1000_539136F,0.25583757717049144,0.47697359525433747,0.126317277572066,0.286376149998965
43_0827_1000_539136F,0.09794512827631047,0.2443108651402641,0.08731209079982229,0.1431893614054656
44_0827_1000_539136F,0.13914179663442217,0.23025453243848146,0.10091362202452597,0.15676998369914322
45_0827_1000_539136F,0.2266011585729227,0.34056428448871906,0.054548965221113,0.20723813609425157
46_0827_1000_539136F,0.3117040429550215,0.3731217543100458,0.2466107423785063,0.3104788465478579
47_0827_1000_539136F,0.08772124383225517,0.2720706677082499,0.09269162391558367,0.15082784515202957
48_0827_1000_539136F,,,,
49_0827_1000_539136F,0.06177250052723295,0.11137825457920936,0.10434198872681545,0.0924975812777526
50_0827_1000_539136F,0.10951911168666588,0.19663257842696366,0.016622912454366066,0.10759153418933187
51_0827_1000_539136F,0.1192387309417907,0.2286596486443002,0.22604173240518244,0.19131337066375775
52_0827_1000_539136F,0.13287469992232223,0.21389282779263655,0.14604732510471694,0.1642716176065586
53_0827_1000_539136F,0.2839393001134343,0.3209129089785175,0.30989791788564225,0.30491670899253137
54_0827_1000_539136F,0.129557770643233,0.23402515076557143,0.16431761675869228,0.17596684605583224
55_0827_1000_539136F,0.07997627121406385,0.29926847167155407,0.15811523908986622,0.17911999399182807
56_0827_1000_539136F,,,,
57_0827_1000_539136F,,,,
58_0827_1000_539136F,0.1897338073223437,0.09391510919402653,0.19081610502044452,0.15815500717893827
59_0827_1000_539136F,,,,
60_0827_1000_539136F,0.011417123732621591,0.09879225128888143,0.0989524827540952,0.06972061925853273
61_0827_1000_539136F,0.14933239249999317,0.05080927951473291,0.1611825340484767,0.12044140202106761
62_0827_1000_539136F,0.09934300974798317,0.20036034648360312,0.26854623192982635,0.18941652938713757
64_0827_1000_539136F,,,,
65_0827_1000_539136F,0.09488751796321031,0.1595169231601216,0.07761019356903413,0.11067154489745534
66_0827_1000_539136F,0.294749144600793,0.3285120023577452,0.09107724368941013,0.23811279688264944
67_0827_1000_539136F,,,,
68_0827_1000_539136F,0.08404218452889622,0.22979261098767823,0.23537056998533587,0.18306845516730344
69_0827_1000_539136F,0.05907158087058506,0.11525273784378377,0.06455663985928094,0.0796269861912166
70_0827_1000_539136F,0.09190092590616296,0.2104094001297153,0.12650684829644884,0.1429390581107757
71_0827_1000_539136F,,,,
72_0827_1000_539136F,0.14669730390280808,0.1346925016152576,0.18596733133945187,0.15578571228583918
73_0827_1000_539136F,0.13984664323184123,0.05693696844442534,0.23297685573210117,0.14325348913612257
74_0827_1000_539136F,0.17048127093693063,0.05426455544946542,0.15646676168073168,0.12707086268904258
75_0827_1000_539136F,,,,
76_0827_1000_539136F,0.3322744690088204,0.36246056802270193,0.0875763280025069,0.2607704550113431
77_0827_1000_539136F,0.2500981653568389,0.24231855638507338,0.0998749552944722,0.19743055901212814
78_0827_1000_539136F,0.14711373381631543,0.29833759494222944,0.18519427651423329,0.2102152017575927
79_0827_1000_539136F,0.20443793909039257,0.1554765208917059,0.2761098694345616,0.21200810980555337
80_0827_1000_539136F,,,,
81_0827_1000_539136F,0.558107744817126,0.413901819679578,0.4024256046529637,0.45814505638322256
82_0827_1000_539136F,0.09929384551133265,0.09486174822440574,0.23127495377468898,0.1418101825034758
83_0827_1000_539136F,,,,
84_0827_1000_539136F,,,,
86_0827_1000_539136F,,,,
87_0827_1000_539136F,,,,
88_0827_1000_539136F,,,,
89_0827_1000_539136F,,,,
90_0827_1000_539136F,,,,
91_0827_1000_539136F,0.24745508270156336,0.1900788201100656,0.30491025463089416,0.24748138581417436
92_0827_1000_539136F,,,,
93_0827_1000_539136F,0.17833344989205271,0.38777410959650443,0.198904838016954,0.25500413250183707
94_0827_1000_539136F,,,,
95_0827_1000_539136F,0.4609922797893029,0.45547557164597235,0.19915910782559634,0.3718756530869572
96_0827_1000_539136F,,,,
97_0827_1000_539136F,0.2754250429189484,0.4000618481339842,0.35757031945230394,0.3443524035017455
99_0827_1000_539136F,,,,
100_0827_1000_539136F,0.21027757231689082,0.20697514602136777,0.05505489515714831,0.15743587116513563
101_0827_1000_539136F,,,,
102_0827_1000_539136F,,,,
103_0827_1000_539136F,,,,
104_0827_1000_539136F,,,,
105_0827_1000_539136F,,,,
106_0827_1000_539136F,,,,
107_0827_1000_539136F,0.07218459019487782,0.25730144868938365,0.08079783677935522,0.13676129188787223
110_0827_1000_539136F,,,,
112_0827_1000_539136F,,,,
115_0827_1000_539136F,,,,
116_0827_1000_539136F,,,,
117_0827_1000_539136F,,,,
118_0827_1000_539136F,,,,
119_0827_1000_539136F,,,,
120_0827_1000_539136F,,,,
121_0827_1000_539136F,,,,
122_0827_1000_539136F,,,,
123_0827_1000_539136F,0.22307202170283214,0.10987350355974901,0.2769625061683068,0.20330267714362935
124_0827_1000_539136F,0.09229320843603246,0.22830064353007865,0.1380886211262994,0.15289415769747017
125_0827_1000_539136F,,,,
126_0827_1000_539136F,,,,
128_0827_1000_539136F,,,,
129_0827_1000_539136F,,,,
133_0827_1000_539136F,0.24438631328318464,0.1496625910301652,0.27827220442704376,0.22410703624679784
2_0827_1000_9M4VCHG,0.4015871888202219,0.8883016518716871,0.2748976915449491,0.5215955107456193
3_0827_1000_9M4VCHG,,,,
4_0827_1000_9M4VCHG,0.20469871369073112,0.9572118096948742,0.20264576246426902,0.45485209528329146
5_0827_1000_9M4VCHG,,,,
6_0827_1000_9M4VCHG,,,,
7_0827_1000_9M4VCHG,0.1105338050757964,0.9232445804351544,0.23201188456963281,0.4219300900268612
8_0827_1000_9M4VCHG,0.33395010674976316,0.9351307722793872,0.3656701433022733,0.5449170074438079
9_0827_1000_9M4VCHG,,,,
10_0827_1000_9M4VCHG,,,,
11_0827_1000_9M4VCHG,,,,
12_0827_1000_9M4VCHG,0.24261229995664246,0.8857367003261486,0.3380869088137963,0.4888119696988625
13_0827_1000_9M4VCHG,,,,
14_0827_1000_9M4VCHG,,,,
15_0827_1000_9M4VCHG,,,,
16_0827_1000_9M4VCHG,,,,
17_0827_1000_9M4VCHG,,,,
18_0827_1000_9M4VCHG,,,,
19_0827_1000_9M4VCHG,,,,
20_0827_1000_9M4VCHG,,,,
21_0827_1000_9M4VCHG,0.552573036672667,0.9719181149947419,0.35508980454717975,0.6265269854048628
22_0827_1000_9M4VCHG,0.5370106298973533,0.954076664313039,0.3151468531094211,0.6020780491066045
23_0827_1000_9M4VCHG,0.36597686383008465,0.9667013951429656,0.2298021361545337,0.5208267983758613
24_0827_1000_9M4VCHG,0.16839982326687464,0.9106274171055192,0.24495072374853155,0.4413259880403085
25_0827_1000_9M4VCHG,,,,
26_0827_1000_9M4VCHG,,,,
27_0827_1000_9M4VCHG,,,,
28_0827_1000_9M4VCHG,0.10937398127601054,0.9527607055875214,0.4854088518511432,0.5158478462382251
29_0827_1000_9M4VCHG,0.2715776299500881,0.9603524769889069,0.5104625043876466,0.5807975371088805
30_0827_1000_9M4VCHG,,,,
31_0827_1000_9M4VCHG,,,,
32_0827_1000_9M4VCHG,,,,
33_0827_1000_9M4VCHG,,,,
34_0827_1000_9M4VCHG,,,,
35_0827_1000_9M4VCHG,,,,
36_0827_1000_9M4VCHG,,,,
37_0827_1000_9M4VCHG,,,,
38_0827_1000_9M4VCHG,,,,
39_0827_1000_9M4VCHG,,,,
40_0827_1000_9M4VCHG,0.43997385448220255,0.9314958722621949,0.1768717040610376,0.5161138102684784
41_0827_1000_9M4VCHG,,,,
42_0827_1000_9M4VCHG,,,,
43_0827_1000_9M4VCHG,,,,
44_0827_1000_9M4VCHG,,,,
45_0827_1000_9M4VCHG,,,,
46_0827_1000_9M4VCHG,,,,
47_0827_1000_9M4VCHG,,,,
48_0827_1000_9M4VCHG,,,,
49_0827_1000_9M4VCHG,,,,
50_0827_1000_9M4VCHG,,,,
51_0827_1000_9M4VCHG,,,,
52_0827_1000_9M4VCHG,,,,
53_0827_1000_9M4VCHG,,,,
54_0827_1000_9M4VCHG,0.1538611700075657,0.9535661255320328,0.34829764715294265,0.48524164756418037
55_0827_1000_9M4VCHG,0.043982176917969344,0.9386905732469093,0.29378200632391,0.4254849188295962
56_0827_1000_9M4VCHG,0.4200829095769966,0.9389229374807707,0.272267531640296,0.5437577928993544
57_0827_1000_9M4VCHG,,,,
58_0827_1000_9M4VCHG,0.1603840743060161,0.9467095741449105,0.46881960388750565,0.5253044174461441
59_0827_1000_9M4VCHG,0.5081421933079001,0.9288210064313954,0.4029558813091547,0.6133063603494834
60_0827_1000_9M4VCHG,,,,
61_0827_1000_9M4VCHG,0.40288963887303714,0.9362561290916305,0.22275291158099542,0.5206328931818877
62_0827_1000_9M4VCHG,0.31292573208524854,0.9585482765961268,0.3419437768862885,0.5378059285225546
63_0827_1000_9M4VCHG,,,,
64_0827_1000_9M4VCHG,0.26299303826539855,0.97230345782106,0.2168257915626093,0.48404076254968925
65_0827_1000_9M4VCHG,0.059950476084463945,0.9551970264679316,0.44970453230663904,0.4882840116196782
66_0827_1000_9M4VCHG,0.4334923779340249,0.9423638310248426,0.3804444861074343,0.5854335650221006
67_0827_1000_9M4VCHG,,,,
68_0827_1000_9M4VCHG,,,,
69_0827_1000_9M4VCHG,0.3906715511452051,0.7703144833501677,0.324342731241069,0.49510958857881393
70_0827_1000_9M4VCHG,,,,
71_0827_1000_9M4VCHG,0.14304032204206824,0.9504619487717152,0.12668542721373163,0.4067292326758383
72_0827_1000_9M4VCHG,0.3873365873398364,0.947302798592351,0.4052536418349582,0.5799643425890485
73_0827_1000_9M4VCHG,,,,
74_0827_1000_9M4VCHG,,,,
75_0827_1000_9M4VCHG,,,,
76_0827_1000_9M4VCHG,,,,
77_0827_1000_9M4VCHG,,,,
78_0827_1000_9M4VCHG,,,,
79_0827_1000_9M4VCHG,0.35025180077575757,0.9242621999023752,0.22221565490948514,0.49890988519587265
80_0827_1000_9M4VCHG,,,,
81_0827_1000_9M4VCHG,,,,
82_0827_1000_9M4VCHG,,,,
83_0827_1000_9M4VCHG,,,,
84_0827_1000_9M4VCHG,0.33224043173952034,0.9735439776962839,0.19789651153727436,0.5012269736576929
85_0827_1000_9M4VCHG,,,,
86_0827_1000_9M4VCHG,0.45366317486998525,0.9692546748055841,0.06009915326066095,0.49433900097874345
87_0827_1000_9M4VCHG,0.4862943919729304,0.9699356259999118,0.29431627822942996,0.5835154320674241
88_0827_1000_9M4VCHG,,,,
90_0827_1000_9M4VCHG,0.3123438047843924,0.9191784304391044,0.29300869268795693,0.5081769759704845
91_0827_1000_9M4VCHG,,,,
92_0827_1000_9M4VCHG,,,,
93_0827_1000_9M4VCHG,,,,
94_0827_1000_9M4VCHG,,,,
95_0827_1000_9M4VCHG,,,,
96_0827_1000_9M4VCHG,,,,
97_0827_1000_9M4VCHG,,,,
98_0827_1000_9M4VCHG,,,,
99_0827_1000_9M4VCHG,0.433298204800771,0.9481655325215829,0.26342304549783907,0.5482955942733977
100_0827_1000_9M4VCHG,,,,
101_0827_1000_9M4VCHG,,,,
102_0827_1000_9M4VCHG,0.26673974332736944,0.9702221314115264,0.090776014965267,0.4425792965680542
103_0827_1000_9M4VCHG,,,,
104_0827_1000_9M4VCHG,0.4300734937019313,0.8796327934724459,0.2884096868430673,0.5327053246724814
105_0827_1000_9M4VCHG,0.2401015024610833,0.9683450478512916,0.2785648785372679,0.49567047628321426
106_0827_1000_9M4VCHG,,,,
107_0827_1000_9M4VCHG,,,,
108_0827_1000_9M4VCHG,,,,
109_0827_1000_9M4VCHG,,,,
110_0827_1000_9M4VCHG,,,,
111_0827_1000_9M4VCHG,,,,
112_0827_1000_9M4VCHG,0.4056600010059637,0.9373093393112085,0.5724457119014912,0.6384716840728878
113_0827_1000_9M4VCHG,0.5143021651860055,0.949677526602383,0.1621546282592891,0.5420447733492259
114_0827_1000_9M4VCHG,,,,
115_0827_1000_9M4VCHG,0.3922054087219223,0.9681539882257764,0.37455962257326925,0.5783063398403226
116_0827_1000_9M4VCHG,0.31284547337670676,0.9518011199418809,0.24297107409647886,0.5025392224716888
117_0827_1000_9M4VCHG,0.21650924383096604,0.97712637382737,0.33769791072036376,0.5104445094595665
118_0827_1000_9M4VCHG,,,,
119_0827_1000_9M4VCHG,,,,
120_0827_1000_9M4VCHG,0.5785587222125282,0.9376504881899859,0.2745786767132797,0.5969292957052645
121_0827_1000_9M4VCHG,0.4426921132631279,0.9011785366123677,0.24328749447990314,0.5290527147851328
122_0827_1000_9M4VCHG,0.22655995065194198,0.9618321054850899,0.20556077353679672,0.46465094322460954
123_0827_1000_9M4VCHG,0.47546186539099794,0.9306056160863161,0.24209405416029853,0.5493871785458708
124_0827_1000_9M4VCHG,,,,
125_0827_1000_9M4VCHG,0.372157550600418,0.9254870509710266,0.6335215811001439,0.6437220608905295
126_0827_1000_9M4VCHG,,,,
127_0827_1000_9M4VCHG,0.18394663592748547,0.9475169768320274,0.28028207638761954,0.4705818963823774
128_0827_1000_9M4VCHG,,,,
130_0827_1000_9M4VCHG,,,,
131_0827_1000_9M4VCHG,0.2849644385249104,0.9676777030731148,0.18454397926106192,0.47906204028636235
132_0827_1000_9M4VCHG,0.25910391180072884,0.9613884360863669,0.27661619898125395,0.49903618228944985
133_0827_1000_9M4VCHG,0.29047090890421456,0.9417068853309926,0.1789134573603867,0.4703637505318646
1_0827_1000_U9TEJGM,0.16653203384115461,0.17387716103237064,0.12178281201953443,0.15406400229768658
2_0827_1000_U9TEJGM,0.28579796250074335,0.08884088661924168,0.12263791279802289,0.16575892063933598
3_0827_1000_U9TEJGM,0.3612363372819747,0.202033621911651,0.22545051680838535,0.26290682533400367
4_0827_1000_U9TEJGM,0.3962411560867399,0.1642607125299901,0.4027573099607629,0.3210863928591643
5_0827_1000_U9TEJGM,0.16794398160110066,0.2974448938764756,0.2585913121208228,0.24132672919946638
6_0827_1000_U9TEJGM,0.2597667871131781,0.3342794568726368,0.24308410357554533,0.2790434491871201
8_0827_1000_U9TEJGM,0.15858151030861992,0.017347293155023032,0.41551019024965236,0.19714633123776512
9_0827_1000_U9TEJGM,0.019161117495242075,0.13813355575149566,0.4489252511307927,0.20207330812584345
11_0827_1000_U9TEJGM,0.07376889316054401,0.17762902382963128,0.3121004007849281,0.18783277259170114
12_0827_1000_U9TEJGM,0.16967447901370522,0.2832754074234567,0.2706752160781889,0.24120836750511696
13_0827_1000_U9TEJGM,0.13555677287172693,0.2770426394116269,0.5350501889761521,0.3158832004198353
14_0827_1000_U9TEJGM,0.04621787126584257,0.10430348834000436,0.09662955002586238,0.0823836365439031
15_0827_1000_U9TEJGM,0.2137337877271364,0.337500348588834,0.23257946685975125,0.2612712010585739
16_0827_1000_U9TEJGM,0.09122546080980709,0.10165026971324542,0.3839046279783635,0.19226011950047198
17_0827_1000_U9TEJGM,0.3683178045892464,0.24281055856455658,0.16073178829416446,0.25728671714932244
18_0827_1000_U9TEJGM,0.28060948970232463,0.3742953984178066,0.2311008114554125,0.2953352331918479
19_0827_1000_U9TEJGM,0.24397189474561343,0.36876359933135544,0.26830736818489426,0.2936809540872877
20_0827_1000_U9TEJGM,0.2677106366500927,0.15344360360948603,0.06751392064237731,0.16288938696731867
21_0827_1000_U9TEJGM,0.21000225745943502,0.1613380979844996,0.3129624376009975,0.2281009310149774
22_0827_1000_U9TEJGM,0.15285400915879727,0.10910433641837046,0.07705024130605788,0.11300286229440853
23_0827_1000_U9TEJGM,0.10429332982506288,0.33612638691856284,0.21133572381732865,0.2172518135203181
24_0827_1000_U9TEJGM,0.24524457380421452,0.2892833447437099,0.22653664109616686,0.25368818654803044
25_0827_1000_U9TEJGM,0.2535204233852521,0.12285379037758522,0.19664710145743935,0.19100710507342555
26_0827_1000_U9TEJGM,0.09577309461583938,0.18763331174970824,0.19433956374296812,0.15924865670283858
27_0827_1000_U9TEJGM,0.11611188149015393,0.2343454160738341,0.3750844716366357,0.2418472564002079
28_0827_1000_U9TEJGM,0.13312201900150936,0.111817852324738,0.2764919762271143,0.17381061585112056
29_0827_1000_U9TEJGM,0.15043566610445067,0.05498504644622874,0.41001092514659265,0.20514387923242403
30_0827_1000_U9TEJGM,0.13020590603171925,0.12663155106593518,0.47162401890595046,0.24282049200120162
31_0827_1000_U9TEJGM,0.10560212920991274,0.18405282036364312,0.3936975196543724,0.2277841564093094
32_0827_1000_U9TEJGM,0.033617125922271104,0.21575854000970396,0.3410659738942796,0.19681387994208488
33_0827_1000_U9TEJGM,0.05762326908489345,0.3801154457973002,0.3619037489458627,0.26654748794268546
34_0827_1000_U9TEJGM,0.2042788570988666,0.2925935259984162,0.45012535317677277,0.31566591209135186
35_0827_1000_U9TEJGM,0.2120949606981926,0.13884504274127274,0.2323840256228166,0.19444134302076063
36_0827_1000_U9TEJGM,0.16717623376837942,0.1751084914729317,0.4468109335379073,0.26303188625973944
37_0827_1000_U9TEJGM,0.22558011841658676,0.3171739761911822,0.34332573422834606,0.29535994294537166
38_0827_1000_U9TEJGM,0.15930243623136842,0.021038254485185925,0.18910002580360621,0.12314690550672018
39_0827_1000_U9TEJGM,0.06083994481560867,0.39765473485935576,0.40808052324404726,0.2888584009730039
40_0827_1000_U9TEJGM,0.080635236665889,0.27187761091315077,0.3063505502870361,0.2196211326220253
42_0827_1000_U9TEJGM,0.09240549140967612,0.353014314793301,0.29492288401775013,0.24678089674024242
43_0827_1000_U9TEJGM,0.16023991416853803,0.4196273759776779,0.3285305097285696,0.30279926662492856
44_0827_1000_U9TEJGM,0.21949038163797926,0.30700673533115,0.25997308811395325,0.26215673502769415
45_0827_1000_U9TEJGM,0.07085919522379135,0.12123332112571754,0.3196238841347329,0.17057213349474729
46_0827_1000_U9TEJGM,0.45330273539449895,0.09028512803771616,0.272973036946835,0.27218696679301674
47_0827_1000_U9TEJGM,0.08071724214620851,0.3914134074816036,0.37907100831185997,0.2837338859798907
48_0827_1000_U9TEJGM,0.07074652900118227,0.14250319562061256,0.26193165354284975,0.1583937927215482
49_0827_1000_U9TEJGM,0.11637035677263664,0.11960035015073796,0.2838923728338969,0.17328769325242385
50_0827_1000_U9TEJGM,0.21049931967933466,0.13147148133548037,0.24323688590000833,0.1950692289716078
51_0827_1000_U9TEJGM,0.18448264743803933,0.25669664219740723,0.418056625299628,0.28641197164502485
52_0827_1000_U9TEJGM,0.10779888228148886,0.19363591323728724,0.08329085728011838,0.12824188426629815
53_0827_1000_U9TEJGM,0.16894213969343155,0.11073191846787783,0.28821991572245637,0.1892979912945886
54_0827_1000_U9TEJGM,0.23668485029466294,0.11800658903594352,0.22537751755836244,0.19335631896298963
55_0827_1000_U9TEJGM,0.19113935813925773,0.23177887738720357,0.42255323678245865,0.2818238241029733
56_0827_1000_U9TEJGM,0.07263228687195909,0.19092147268073867,0.23727879529903673,0.16694418495057817
57_0827_1000_U9TEJGM,0.18707261997587712,0.2571754341463565,0.19911267389473752,0.21445357600565707
58_0827_1000_U9TEJGM,0.2286732317588427,0.221782220431281,0.47306824370960654,0.30784123196657676
59_0827_1000_U9TEJGM,0.14421133285265975,0.09290743341629588,0.5189444326981215,0.25202106632235904
61_0827_1000_U9TEJGM,0.09174560550460946,0.19469944493693395,0.361722053308571,0.21605570125003815
62_0827_1000_U9TEJGM,0.1926390942184459,0.20717625286894606,0.15927810772419407,0.18636448493719535
63_0827_1000_U9TEJGM,0.07124276099889588,0.5036719561701234,0.30337148659079477,0.29276206791993803
64_0827_1000_U9TEJGM,0.10713597471150614,0.1525021281207731,0.24777880391247176,0.16913896891491698
65_0827_1000_U9TEJGM,0.1784798041645472,0.19727407247125273,0.17602807958488356,0.18392731874022783
66_0827_1000_U9TEJGM,0.17717741936124165,0.23106417551246894,0.179716178483712,0.1959859244524742
67_0827_1000_U9TEJGM,0.15738840522021513,0.22176939049578137,0.33007191368585637,0.23640990313395097
68_0827_1000_U9TEJGM,0.13016463641028522,0.17290471075616384,0.28493509919284365,0.19600148211976423
69_0827_1000_U9TEJGM,0.2730993082719915,0.057509273012774344,0.19699418989481168,0.17586759039319252
70_0827_1000_U9TEJGM,0.043378046369853505,0.3704236678472028,0.1797066110931462,0.19783610843673416
71_0827_1000_U9TEJGM,0.29338774392660655,0.2029978461429032,0.3107706697713107,0.2690520866136068
72_0827_1000_U9TEJGM,0.4460573403931263,0.20330727295684226,0.5088407556016609,0.3860684563172098
73_0827_1000_U9TEJGM,0.03238631874488661,0.2998252717986866,0.024748120346963092,0.11898657029684545
74_0827_1000_U9TEJGM,0.17229883662660295,0.13504234323648628,0.28531298804752775,0.197551389303539
75_0827_1000_U9TEJGM,0.1562398943712289,0.18719868146730004,0.4223000098590619,0.2552461952325303
76_0827_1000_U9TEJGM,0.06445390005725089,0.14457705810084995,0.2627715047376427,0.15726748763191453
77_0827_1000_U9TEJGM,,,,
78_0827_1000_U9TEJGM,0.16132276349299593,0.0818250398350406,0.44956624313796434,0.23090468215533363
79_0827_1000_U9TEJGM,0.04334009701917931,0.13173615126349478,0.300389475666037,0.15848857464957036
80_0827_1000_U9TEJGM,0.13696533705775946,0.21412898318798304,0.3673240722709717,0.2394727975055714
81_0827_1000_U9TEJGM,0.2105901096759916,0.23926143838941108,0.32939655809572704,0.25974936872037657
82_0827_1000_U9TEJGM,0.20823925495804718,0.2371745542364346,0.48384265842809837,0.3097521558741934
83_0827_1000_U9TEJGM,0.24518817285512198,0.107490533015468,0.0804517139801358,0.14437680661690858
84_0827_1000_U9TEJGM,0.1604106595472853,0.08554374447778886,0.2946691280571346,0.18020784402740295
85_0827_1000_U9TEJGM,0.04210482132520968,0.3026430920903304,0.19374740359160822,0.1794984390023828
86_0827_1000_U9TEJGM,0.1525035454829331,0.29354914872144183,0.37987790298413354,0.27531019906283616
87_0827_1000_U9TEJGM,0.08459758364288805,0.0723931198292303,0.38522770247241106,0.18073946864817647
88_0827_1000_U9TEJGM,0.08692544548437797,0.18520795632789352,0.41763050224209053,0.22992130135145403
89_0827_1000_U9TEJGM,0.15845377393834206,0.28372894496788487,0.23244097820067208,0.2248745657022997
90_0827_1000_U9TEJGM,0.22615751587822785,0.2258770655393099,0.2672581182011101,0.23976423320621595
91_0827_1000_U9TEJGM,0.20309676261546508,0.20627169371894494,0.32265818411676433,0.24400888015039146
92_0827_1000_U9TEJGM,0.16935833847591378,0.3071423604833279,0.46579730097275257,0.31409933331066475
93_0827_1000_U9TEJGM,0.33774307950882126,0.2813546443200549,0.3282000364782675,0.31576592010238125
94_0827_1000_U9TEJGM,0.06579272831459614,0.3311444830193751,0.2625471509616484,0.21982812076520655
96_0827_1000_U9TEJGM,0.2346848868219008,0.23316416468216994,0.30542913033890845,0.25775939394765973
97_0827_1000_U9TEJGM,0.24179615901965976,0.14543896802774867,0.2473553886438065,0.21153017189707166
98_0827_1000_U9TEJGM,0.12547822136879086,0.2766463947701296,0.3516371670314618,0.2512539277234607
99_0827_1000_U9TEJGM,0.44290174546904315,0.38586720307328726,0.19132142833368396,0.34003012562533813
100_0827_1000_U9TEJGM,0.06495087872964517,0.1265135382176486,0.2933767242758752,0.16161371374105632
101_0827_1000_U9TEJGM,0.06706346400402684,0.16536132269571902,0.31520087406877284,0.18254188692283957
102_0827_1000_U9TEJGM,0.18021108092350702,0.09107787592360217,0.15160054803719789,0.14096316829476904
103_0827_1000_U9TEJGM,0.1465821843991493,0.14952405787753986,0.19942961285620112,0.16517861837763007
104_0827_1000_U9TEJGM,0.15010774152151365,0.13954852595213033,0.3052501779535876,0.19830214847574387
105_0827_1000_U9TEJGM,0.0917818885958079,0.25149928958561646,0.3034621903588714,0.21558112284676523
106_0827_1000_U9TEJGM,0.16715272419301833,0.12536635602971677,0.40803874664373446,0.23351927562215655
107_0827_1000_U9TEJGM,0.3966376262428793,0.13276293539870512,0.18267540590297507,0.2373586558481865
108_0827_1000_U9TEJGM,0.13448192942275883,0.07868923089110967,0.2886472745683466,0.16727281162740504
109_0827_1000_U9TEJGM,0.17705117941203696,0.1997429463297793,0.28503352241875984,0.22060921605352535
110_0827_1000_U9TEJGM,0.06292222518174743,0.23003565247064198,0.2654615285230351,0.18613980205847483
111_0827_1000_U9TEJGM,0.08219544954935337,0.2202797020044487,0.3281732913513174,0.21021614763503985
113_0827_1000_U9TEJGM,0.1451058999457177,0.19840447692118404,0.21278718162426294,0.1854325194970549
114_0827_1000_U9TEJGM,0.08001007366915536,0.08009119578237404,0.1678191580614735,0.10930680917100095
115_0827_1000_U9TEJGM,0.11839781752732474,0.16933502210958226,0.22138754529330798,0.16970679497673832
116_0827_1000_U9TEJGM,0.16169006175063486,0.26523936980065493,0.3434261882981509,0.25678520661648024
117_0827_1000_U9TEJGM,0.1666223317730905,0.1840713919366551,0.337388572552352,0.2293607654206992
118_0827_1000_U9TEJGM,0.2120722645377893,0.1395038063163881,0.23382335894790982,0.19513314326736242
119_0827_1000_U9TEJGM,0.1045901381387716,0.37722474655694344,0.3271459946449226,0.26965362644687924
120_0827_1000_U9TEJGM,0.09440709973556832,0.22915706406606587,0.23618699925867218,0.18658372102010212
121_0827_1000_U9TEJGM,0.1800991974737524,0.3007395757462266,0.32049310004155857,0.26711062442051253
122_0827_1000_U9TEJGM,0.05360737347856298,0.2501534761254072,0.17956284750698204,0.16110789903698408
123_0827_1000_U9TEJGM,0.3884870602820419,0.25811273595072926,0.18737649227035816,0.27799209616770976
124_0827_1000_U9TEJGM,0.3200222664696373,0.13162642383927237,0.2874745984208941,0.24637442957660127
125_0827_1000_U9TEJGM,0.13852349552589524,0.3272860215831979,0.19631621867301638,0.2207085785940365
126_0827_1000_U9TEJGM,0.2540368924026502,0.05366419001085993,0.250557561734077,0.1860862147158624
127_0827_1000_U9TEJGM,0.2143843329630759,0.11670363708213366,0.4687661266653604,0.26661803223685665
128_0827_1000_U9TEJGM,0.2086774178951409,0.2311046583450005,0.2309387453175744,0.22357360718590527
129_0827_1000_U9TEJGM,0.2844295836878728,0.15087510281486888,0.4386528685131849,0.2913191850053089
130_0827_1000_U9TEJGM,0.09778322059718099,0.32932847482556277,0.3872569842359932,0.2714562265529123
131_0827_1000_U9TEJGM,0.08913286099478825,0.3254834840889956,0.09691256743016148,0.17050963750464843
132_0827_1000_U9TEJGM,0.10223542336336804,0.2698820260642238,0.4016731719272851,0.2579302071182923
133_0827_1000_U9TEJGM,0.25796650180927355,0.06703424282877339,0.22822501604610868,0.18440858689471853
134_0827_1000_U9TEJGM,0.07608035507144847,0.3762517582155232,0.43068655905482706,0.29433955744726625
135_0827_1000_U9TEJGM,0.2242277647766225,0.1512833571037783,0.21157448432563433,0.19569520206867838
136_0827_1000_U9TEJGM,0.1954695163717545,0.03858748564836736,0.1811726401865684,0.1384098807355634
137_0827_1000_U9TEJGM,0.19191776910858294,0.11819081723159024,0.2225698175003882,0.17755946794685382
138_0827_1000_U9TEJGM,0.32633563854114817,0.348393994160421,0.46181627363102323,0.3788486354441975
139_0827_1000_U9TEJGM,0.25531689822553455,0.3191411681193607,0.33168591890739707,0.30204799508409746
140_0827_1000_U9TEJGM,0.15939584605354576,0.17282679214887062,0.2898569622811205,0.20735986682784566
141_0827_1000_U9TEJGM,0.2011409506617384,0.29775397308954704,0.28889391567003364,0.26259627980710637
0_0828_1300_9M4VCHG,,,,
1_0828_1300_9M4VCHG,,,,
2_0828_1300_9M4VCHG,0.1754368273209026,0.1784324798107799,0.31488628021793036,0.22291852911653764
3_0828_1300_9M4VCHG,,,,
4_0828_1300_9M4VCHG,0.18078965475853934,0.3072569774873281,0.38583912280762833,0.2912952516844986
5_0828_1300_9M4VCHG,0.20153143550746555,0.0847222863569056,0.32345860350372746,0.2032374417893662
6_0828_1300_9M4VCHG,0.29181666378832594,0.17097199720369707,0.6102519829772427,0.3576802146564219
7_0828_1300_9M4VCHG,0.08374588258239356,0.0934747758672621,0.5249730067163415,0.2340645550553324
8_0828_1300_9M4VCHG,0.24807580442954136,0.08571827920096829,0.32831828715000705,0.22070412359350558
9_0828_1300_9M4VCHG,0.2911687124695158,0.36914500152858726,0.08917207366788404,0.24982859588866235
10_0828_1300_9M4VCHG,,,,
11_0828_1300_9M4VCHG,,,,
12_0828_1300_9M4VCHG,,,,
13_0828_1300_9M4VCHG,0.026334093429137978,0.06821806970337857,0.2250119098612768,0.10652135766459779
14_0828_1300_9M4VCHG,0.1140419862855922,0.317316006652725,0.45929784861278744,0.2968852805170349
15_0828_1300_9M4VCHG,0.15705831959084304,0.17303755362126685,0.6147958802314503,0.31496391781452004
16_0828_1300_9M4VCHG,,,,
17_0828_1300_9M4VCHG,,,,
18_0828_1300_9M4VCHG,0.042132148794961875,0.1398198075923857,0.2740244389245785,0.15199213177064202
19_0828_1300_9M4VCHG,,,,
20_0828_1300_9M4VCHG,,,,
21_0828_1300_9M4VCHG,,,,
22_0828_1300_9M4VCHG,0.10696039977093813,0.22089736426517811,0.6111363348469091,0.3129980329610084
23_0828_1300_9M4VCHG,,,,
24_0828_1300_9M4VCHG,,,,
25_0828_1300_9M4VCHG,0.16183317788056276,0.15682837345071715,0.5982409108089407,0.3056341540467402
26_0828_1300_9M4VCHG,,,,
27_0828_1300_9M4VCHG,0.20107622823812332,0.29786711710736496,0.6150059448519563,0.3713164300658149
28_0828_1300_9M4VCHG,0.2278626282351364,0.23722162733434074,0.4691970299793371,0.3114270951829381
29_0828_1300_9M4VCHG,,,,
30_0828_1300_9M4VCHG,0.09840680598439801,0.4610667865071902,0.47135012091674433,0.3436079044694442
31_0828_1300_9M4VCHG,,,,
32_0828_1300_9M4VCHG,,,,
33_0828_1300_9M4VCHG,0.051108235146552196,0.37219666518721906,0.4174084490924002,0.28023778314205716
34_0828_1300_9M4VCHG,0.10766458705620345,0.1049725111058527,0.4077998989163692,0.20681233235947513
35_0828_1300_9M4VCHG,0.3278963271967843,0.4280051236705269,0.7089432165417696,0.4882815558030269
36_0828_1300_9M4VCHG,0.5114556524987958,0.32643957069401774,0.531150858670013,0.4563486939542755
37_0828_1300_9M4VCHG,,,,
38_0828_1300_9M4VCHG,,,,
39_0828_1300_9M4VCHG,,,,
40_0828_1300_9M4VCHG,0.24542985341524395,0.34170939303464504,0.3932090737190295,0.3267827733896395
41_0828_1300_9M4VCHG,0.21180455374853158,0.08012202991768567,0.15685408687852032,0.14959355684824585
42_0828_1300_9M4VCHG,0.07023580937985603,0.1493968007817573,0.19606018597875016,0.13856426538012115
43_0828_1300_9M4VCHG,,,,
44_0828_1300_9M4VCHG,,,,
45_0828_1300_9M4VCHG,0.24060709754678286,0.2911653669930251,0.45770842125787636,0.32982696193256145
46_0828_1300_9M4VCHG,0.18728576313432155,0.24300120245132092,0.4721524782667778,0.30081314795080677
47_0828_1300_9M4VCHG,,,,
48_0828_1300_9M4VCHG,0.31630472230756906,0.08713920010164648,0.21875200711365253,0.20739864317428935
49_0828_1300_9M4VCHG,0.16710306681104026,0.2472068631709016,0.47965108542956275,0.2979870051371682
50_0828_1300_9M4VCHG,,,,
51_0828_1300_9M4VCHG,,,,
52_0828_1300_9M4VCHG,0.1443067426117804,0.25496608566264595,0.46525528786397025,0.2881760387127989
53_0828_1300_9M4VCHG,0.2878030516751264,0.229317960668186,0.1996288100726574,0.23891660747198992
54_0828_1300_9M4VCHG,,,,
55_0828_1300_9M4VCHG,,,,
56_0828_1300_9M4VCHG,0.10187639625175023,0.28379198262130084,0.3301342556209764,0.23860087816467582
57_0828_1300_9M4VCHG,,,,
58_0828_1300_9M4VCHG,0.20412505782578108,0.4528150998318973,0.42799861902709196,0.36164625889492347
59_0828_1300_9M4VCHG,0.07080722733954163,0.13176536025876814,0.22594236491176053,0.14283831750335677
60_0828_1300_9M4VCHG,,,,
61_0828_1300_9M4VCHG,,,,
62_0828_1300_9M4VCHG,0.10629303694067078,0.2942123628527696,0.4321513031801221,0.27755223432452086
63_0828_1300_9M4VCHG,0.2711712879116548,0.240016392091251,0.4213733161831375,0.31085366539534776
64_0828_1300_9M4VCHG,,,,
65_0828_1300_9M4VCHG,,,,
66_0828_1300_9M4VCHG,,,,
67_0828_1300_9M4VCHG,,,,
68_0828_1300_9M4VCHG,0.06142078852426133,0.4534604100723814,0.48290144806624496,0.33259421555429586
69_0828_1300_9M4VCHG,0.17715210279592364,0.3233956666025409,0.34250272773291396,0.2810168323771262
70_0828_1300_9M4VCHG,,,,
71_0828_1300_9M4VCHG,0.08566887622232273,0.24890756146382773,0.40066121048547515,0.24507921605720853
72_0828_1300_9M4VCHG,,,,
73_0828_1300_9M4VCHG,,,,
74_0828_1300_9M4VCHG,0.1421819826022941,0.1493291623298075,0.28113468758187293,0.19088194417132484
75_0828_1300_9M4VCHG,0.15105297999550735,0.1592649018281633,0.5342908978503967,0.2815362598913558
76_0828_1300_9M4VCHG,,,,
77_0828_1300_9M4VCHG,,,,
78_0828_1300_9M4VCHG,,,,
79_0828_1300_9M4VCHG,,,,
80_0828_1300_9M4VCHG,,,,
81_0828_1300_9M4VCHG,0.16016885951492368,0.21020170914252975,0.37343502592831496,0.24793519819525614
82_0828_1300_9M4VCHG,0.05180851206815895,0.12721749981772998,0.3454168669518098,0.17481429294589956
83_0828_1300_9M4VCHG,,,,
84_0828_1300_9M4VCHG,0.14441203017976728,0.06630530188420083,0.5839079086636887,0.2648750802425523
85_0828_1300_9M4VCHG,,,,
86_0828_1300_9M4VCHG,0.1493005303895294,0.17907172561579057,0.5440631387008749,0.29081179823539827
87_0828_1300_9M4VCHG,,,,
88_0828_1300_9M4VCHG,0.14493974876100763,0.12285709905324105,0.2897758483973087,0.18585756540385245
89_0828_1300_9M4VCHG,0.07419271129517134,0.390885799404346,0.40216724972918566,0.28908192014290096
90_0828_1300_9M4VCHG,,,,
91_0828_1300_9M4VCHG,,,,
92_0828_1300_9M4VCHG,0.16863507695209282,0.3880623257467663,0.20986575403783717,0.2555210522455654
93_0828_1300_9M4VCHG,0.18260852538160835,0.18832909758370733,0.19528302921826088,0.1887402173945255
94_0828_1300_9M4VCHG,0.2899444726031871,0.3634986967036178,0.43913667870794865,0.3641932826715845
95_0828_1300_9M4VCHG,0.03599671415388236,0.34072661737337445,0.41620476414872304,0.2643093652253266
96_0828_1300_9M4VCHG,0.08875900099744166,0.2791952500635804,0.32381082338390293,0.23058835814830836
97_0828_1300_9M4VCHG,0.03469109925954894,0.16866347460834083,0.4708497843292235,0.2247347860657044
98_0828_1300_9M4VCHG,0.19574919150910353,0.2867796934202231,0.4596260887988451,0.31405165790939055
99_0828_1300_9M4VCHG,,,,
100_0828_1300_9M4VCHG,,,,
101_0828_1300_9M4VCHG,,,,
102_0828_1300_9M4VCHG,0.059165314986981965,0.11099734874414606,0.20175179414136188,0.12397148595749663
103_0828_1300_9M4VCHG,,,,
104_0828_1300_9M4VCHG,0.05462600327651165,0.06666131353094361,0.11571768077914689,0.07900166586220071
105_0828_1300_9M4VCHG,,,,
106_0828_1300_9M4VCHG,,,,
107_0828_1300_9M4VCHG,,,,
108_0828_1300_9M4VCHG,0.19087765940199675,0.29171774003580525,0.36302325088152254,0.28187288343977485
109_0828_1300_9M4VCHG,0.16657429045715946,0.17536597009500146,0.27000292167615886,0.20398106074277325
110_0828_1300_9M4VCHG,0.032188571485393246,0.23031540459021763,0.621671318943413,0.2947250983396746
111_0828_1300_9M4VCHG,,,,
112_0828_1300_9M4VCHG,,,,
0_0828_1300_U9TEJGM,0.14305022342058807,0.06945882587155743,0.35144751034430516,0.18798551987881687
1_0828_1300_U9TEJGM,0.319178634595835,0.3499265633196873,0.12351643975377491,0.26420721255643237
2_0828_1300_U9TEJGM,0.42367843344341266,0.42332765941978784,0.23189395422889925,0.35963334903069993
3_0828_1300_U9TEJGM,0.43029895100369614,0.22401007245293503,0.5951401906341451,0.4164830713635921
4_0828_1300_U9TEJGM,0.30357307239245107,0.11957142836630301,0.4427432246931784,0.2886292418173108
5_0828_1300_U9TEJGM,0.49544289960505866,0.17180908800486053,0.5855792740443891,0.41761042055143616
6_0828_1300_U9TEJGM,0.3531519613096803,0.2816433421204773,0.3978321787790997,0.3442091607364191
7_0828_1300_U9TEJGM,0.2680898441183928,0.12887140928543048,0.25208541074091423,0.2163488880482458
8_0828_1300_U9TEJGM,0.24204812909999007,0.21437041542393054,0.2480449962803312,0.23482118026808393
9_0828_1300_U9TEJGM,0.6111271279671188,0.2549524417942013,0.4334895102552727,0.4331896933388643
10_0828_1300_U9TEJGM,0.46233870738591304,0.3058808653528072,0.3790626916026915,0.38242742144713726
11_0828_1300_U9TEJGM,0.45228985007312206,0.19468651071195456,0.350865174834975,0.33261384520668386
12_0828_1300_U9TEJGM,0.3538526458813383,0.19374317641222846,0.3921260418396759,0.31324062137774755
14_0828_1300_U9TEJGM,0.3393857581898833,0.1548346338879756,0.42042627251654086,0.3048822215314666
15_0828_1300_U9TEJGM,0.28711324302368424,0.11395557641899012,0.3697366973485931,0.25693517226375584
16_0828_1300_U9TEJGM,0.2550808203729046,0.18642908551624618,0.3105636717382645,0.25069119254247174
17_0828_1300_U9TEJGM,0.17446794264942342,0.18162243318013052,0.388710174045175,0.248266849958243
18_0828_1300_U9TEJGM,0.29415530447754806,0.25221904208525786,0.4166893758501238,0.3210212408043099
19_0828_1300_U9TEJGM,0.15044626306709993,0.19232352068231964,0.1953764102478753,0.17938206466576498
20_0828_1300_U9TEJGM,0.15137720816459424,0.09484987337554146,0.2417636949087247,0.16266359214962015
21_0828_1300_U9TEJGM,0.5221915633219769,0.14181965986182585,0.6736092738606567,0.4458734990148199
22_0828_1300_U9TEJGM,0.23490455109338612,0.08805917028668721,0.3054699330876723,0.20947788482258187
23_0828_1300_U9TEJGM,0.3913341941065949,0.297325322385521,0.4277470059717505,0.3721355074879555
24_0828_1300_U9TEJGM,0.49442216229687536,0.22012323835228575,0.5262204705360646,0.4135886237284086
25_0828_1300_U9TEJGM,0.5172171162785762,0.44573977419574656,0.5104486218490413,0.49113517077445473
26_0828_1300_U9TEJGM,0.4583028373026212,0.334719347115626,0.24028224412103114,0.34443480951309274
27_0828_1300_U9TEJGM,0.41417671314240073,0.2655209966924594,0.20559531972458803,0.29509767651981605
28_0828_1300_U9TEJGM,0.4462226061557377,0.26901632685985405,0.5027764878255757,0.4060051402803892
29_0828_1300_U9TEJGM,0.16700336049242684,0.16664245484544837,0.28657453922767906,0.2067401181885181
30_0828_1300_U9TEJGM,0.5301530326978275,0.16426546757738245,0.5875833392478217,0.42733394650767725
31_0828_1300_U9TEJGM,0.42460841604673777,0.3300179297224535,0.27363606111266553,0.3427541356272856
33_0828_1300_U9TEJGM,0.49157221841361354,0.186434772802368,0.7234876580186786,0.4671648830782201
34_0828_1300_U9TEJGM,0.335470877649568,0.1680747255629673,0.40646720885748683,0.3033376040233407
35_0828_1300_U9TEJGM,0.2516029137354283,0.16506752691272988,0.27273855376953743,0.22980299813923186
36_0828_1300_U9TEJGM,0.499834937451819,0.3557599575073269,0.37941198446313695,0.4116689598074276
37_0828_1300_U9TEJGM,0.45695808676455335,0.4526089463966601,0.344474020806455,0.4180136846558895
38_0828_1300_U9TEJGM,0.23463364117075347,0.15427720295559602,0.2635247013446131,0.2174785151569875
39_0828_1300_U9TEJGM,0.3377467371513619,0.20686933704523428,0.3403502688448559,0.29498878101381737
40_0828_1300_U9TEJGM,0.42679064827759733,0.34950069946098167,0.4456746367470388,0.4073219948285393
41_0828_1300_U9TEJGM,0.18602440486053304,0.20443225210387253,0.14965227648948845,0.180036311151298
42_0828_1300_U9TEJGM,0.5345761185756789,0.31954391611469113,0.4715399707170258,0.441886668469132
43_0828_1300_U9TEJGM,0.21981005800264666,0.12568337505109917,0.24826703003813724,0.19792015436396102
44_0828_1300_U9TEJGM,,,,
45_0828_1300_U9TEJGM,0.3980351561889508,0.10828402992754783,0.3571665403985021,0.28782857550500024
46_0828_1300_U9TEJGM,0.2343433085396345,0.06863894653214518,0.3278824096138864,0.21028822156188873
47_0828_1300_U9TEJGM,0.45621017834546257,0.3381689384121525,0.3007469486646483,0.3650420218074211
48_0828_1300_U9TEJGM,0.2340947465588671,0.16418410699507566,0.3421641354905863,0.24681432968150965
49_0828_1300_U9TEJGM,0.35090331236590383,0.3636189280982767,0.39359923190468843,0.3693738241229563
50_0828_1300_U9TEJGM,0.15581707160647906,0.047506066658797225,0.4158726541177303,0.2063985974610022
51_0828_1300_U9TEJGM,0.4007040529610785,0.22552624438616628,0.451575218171617,0.3592685051729539
53_0828_1300_U9TEJGM,0.24904300362916912,0.19383046569611043,0.44054360295241707,0.2944723574258989
54_0828_1300_U9TEJGM,0.5184793457453872,0.4538239927930161,0.20756755539907878,0.39329029797916065
55_0828_1300_U9TEJGM,0.14544161626071864,0.1083225914225421,0.3270003747974612,0.19358819416024065
58_0828_1300_U9TEJGM,0.5792663655552396,0.48792680360959934,0.4461597300608533,0.504450966408564
59_0828_1300_U9TEJGM,0.49791707726025863,0.4382683155063772,0.6076441516349695,0.5146098481338685
60_0828_1300_U9TEJGM,0.3519330735797401,0.17834678033501303,0.4141575657110708,0.31481247320860795
62_0828_1300_U9TEJGM,0.19676157480206513,0.15252141877152028,0.35974953690398653,0.23634417682585732
63_0828_1300_U9TEJGM,0.2634042483878796,0.16170892426005543,0.4107728341977719,0.27862866894856897
64_0828_1300_U9TEJGM,0.5557656845169254,0.28527610160796657,0.5785189437309498,0.47318690995194723
65_0828_1300_U9TEJGM,0.4873432059511435,0.42767033946008365,0.5596001269809857,0.49153789079740423
66_0828_1300_U9TEJGM,0.42897178964675553,0.3447791285722832,0.4032348664599139,0.3923285948929842
67_0828_1300_U9TEJGM,0.4666633581089843,0.19837164327186083,0.43712011045087235,0.36738503727723915
68_0828_1300_U9TEJGM,0.3417837522888636,0.17832176505948463,0.34007909388554936,0.28672820374463254
69_0828_1300_U9TEJGM,0.4341980964231289,0.2343042054662022,0.5013903828523882,0.38996422824723975
70_0828_1300_U9TEJGM,0.33532494862915624,0.18566265206707058,0.6232737376535095,0.3814204461165788
71_0828_1300_U9TEJGM,0.4984854350423826,0.21435091426375427,0.5925002490464227,0.43511219945085317
72_0828_1300_U9TEJGM,,,,
73_0828_1300_U9TEJGM,0.2630674432533419,0.26460823559244245,0.39639813827110665,0.30802460570563034
74_0828_1300_U9TEJGM,0.11242684322726686,0.09290186299855922,0.16756355765339281,0.12429742129307297
75_0828_1300_U9TEJGM,0.4138636536877245,0.26821354347819576,0.24844191334162272,0.3101730368358477
76_0828_1300_U9TEJGM,0.3964667584795687,0.18495571212429052,0.412744401811265,0.3313889574717081
77_0828_1300_U9TEJGM,0.34028497866074675,0.17662079241181497,0.4491280029919846,0.3220112580215155
78_0828_1300_U9TEJGM,0.39575364648643857,0.43456408049762874,0.4126829177548504,0.4143335482463059
79_0828_1300_U9TEJGM,0.2781583286328398,0.17536410409291325,0.3987080725933727,0.2840768351063752
2_0830_1300_539136F,0.13707609322804393,0.2906447432120294,0.24723403629778937,0.22498495757928758
3_0830_1300_539136F,0.10977027723882055,0.22610742980455076,0.1283810339061171,0.15475291364982946
4_0830_1300_539136F,0.13704404030047826,0.23780951264499395,0.249755299032254,0.20820295065924208
5_0830_1300_539136F,,,,
7_0830_1300_539136F,0.1870446920482749,0.44887216191644347,0.206408304744001,0.28077505290290644
8_0830_1300_539136F,0.09253259983885359,0.14368902746887388,0.11448166555448201,0.11690109762073649
9_0830_1300_539136F,0.07169028999110454,0.1184208126337467,0.11950898939732423,0.10320669734072514
10_0830_1300_539136F,0.1337869624154813,0.2950739006431626,0.23180391336629627,0.22022159214164672
11_0830_1300_539136F,0.05270408519782089,0.438574310428806,0.054918173487537025,0.18206552303805465
12_0830_1300_539136F,0.20986377528413347,0.3990983172643834,0.10220831689395203,0.23705680314748964
13_0830_1300_539136F,0.12712408712455256,0.2947255043420307,0.14498669341603423,0.18894542829420582
14_0830_1300_539136F,0.10136164203937899,0.2121081812815533,0.21122238518168576,0.174897402834206
15_0830_1300_539136F,0.12768895703061914,0.1959838706647247,0.2666370075305909,0.19676994507531156
16_0830_1300_539136F,,,,
17_0830_1300_539136F,0.18675217642855138,0.30224841436865874,0.36377545129919575,0.28425868069880195
18_0830_1300_539136F,0.16263838641347814,0.2989803908790663,0.15343472847840953,0.20501783525698467
19_0830_1300_539136F,0.14518521379591945,0.4008783915747825,0.17498850955992604,0.24035070497687602
20_0830_1300_539136F,,,,
21_0830_1300_539136F,0.2243339194366829,0.11655713492503872,0.2391949088564612,0.19336198773939428
22_0830_1300_539136F,,,,
23_0830_1300_539136F,,,,
24_0830_1300_539136F,0.05164638122482471,0.4023015884276117,0.27228849946570477,0.24207882303938041
25_0830_1300_539136F,,,,
26_0830_1300_539136F,0.019226728968509233,0.35650312618701063,0.058771474819319526,0.14483377665827982
27_0830_1300_539136F,0.14919526875200925,0.12408140427597342,0.19665405557501212,0.15664357620099825
28_0830_1300_539136F,0.12336397181345386,0.33305285139087987,0.3107961931093139,0.25573767210454923
29_0830_1300_539136F,0.09766625912054505,0.020842027936022505,0.14581563703385428,0.08810797469680727
30_0830_1300_539136F,0.2887185398122685,0.5059801241001508,0.22992501812840352,0.341541227346941
31_0830_1300_539136F,0.2738477656817777,0.44928797987629504,0.2807457862131113,0.3346271772570613
32_0830_1300_539136F,0.0815171040402481,0.2020337523822214,0.09639068023322424,0.12664717888523125
34_0830_1300_539136F,0.24927059181367728,0.3599901283477382,0.17232705567143736,0.26052925861095094
35_0830_1300_539136F,0.15746213779188056,0.1742040769939769,0.1589894130177828,0.16355187593454676
36_0830_1300_539136F,0.22424191435569232,0.1556544354649622,0.2168160858519227,0.19890414522419242
37_0830_1300_539136F,,,,
38_0830_1300_539136F,0.12339882247980588,0.34324370965550727,0.22295335690300458,0.2298652963461059
39_0830_1300_539136F,0.2555655422360995,0.20450180258246423,0.10932492842516904,0.1897974244145776
40_0830_1300_539136F,0.18231061452349584,0.2797586287929141,0.17992803379028324,0.21399909236889772
41_0830_1300_539136F,0.20357022376877112,0.1282019208388585,0.30348033387798673,0.21175082616187213
42_0830_1300_539136F,0.08364339778914814,0.3432314131287058,0.267901822691673,0.23159221120317564
43_0830_1300_539136F,0.2773640874614936,0.3001265133657018,0.1184088870106018,0.2319664959459324
44_0830_1300_539136F,0.1685103868736235,0.18777840428468093,0.2182625040342201,0.19151709839750816
45_0830_1300_539136F,0.1129490939931498,0.10534551812140414,0.29150530846536676,0.16993330685997354
46_0830_1300_539136F,,,,
47_0830_1300_539136F,,,,
48_0830_1300_539136F,0.06715459909805482,0.29277404831504245,0.3259381214596798,0.2286222562909257
49_0830_1300_539136F,0.1251147012139886,0.3572257761273255,0.0834687415880027,0.18860307297643894
50_0830_1300_539136F,0.1593730850437146,0.3934545255784132,0.21634550415677126,0.256391038259633
51_0830_1300_539136F,0.4276928886849629,0.2443081068292535,0.05049753032385523,0.24083284194602386
52_0830_1300_539136F,0.15705043322686824,0.42164023722623395,0.06543745553762823,0.21470937533024348
53_0830_1300_539136F,0.12772931398520018,0.38229130950976,0.2472868015471569,0.25243580834737234
54_0830_1300_539136F,,,,
56_0830_1300_539136F,0.09145420574915823,0.05354882789112655,0.15311224028656448,0.09937175797561641
57_0830_1300_539136F,,,,
58_0830_1300_539136F,0.0905284353505817,0.10698473232617194,0.24263456061076524,0.14671590942917298
59_0830_1300_539136F,0.14012319852084143,0.27647237244040196,0.24675330739806622,0.22111629278643652
60_0830_1300_539136F,0.14940698142572267,0.1688710124080263,0.17209524644644658,0.1634577467600652
61_0830_1300_539136F,0.08947546733917465,0.34924415887526217,0.23344114314897904,0.2240535897878053
62_0830_1300_539136F,,,,
63_0830_1300_539136F,0.06746904936915875,0.27615117355343605,0.07078281436593624,0.1381343457628437
64_0830_1300_539136F,0.11499790110763773,0.11073618143686888,0.212383242578585,0.14603910837436387
65_0830_1300_539136F,0.18497195055029828,0.19541954044453455,0.11953134206890081,0.16664094435457788
66_0830_1300_539136F,0.09885466460550467,0.3655322367244142,0.16929022166193997,0.21122570766395296
67_0830_1300_539136F,0.2639202752515437,0.15616974627976093,0.04390687764886647,0.15466563306005704
68_0830_1300_539136F,,,,
69_0830_1300_539136F,,,,
70_0830_1300_539136F,0.21789507423154986,0.25397441700871615,0.15570837899363862,0.20919262341130154
71_0830_1300_539136F,0.0833917639966238,0.30199253792737824,0.35100557622237294,0.2454632927154583
72_0830_1300_539136F,0.1656798062872514,0.34019026222536813,0.24052112086649868,0.24879706312637273
73_0830_1300_539136F,,,,
74_0830_1300_539136F,0.161805847791362,0.41474677654862274,0.4353635553565182,0.3373053932321677
75_0830_1300_539136F,0.35313665272605405,0.34572581181531065,0.19043847348266918,0.2964336460080113
76_0830_1300_539136F,0.24650617689460427,0.24315450876260825,0.38416969587420285,0.29127679384380517
77_0830_1300_539136F,0.07274481601765614,0.20979845584813747,0.1261206470275885,0.13622130629779405
78_0830_1300_539136F,0.2412636045257658,0.31533735330698337,0.23630684832539642,0.2643026020527152
79_0830_1300_539136F,0.330713125724489,0.2825607241331504,0.4442845303619925,0.35251946007321067
80_0830_1300_539136F,0.15846433605555754,0.5763012202615733,0.2075431504173301,0.3141029022448203
81_0830_1300_539136F,0.07005243501349488,0.3237986738027086,0.25673726397287666,0.2168627909296934
82_0830_1300_539136F,0.11152084910962173,0.2865637676579782,0.28777178109472584,0.22861879928744192
83_0830_1300_539136F,0.32810174107009776,0.3755996307821787,0.3407836060950012,0.3481616593157592
84_0830_1300_539136F,,,,
85_0830_1300_539136F,0.0914116064985986,0.13386947706243976,0.3792139090602722,0.2014983308737702
86_0830_1300_539136F,0.18079034883963355,0.35530135023744847,0.3112402013881377,0.2824439668217399
87_0830_1300_539136F,0.17444522122081754,0.4363056411830783,0.18896395825811893,0.2665716068873383
88_0830_1300_539136F,0.11386299285748602,0.11125342834221237,0.19093469399358273,0.13868370506442704
89_0830_1300_539136F,0.13482909777125304,0.44964697277178706,0.35276053028734616,0.31241220027679545
90_0830_1300_539136F,0.06977810189112549,0.2988627970927739,0.1208374347958665,0.1631594445932553
91_0830_1300_539136F,0.10529545264181527,0.23348459691489287,0.32466077770239604,0.22114694241970137
92_0830_1300_539136F,,,,
93_0830_1300_539136F,0.19768526801073494,0.3726697860565595,0.48639534656662714,0.35225013354464046
94_0830_1300_539136F,0.10376957716124684,0.4246477283579923,0.22792790871837945,0.2521150714125395
95_0830_1300_539136F,0.1931196250043229,0.1835873427461913,0.08404009023860483,0.15358235266303966
96_0830_1300_539136F,0.19803286851087384,0.4791782775230515,0.3957353095944585,0.3576488185427946
97_0830_1300_539136F,0.07862685729914565,0.3304702758702712,0.1846307527037443,0.19790929529105372
98_0830_1300_539136F,0.03341537859250617,0.27597183970256034,0.2176441890136147,0.17567713576956043
99_0830_1300_539136F,0.15422853082973012,0.12977308880455374,0.20996327357272623,0.1646549644023367
100_0830_1300_539136F,0.076316932253518,0.23672371833641614,0.2884148608188705,0.20048517046960157
101_0830_1300_539136F,0.1118820607792309,0.3686690825043577,0.16057360340579585,0.21370824889646148
102_0830_1300_539136F,0.18204618205667267,0.31217453340096574,0.30705225281864623,0.26709098942542825
104_0830_1300_539136F,0.07813973873440139,0.3654936253628831,0.4291308687401106,0.2909214109457983
105_0830_1300_539136F,0.26808769141203076,0.37621149129015635,0.23924299347466568,0.2945140587256176
106_0830_1300_539136F,0.18972589945425833,0.43225885063597896,0.4405551845547088,0.3541799782149821
107_0830_1300_539136F,0.12328167358728144,0.32293009151575536,0.14539198424818225,0.19720124978373968
108_0830_1300_539136F,0.2912111848147898,0.4990428271849697,0.2917896550036659,0.3606812223344751
109_0830_1300_539136F,0.02128197781919497,0.2509250123756318,0.08788214012695433,0.12002971010726037
110_0830_1300_539136F,0.0959414864629372,0.39262928896550964,0.08698359693008002,0.1918514574528423
111_0830_1300_539136F,0.13196991159772278,0.49767958225858216,0.28563311079984705,0.30509420155205064
113_0830_1300_539136F,0.07361219799861497,0.3164911191047594,0.33254281210347797,0.24088204306895078
114_0830_1300_539136F,0.34942686406079765,0.5601215223132919,0.3103147269251403,0.40662103776640995
115_0830_1300_539136F,0.13938105498131523,0.3163545131640875,0.05458201027601495,0.17010585947380588
116_0830_1300_539136F,0.163628964063487,0.3766894078948286,0.2406227603176154,0.2603137107586437
117_0830_1300_539136F,0.4535562557025972,0.2677295604961478,0.27785207976230963,0.3330459653203515
118_0830_1300_539136F,0.1363780016125863,0.3886010137289236,0.24714245139517724,0.2573738222455624
120_0830_1300_539136F,0.15733150305465748,0.26173190401968127,0.23300936740080333,0.21735759149171405
121_0830_1300_539136F,0.1970279471056514,0.36346627087759836,0.15614059471464695,0.2388782708992989
122_0830_1300_539136F,0.14561347773484273,0.14839431704120024,0.32847078066350793,0.20749285847985033
123_0830_1300_539136F,,,,
124_0830_1300_539136F,,,,
125_0830_1300_539136F,0.16994755241215173,0.3046183525551814,0.17006815691178753,0.21487802062637354
126_0830_1300_539136F,0.11521390475546156,0.3528953597885671,0.2850571911333625,0.25105548522579707
127_0830_1300_539136F,0.3060217721012075,0.30171656160218274,0.22020335848365613,0.2759805640623488
128_0830_1300_539136F,0.17766570444688512,0.4406086832082356,0.26456235423434715,0.2942789139631559
130_0830_1300_539136F,0.22611056907526292,0.5269212237530544,0.2720714248446037,0.3417010725576404
131_0830_1300_539136F,0.23523156866348996,0.40627740130214,0.2316205213884027,0.2910431637846776
133_0830_1300_539136F,0.13335303582311778,0.0949034407164873,0.2584766465177094,0.16224437435243816
134_0830_1300_539136F,0.18687549037634552,0.441927328513704,0.22285701067825467,0.2838866098561014
135_0830_1300_539136F,0.24588973707408232,0.4287600866621204,0.1949234465658043,0.28985775676733566
136_0830_1300_539136F,0.10333741106255849,0.4938557090970876,0.18191301104440064,0.25970204373468225
137_0830_1300_539136F,0.14786077562275032,0.10355121132541124,0.28599503800214193,0.17913567498343452
138_0830_1300_539136F,,,,
2_0830_1300_9M4VCHG,0.2419203172391168,0.36086189688026926,0.20324368614392743,0.26867530008777113
3_0830_1300_9M4VCHG,0.14141832859872758,0.22138387940763807,0.08984546305288049,0.1508825570197487
4_0830_1300_9M4VCHG,0.23042460516932187,0.3300417993448674,0.1656370452103958,0.24203448324152835
5_0830_1300_9M4VCHG,0.13764290831390266,0.1770992822914419,0.05066710927760119,0.12180309996098193
6_0830_1300_9M4VCHG,0.07854160493643869,0.37817287781031467,0.16951198962682246,0.2087421574578586
7_0830_1300_9M4VCHG,0.3198017122477423,0.29377421427423206,0.20504178117613325,0.27287256923270253
8_0830_1300_9M4VCHG,0.11673295067505074,0.4005797393314494,0.39124672327897536,0.30285313776182515
9_0830_1300_9M4VCHG,0.3957923356033037,0.21626152592451123,0.08179107293061087,0.23128164481947525
10_0830_1300_9M4VCHG,0.16834764820934814,0.3651430681712266,0.20307129994327386,0.24552067210794956
11_0830_1300_9M4VCHG,0.2874213308397064,0.6500166846346341,0.1416806590804831,0.35970622485160786
12_0830_1300_9M4VCHG,0.29773952430542133,0.38341312753396645,0.2827600221889772,0.3213042246761217
13_0830_1300_9M4VCHG,0.1867074891779735,0.499183587043071,0.04082281618144839,0.2422379641341643
14_0830_1300_9M4VCHG,0.22922499396626606,0.24589947232354403,0.28507416973984623,0.2533995453432188
15_0830_1300_9M4VCHG,0.05591043409479345,0.44544148686452517,0.1736477467641719,0.22499988924116351
16_0830_1300_9M4VCHG,0.32524869635514614,0.26682215654958913,0.20542387140891213,0.26583157477121583
17_0830_1300_9M4VCHG,0.10432278294183299,0.5567364251369947,0.14548028412991246,0.2688464974029134
18_0830_1300_9M4VCHG,0.07998241882105957,0.2761454458689708,0.17033779055557416,0.17548855174853484
19_0830_1300_9M4VCHG,0.15820115380513397,0.3414473836802554,0.11118423348830876,0.20361092365789937
20_0830_1300_9M4VCHG,0.18154040377057587,0.5068101246666095,0.09126338036143665,0.259871302932874
21_0830_1300_9M4VCHG,0.12927024329165712,0.6065489876788427,0.1020088221842526,0.2792760177182508
22_0830_1300_9M4VCHG,0.034350135792344826,0.12784505674338142,0.1586818487935422,0.1069590137764228
23_0830_1300_9M4VCHG,0.0514948145399888,0.3519583092696911,0.20280693239769518,0.20208668540245836
24_0830_1300_9M4VCHG,0.035825973091407,0.18868178301278551,0.10252023093424793,0.10900932901281347
25_0830_1300_9M4VCHG,0.027748067060838526,0.43012525354141545,0.32549431099131,0.26112254386452133
26_0830_1300_9M4VCHG,,,,
27_0830_1300_9M4VCHG,0.09944719206453086,0.3948952683049723,0.2494199817288435,0.2479208140327822
28_0830_1300_9M4VCHG,0.10653210464921886,0.3864197698241723,0.11176413218973386,0.20157200222104166
29_0830_1300_9M4VCHG,0.06427414493186355,0.4384426465855029,0.11775287748196374,0.20682322299977673
30_0830_1300_9M4VCHG,0.08430743174555705,0.36710812176323154,0.12220781876168123,0.19120779075682326
31_0830_1300_9M4VCHG,0.2988902617518809,0.3212244891536391,0.1986205975320099,0.27291178281251
32_0830_1300_9M4VCHG,0.08733430067590515,0.262581012664237,0.18106825996714593,0.1769945244357627
33_0830_1300_9M4VCHG,,,,
34_0830_1300_9M4VCHG,0.12532329826540312,0.38772278345250016,0.12493965483322012,0.21266191218370778
35_0830_1300_9M4VCHG,,,,
36_0830_1300_9M4VCHG,,,,
37_0830_1300_9M4VCHG,0.13209133180988145,0.46096574015598385,0.16978194105070252,0.2542796710055226
38_0830_1300_9M4VCHG,0.2018474726708587,0.6488317150992763,0.35600262996531873,0.40222727257848456
39_0830_1300_9M4VCHG,0.15178020699930675,0.5011783512345783,0.18240696912972063,0.27845517578786855
40_0830_1300_9M4VCHG,,,,
41_0830_1300_9M4VCHG,0.11293830948895393,0.4316038784637109,0.12400641851172783,0.22284953548813088
42_0830_1300_9M4VCHG,,,,
43_0830_1300_9M4VCHG,0.09959240194333933,0.18292541352881622,0.14593040321391035,0.14281607289535528
44_0830_1300_9M4VCHG,0.1680799276224549,0.4206463880796687,0.293967923942303,0.2942314132148089
45_0830_1300_9M4VCHG,0.061739348631009966,0.3882446152840066,0.059762278574083984,0.16991541416303355
46_0830_1300_9M4VCHG,,,,
47_0830_1300_9M4VCHG,,,,
48_0830_1300_9M4VCHG,0.10554540599004968,0.2872130101523747,0.14225460126948838,0.1783376724706376
49_0830_1300_9M4VCHG,0.19910128432059368,0.31658849244705844,0.24502334576097562,0.2535710408428759
50_0830_1300_9M4VCHG,0.17022669629916978,0.21378820916863006,0.22208560112456444,0.20203350219745475
51_0830_1300_9M4VCHG,0.1058382901337238,0.17631382146388322,0.1861711589120799,0.1561077568365623
52_0830_1300_9M4VCHG,,,,
53_0830_1300_9M4VCHG,,,,
54_0830_1300_9M4VCHG,,,,
55_0830_1300_9M4VCHG,,,,
56_0830_1300_9M4VCHG,0.13832723659608825,0.17222657292933988,0.20927407781825705,0.17327596244789503
57_0830_1300_9M4VCHG,0.1827061802210319,0.316718162230954,0.026028222235937096,0.17515085489597434
58_0830_1300_9M4VCHG,,,,
59_0830_1300_9M4VCHG,0.24087118238113003,0.46084002347513336,0.312492522005104,0.33806790928712244
60_0830_1300_9M4VCHG,0.1974718894804662,0.34482886587745165,0.04726653493633623,0.1965224300980847
61_0830_1300_9M4VCHG,,,,
62_0830_1300_9M4VCHG,,,,
63_0830_1300_9M4VCHG,,,,
64_0830_1300_9M4VCHG,0.27114981969870194,0.1509445304890424,0.03951522071330296,0.15386985696701574
65_0830_1300_9M4VCHG,0.1946963062236825,0.47240951783671203,0.18834018079246959,0.28514866828428803
66_0830_1300_9M4VCHG,,,,
67_0830_1300_9M4VCHG,,,,
68_0830_1300_9M4VCHG,,,,
69_0830_1300_9M4VCHG,,,,
70_0830_1300_9M4VCHG,,,,
71_0830_1300_9M4VCHG,,,,
72_0830_1300_9M4VCHG,,,,
73_0830_1300_9M4VCHG,,,,
74_0830_1300_9M4VCHG,,,,
75_0830_1300_9M4VCHG,,,,
76_0830_1300_9M4VCHG,0.5355795761170501,0.4041628789780029,0.3470312232004507,0.42892455943183455
77_0830_1300_9M4VCHG,0.24115677211029285,0.4723827187478024,0.10636492394746955,0.2733014716018549
78_0830_1300_9M4VCHG,0.2835746239419557,0.10213566666221961,0.1014937041499331,0.1624013315847028
79_0830_1300_9M4VCHG,,,,
80_0830_1300_9M4VCHG,,,,
81_0830_1300_9M4VCHG,,,,
82_0830_1300_9M4VCHG,0.1407144769642796,0.3122271318566929,0.27448506076858203,0.2424755565298515
83_0830_1300_9M4VCHG,0.2124573533836823,0.20754037833932423,0.12234814154188894,0.18078195775496517
84_0830_1300_9M4VCHG,,,,
85_0830_1300_9M4VCHG,,,,
86_0830_1300_9M4VCHG,0.06018174299157498,0.5858113647541251,0.23254425361777908,0.2928457871211597
87_0830_1300_9M4VCHG,,,,
88_0830_1300_9M4VCHG,0.18163793121506147,0.14636388830622113,0.1667521687032861,0.16491799607485624
89_0830_1300_9M4VCHG,,,,
90_0830_1300_9M4VCHG,,,,
91_0830_1300_9M4VCHG,,,,
92_0830_1300_9M4VCHG,,,,
93_0830_1300_9M4VCHG,,,,
94_0830_1300_9M4VCHG,,,,
95_0830_1300_9M4VCHG,,,,
96_0830_1300_9M4VCHG,,,,
97_0830_1300_9M4VCHG,,,,
98_0830_1300_9M4VCHG,,,,
99_0830_1300_9M4VCHG,0.23486721162142568,0.3370995174324803,0.13356475220912342,0.2351771604210098
100_0830_1300_9M4VCHG,,,,
101_0830_1300_9M4VCHG,,,,
102_0830_1300_9M4VCHG,,,,
103_0830_1300_9M4VCHG,,,,
104_0830_1300_9M4VCHG,,,,
105_0830_1300_9M4VCHG,0.18498128445720696,0.17071529379254066,0.22314223987937898,0.19294627270970888
106_0830_1300_9M4VCHG,,,,
107_0830_1300_9M4VCHG,,,,
110_0830_1300_9M4VCHG,,,,
111_0830_1300_9M4VCHG,,,,
112_0830_1300_9M4VCHG,,,,
113_0830_1300_9M4VCHG,,,,
114_0830_1300_9M4VCHG,,,,
115_0830_1300_9M4VCHG,,,,
116_0830_1300_9M4VCHG,,,,
117_0830_1300_9M4VCHG,,,,
118_0830_1300_9M4VCHG,,,,
119_0830_1300_9M4VCHG,,,,
120_0830_1300_9M4VCHG,,,,
121_0830_1300_9M4VCHG,,,,
122_0830_1300_9M4VCHG,,,,
123_0830_1300_9M4VCHG,,,,
124_0830_1300_9M4VCHG,,,,
125_0830_1300_9M4VCHG,,,,
126_0830_1300_9M4VCHG,,,,
127_0830_1300_9M4VCHG,,,,
128_0830_1300_9M4VCHG,,,,
129_0830_1300_9M4VCHG,,,,
130_0830_1300_9M4VCHG,0.04796855115997386,0.13912834550151804,0.12745817740520923,0.10485169135556704
133_0830_1300_9M4VCHG,,,,
11_0830_1300_U9TEJGM,0.056418619324649165,0.4390354937234902,0.30964393131835344,0.26836601478883093
12_0830_1300_U9TEJGM,0.17724732715298053,0.2910645163289009,0.125292936054806,0.19786825984556247
13_0830_1300_U9TEJGM,0.24850296225773802,0.5064890842164266,0.17194567366229788,0.3089792400454875
14_0830_1300_U9TEJGM,0.2569288789181736,0.2808406521939146,0.07695855384609032,0.2049093616527262
15_0830_1300_U9TEJGM,0.11115357040675307,0.3041590998214622,0.36164423157320497,0.25898563393380675
16_0830_1300_U9TEJGM,0.02384122805127357,0.21021155282058557,0.3885142065609449,0.20752232914426802
17_0830_1300_U9TEJGM,0.009296693128660372,0.41418092768252096,0.08155279336947525,0.1683434713935522
18_0830_1300_U9TEJGM,0.2720765727963795,0.2908924103273031,0.1746537219475942,0.24587423502375894
19_0830_1300_U9TEJGM,0.34754413227331377,0.44116312550169584,0.22306909746125494,0.3372587850787549
20_0830_1300_U9TEJGM,0.20381035919881763,0.4023187790908838,0.4366400700550674,0.34758973611492294
21_0830_1300_U9TEJGM,0.22872495305285842,0.2708767414687026,0.1731845622724996,0.2242620855980202
22_0830_1300_U9TEJGM,0.16731739100360177,0.3969289570765304,0.11497518836554992,0.22640717881522734
24_0830_1300_U9TEJGM,0.04500319465425284,0.34852685434058445,0.1154388987020407,0.16965631589895933
25_0830_1300_U9TEJGM,0.14362011366684183,0.22722270808275494,0.10787317834891119,0.15957200003283598
26_0830_1300_U9TEJGM,0.11259154876325665,0.2897420297009334,0.2931865175599233,0.2318400320080378
27_0830_1300_U9TEJGM,0.03818130021531079,0.2989741770596331,0.22294504779501445,0.18670017502331945
28_0830_1300_U9TEJGM,,,,
29_0830_1300_U9TEJGM,0.08718901697930766,0.2992031106288913,0.186318054864857,0.1909033941576853
30_0830_1300_U9TEJGM,0.11754587136037085,0.377315767770761,0.316502499566318,0.27045471289914996
31_0830_1300_U9TEJGM,0.04220981342042753,0.26835966066337846,0.09751135789102978,0.13602694399161191
32_0830_1300_U9TEJGM,0.11740296020843234,0.5536343739359572,0.13475571762820118,0.26859768392419686
33_0830_1300_U9TEJGM,0.04841541113892197,0.2947850013488749,0.13995216061904872,0.16105085770228186
34_0830_1300_U9TEJGM,0.13865234933923426,0.48261826460763696,0.20524951573037575,0.27550670989241566
35_0830_1300_U9TEJGM,0.21770513995137278,0.39619740306901363,0.10426428667922188,0.23938894323320273
36_0830_1300_U9TEJGM,0.17746065422697935,0.4648907954200967,0.10704362271063939,0.2497983574525718
37_0830_1300_U9TEJGM,0.16876784809775122,0.41119309158055045,0.19579495763784963,0.25858529910538375
38_0830_1300_U9TEJGM,0.19532765598646962,0.1537346053749937,0.0648409410049011,0.1379677341221215
39_0830_1300_U9TEJGM,0.23846794539132535,0.20226635455139133,0.03940984772860908,0.16004804922377525
40_0830_1300_U9TEJGM,0.10035231244232296,0.2035157012149521,0.1647696669193395,0.15621256019220486
41_0830_1300_U9TEJGM,0.22205886061291844,0.5176541263981961,0.14345412666891452,0.29438903789334303
42_0830_1300_U9TEJGM,0.04498249678138624,0.12517785428995862,0.08942547445826386,0.08652860850986958
43_0830_1300_U9TEJGM,0.09851087291900378,0.30821038957169217,0.21115428479197285,0.2059585157608896
44_0830_1300_U9TEJGM,0.09722059226545571,0.2358142404063717,0.29304503694562145,0.20869328987248295
45_0830_1300_U9TEJGM,0.07309640594432625,0.23720463729557895,0.16120460477100176,0.157168549336969
46_0830_1300_U9TEJGM,0.10240525197524326,0.2923049212739394,0.0781679874593631,0.15762605356951526
47_0830_1300_U9TEJGM,0.25599023792081627,0.1992581810812641,0.23527343524843228,0.23017395141683752
48_0830_1300_U9TEJGM,0.11320740505751464,0.5254636777041551,0.17516903344730675,0.2712800387363255
49_0830_1300_U9TEJGM,0.1740992585671051,0.148578972591765,0.1824533776463528,0.1683772029350743
50_0830_1300_U9TEJGM,0.17866817695535783,0.22430879917124855,0.2895199686883427,0.23083231493831635
51_0830_1300_U9TEJGM,0.11411247027503156,0.33472610512970524,0.20024836737346877,0.21636231425940186
52_0830_1300_U9TEJGM,0.1276710269028348,0.2900207473322767,0.1340684417698403,0.18392007200165061
53_0830_1300_U9TEJGM,0.2050431363114491,0.4237168762550492,0.03249633111251048,0.22041878122633626
54_0830_1300_U9TEJGM,0.27366600185346013,0.6007745463755196,0.07557403141685844,0.31667152654861275
55_0830_1300_U9TEJGM,0.2880132582772105,0.33584084636635075,0.37214683070727284,0.3320003117836114
56_0830_1300_U9TEJGM,0.3340206818523845,0.39856850777834757,0.1508493406086939,0.29447951007980866
57_0830_1300_U9TEJGM,,,,
58_0830_1300_U9TEJGM,0.03267050936614763,0.3742107571742106,0.09203669667659009,0.16630598773898278
59_0830_1300_U9TEJGM,0.24266832580674688,0.4504498858996207,0.20932178569434975,0.3008133324669058
60_0830_1300_U9TEJGM,,,,
61_0830_1300_U9TEJGM,0.25618939287362213,0.4107707900782656,0.1575185877531994,0.2748262569016957
62_0830_1300_U9TEJGM,0.16561757839068256,0.4500879201354422,0.2538183190336308,0.2898412725199185
63_0830_1300_U9TEJGM,0.08573501938075319,0.22704994140938473,0.10170264076261966,0.13816253385091917
64_0830_1300_U9TEJGM,0.2395437055044433,0.4621309667736191,0.1628930126283499,0.2881892283021374
65_0830_1300_U9TEJGM,0.13307859505517147,0.5025650387390478,0.19852701595267155,0.2780568832489636
66_0830_1300_U9TEJGM,,,,
67_0830_1300_U9TEJGM,0.07332696513054171,0.3455094978209284,0.1101189415994444,0.17631846818363817
68_0830_1300_U9TEJGM,0.20915735434573465,0.16759780207687394,0.18510820831149633,0.18728778824470163
69_0830_1300_U9TEJGM,0.21478293108770405,0.3871459174658245,0.18722126396836072,0.26305003750729644
70_0830_1300_U9TEJGM,0.0549642019125191,0.33951278298810933,0.11993221250478237,0.17146973246847028
71_0830_1300_U9TEJGM,0.079543451023685,0.15360783855096116,0.11424708656367845,0.11579945871277486
72_0830_1300_U9TEJGM,0.02081995557673785,0.11540625804614485,0.19991417093160088,0.11204679485149453
73_0830_1300_U9TEJGM,,,,
74_0830_1300_U9TEJGM,,,,
75_0830_1300_U9TEJGM,0.1711441175352125,0.41865244806958773,0.08188100670611001,0.22389252410363672
76_0830_1300_U9TEJGM,0.20681980337972358,0.132165514039163,0.26879332778499293,0.20259288173462653
77_0830_1300_U9TEJGM,0.32359828946728425,0.1669163686400457,0.23044542565800988,0.24032002792177995
78_0830_1300_U9TEJGM,0.1928762555145026,0.41797049948025594,0.09474937242004249,0.235198709138267
79_0830_1300_U9TEJGM,,,,
80_0830_1300_U9TEJGM,0.09815171690903775,0.14621278429501983,0.14728137655688583,0.13054862592031446
81_0830_1300_U9TEJGM,,,,
82_0830_1300_U9TEJGM,,,,
83_0830_1300_U9TEJGM,0.10136848095765993,0.40290229723210236,0.15875810917637243,0.22100962912204491
84_0830_1300_U9TEJGM,0.12592845909383335,0.26387137997243554,0.1325007791430953,0.17410020606978807
85_0830_1300_U9TEJGM,,,,
86_0830_1300_U9TEJGM,,,,
87_0830_1300_U9TEJGM,0.1299974491493436,0.24465210453838995,0.26969708716703084,0.2147822136182548
88_0830_1300_U9TEJGM,,,,
89_0830_1300_U9TEJGM,,,,
90_0830_1300_U9TEJGM,0.1902093766985802,0.3381778349025109,0.2506340229684933,0.2596737448565281
91_0830_1300_U9TEJGM,,,,
92_0830_1300_U9TEJGM,0.2632301761293856,0.4030130184458239,0.07494282216933891,0.24706200558151611
93_0830_1300_U9TEJGM,0.10632822371881039,0.3450379922189554,0.03136516781753517,0.160910461251767
94_0830_1300_U9TEJGM,0.13022253858567387,0.5791410148681368,0.30697899473798024,0.33878084939726366
95_0830_1300_U9TEJGM,0.06060884965822796,0.17950071161020753,0.29140313355686753,0.17717089827510102
96_0830_1300_U9TEJGM,,,,
97_0830_1300_U9TEJGM,0.08564102345258638,0.39861441327991115,0.22153431309823848,0.2352632499435787
98_0830_1300_U9TEJGM,0.09275647044600906,0.47662744824989517,0.3178277694448548,0.295737229380253
99_0830_1300_U9TEJGM,0.2315969676480966,0.3793555448296777,0.07741521528954017,0.2294559092557715
100_0830_1300_U9TEJGM,0.18890576516878144,0.3879371509886085,0.08998018257692285,0.22227436624477093
101_0830_1300_U9TEJGM,,,,
102_0830_1300_U9TEJGM,,,,
103_0830_1300_U9TEJGM,0.09865372540966594,0.1921692609474417,0.1332165482664806,0.14134651154119607
104_0830_1300_U9TEJGM,,,,
105_0830_1300_U9TEJGM,0.15130320189296073,0.1200923869237029,0.1162195547947147,0.12920504787045944
106_0830_1300_U9TEJGM,0.18310651419289625,0.5690197102216138,0.13412808994387715,0.29541810478612907
107_0830_1300_U9TEJGM,,,,
108_0830_1300_U9TEJGM,0.12855858639006357,0.4445722937815037,0.26804815318786984,0.28039301111981235
109_0830_1300_U9TEJGM,0.17738976206852244,0.27876803077173323,0.15771584217520926,0.204624545005155
110_0830_1300_U9TEJGM,0.0764859838431473,0.3325559078705585,0.20421614575528305,0.20441934582299628
111_0830_1300_U9TEJGM,,,,
112_0830_1300_U9TEJGM,0.061751359136984624,0.09571125621290666,0.3363684291001349,0.16461034815000875
113_0830_1300_U9TEJGM,0.3337827683211814,0.4002261994394622,0.10448297073234795,0.27949731283099716
114_0830_1300_U9TEJGM,0.1371902861034641,0.16788147911817675,0.2658903035546243,0.19032068959208837
115_0830_1300_U9TEJGM,0.2798677325519511,0.3012350929845611,0.09074128917671864,0.2239480382377436
116_0830_1300_U9TEJGM,0.12327833346413179,0.4249974680373818,0.20762604813899713,0.25196728321350353
117_0830_1300_U9TEJGM,0.20993826150646552,0.5595693854254016,0.28651712152211356,0.3520082561513269
118_0830_1300_U9TEJGM,0.16699454653330545,0.2900256364341409,0.2821719656879884,0.24639738288514493
119_0830_1300_U9TEJGM,0.13218845209877458,0.40540024658096735,0.21794939102706148,0.2518460299022678
120_0830_1300_U9TEJGM,,,,
121_0830_1300_U9TEJGM,,,,
122_0830_1300_U9TEJGM,0.21993530877558753,0.5412640162821369,0.1916614296324688,0.31762025156339774
123_0830_1300_U9TEJGM,0.1848171493910821,0.21802395394999688,0.06269825374000466,0.15517978569369453
124_0830_1300_U9TEJGM,,,,
125_0830_1300_U9TEJGM,,,,
126_0830_1300_U9TEJGM,0.16938881235955347,0.1052975184873985,0.07384646069377733,0.1161775971802431
127_0830_1300_U9TEJGM,,,,
128_0830_1300_U9TEJGM,,,,
129_0830_1300_U9TEJGM,,,,
130_0830_1300_U9TEJGM,,,,
131_0830_1300_U9TEJGM,0.1932605252044616,0.08127453525803427,0.1598573561245162,0.1447974721956707
132_0830_1300_U9TEJGM,,,,
133_0830_1300_U9TEJGM,,,,
134_0830_1300_U9TEJGM,0.11757832411708423,0.2327227029794421,0.19697961557214871,0.18242688088955836
135_0830_1300_U9TEJGM,0.14831907874086112,0.2645418069826773,0.16638575874592543,0.1930822148231546
136_0830_1300_U9TEJGM,,,,
137_0830_1300_U9TEJGM,,,,
138_0830_1300_U9TEJGM,0.4566048237958306,0.4508952794596781,0.22647533855712212,0.3779918139375436
139_0830_1300_U9TEJGM,,,,
140_0830_1300_U9TEJGM,0.034858723227000406,0.1352151919841425,0.2236781404236794,0.13125068521160743
141_0830_1300_U9TEJGM,,,,
142_0830_1300_U9TEJGM,,,,
143_0830_1300_U9TEJGM,,,,
144_0830_1300_U9TEJGM,,,,
0_0831_1300_539136F,,,,
1_0831_1300_539136F,0.17565352153113326,0.7037703024927678,0.4623477442568344,0.4472571894269118
2_0831_1300_539136F,0.40159401431027913,0.6307985545011673,0.21190784259320025,0.41476680380154884
3_0831_1300_539136F,0.32474222016921156,0.566519638556329,0.22458029817853786,0.3719473856346928
4_0831_1300_539136F,,,,
5_0831_1300_539136F,,,,
6_0831_1300_539136F,,,,
7_0831_1300_539136F,0.2730343069057501,0.4010421328143183,0.5309900920637546,0.40168884392794096
8_0831_1300_539136F,0.2810188716346303,0.3771445896259192,0.24250022204739183,0.30022122776931376
9_0831_1300_539136F,0.5645076702379882,0.499019677506992,0.24060588295354698,0.43471107689950905
10_0831_1300_539136F,0.4432772439470341,0.4773024526271343,0.271969370460384,0.39751635567818416
11_0831_1300_539136F,0.3399060070026782,0.5093369319653746,0.12881036561009018,0.3260177681927143
12_0831_1300_539136F,0.43649595269240754,0.6235175234813911,0.2882439447944299,0.4494191403227428
13_0831_1300_539136F,,,,
14_0831_1300_539136F,,,,
15_0831_1300_539136F,,,,
16_0831_1300_539136F,0.3465057425433821,0.44986187628903695,0.3168895101989036,0.3710857096771076
17_0831_1300_539136F,,,,
18_0831_1300_539136F,,,,
19_0831_1300_539136F,0.36316203006599723,0.5476328992560977,0.40695314931631854,0.4392493595461378
20_0831_1300_539136F,0.5048289678262687,0.5140941355438086,0.26716032678080126,0.42869447671695954
21_0831_1300_539136F,0.487745041770369,0.3717890086059048,0.27667577317778264,0.37873660785135216
22_0831_1300_539136F,,,,
23_0831_1300_539136F,,,,
24_0831_1300_539136F,,,,
25_0831_1300_539136F,,,,
26_0831_1300_539136F,0.26395177017268806,0.45015347764577146,0.23663160228397054,0.3169122833674767
27_0831_1300_539136F,,,,
28_0831_1300_539136F,0.47141413263569976,0.3741337709528185,0.32198131703929905,0.38917640687593913
29_0831_1300_539136F,0.5572101898720245,0.5815449475282342,0.4296394635866531,0.5227982003289706
30_0831_1300_539136F,0.5695014597479495,0.3692412707666994,0.45056658227251695,0.4631031042623886
31_0831_1300_539136F,,,,
32_0831_1300_539136F,0.44034574984578306,0.5007581255653258,0.19499100427121477,0.37869829322744125
33_0831_1300_539136F,0.13866745276724537,0.3811333776023214,0.42784491123581686,0.3158819138684612
34_0831_1300_539136F,0.577306444649727,0.4037563802970015,0.11307741890880858,0.3647134146185124
35_0831_1300_539136F,0.4943103270005185,0.48697239812133825,0.2816805720177718,0.4209877657132095
36_0831_1300_539136F,0.5189674281245397,0.1850250347361,0.1081303839656617,0.2707076156087671
37_0831_1300_539136F,0.24926730436146283,0.6071674124174421,0.2839915205544697,0.3801420791111249
38_0831_1300_539136F,0.5024148417536803,0.4724866472396048,0.2824545480698401,0.4191186790210418
39_0831_1300_539136F,0.1383050348502237,0.5317840591771321,0.587828230702969,0.4193057749101083
40_0831_1300_539136F,0.4129631191502902,0.4182876973954451,0.3688986481356542,0.40004982156046315
41_0831_1300_539136F,0.2724810628906128,0.5947468121731764,0.2903618655204336,0.3858632468614076
42_0831_1300_539136F,,,,
43_0831_1300_539136F,0.6846620667984985,0.6399647822457433,0.38056524830226474,0.5683973657821689
44_0831_1300_539136F,,,,
45_0831_1300_539136F,0.4014633230523231,0.36035782866241806,0.15570375415825602,0.305841635290999
46_0831_1300_539136F,0.4435423060487563,0.23904535748922018,0.09235381563341011,0.25831382639046213
47_0831_1300_539136F,0.4698263246265347,0.6391743892571701,0.1228268471536396,0.41060918701244814
48_0831_1300_539136F,0.3764772268184598,0.4601674730684527,0.26034201126439943,0.36566223705043727
49_0831_1300_539136F,,,,
50_0831_1300_539136F,,,,
51_0831_1300_539136F,,,,
52_0831_1300_539136F,,,,
53_0831_1300_539136F,,,,
54_0831_1300_539136F,0.33584340286362996,0.5167780825231559,0.3660261007208156,0.4062158620358672
55_0831_1300_539136F,,,,
56_0831_1300_539136F,0.48605271763675056,0.3367907758990196,0.11924853636304837,0.31403067663293954
57_0831_1300_539136F,0.3966543870216615,0.3941816962433519,0.33104028348298215,0.37395878891599854
58_0831_1300_539136F,,,,
59_0831_1300_539136F,0.2835668590160951,0.5688865720177273,0.4325155738058868,0.4283230016132364
60_0831_1300_539136F,,,,
61_0831_1300_539136F,0.3229910175389678,0.33172713324999853,0.3702122274148871,0.3416434594012845
62_0831_1300_539136F,,,,
63_0831_1300_539136F,,,,
64_0831_1300_539136F,,,,
65_0831_1300_539136F,0.19962648377589018,0.5126180027935723,0.30489726975936166,0.339047252109608
66_0831_1300_539136F,,,,
67_0831_1300_539136F,0.19566248962129715,0.5210567585707729,0.29307839966928256,0.3365992159537842
68_0831_1300_539136F,,,,
69_0831_1300_539136F,,,,
70_0831_1300_539136F,,,,
71_0831_1300_539136F,0.24123501486249585,0.4122007278947752,0.4433876387933857,0.3656077938502189
72_0831_1300_539136F,,,,
73_0831_1300_539136F,0.42171505091942074,0.6490391950476697,0.36670216709723186,0.47915213768810744
74_0831_1300_539136F,0.2563869585047747,0.5891819169671685,0.39765030739174917,0.4144063942878975
75_0831_1300_539136F,0.4653532247592676,0.5065442656481173,0.3090851177341764,0.4269942027138538
76_0831_1300_539136F,,,,
77_0831_1300_539136F,,,,
78_0831_1300_539136F,0.36179905947210167,0.4837198675330696,0.2805524115747637,0.37535711285997836
79_0831_1300_539136F,0.536127114219252,0.5197480840622898,0.12054722475800517,0.392140807679849
80_0831_1300_539136F,,,,
81_0831_1300_539136F,0.300309589802112,0.6465515945850546,0.2711071892699891,0.4059894578857186
83_0831_1300_539136F,,,,
84_0831_1300_539136F,,,,
85_0831_1300_539136F,0.32376849765716753,0.716531348858987,0.5183904046747861,0.519563417063647
86_0831_1300_539136F,,,,
87_0831_1300_539136F,,,,
88_0831_1300_539136F,0.5132063541533983,0.3996199720510731,0.14859055350359648,0.35380562656935594
89_0831_1300_539136F,0.3239459406000306,0.5705835485990535,0.23148788918551655,0.3753391261282002
90_0831_1300_539136F,,,,
91_0831_1300_539136F,,,,
92_0831_1300_539136F,0.26334620313326423,0.5866629139095323,0.21696586852176672,0.3556583285215211
93_0831_1300_539136F,,,,
94_0831_1300_539136F,,,,
95_0831_1300_539136F,,,,
96_0831_1300_539136F,,,,
97_0831_1300_539136F,,,,
98_0831_1300_539136F,,,,
99_0831_1300_539136F,0.2467696368283648,0.72319612593322,0.504599417128205,0.49152172662992993
100_0831_1300_539136F,0.5244871252147676,0.45180157026794787,0.13005392990418818,0.3687808751289679
101_0831_1300_539136F,,,,
102_0831_1300_539136F,,,,
103_0831_1300_539136F,,,,
104_0831_1300_539136F,,,,
105_0831_1300_539136F,,,,
106_0831_1300_539136F,0.5878792576603513,0.2730662653326684,0.2286065145692787,0.36318401252076615
107_0831_1300_539136F,,,,
108_0831_1300_539136F,,,,
109_0831_1300_539136F,,,,
110_0831_1300_539136F,0.2081962805884842,0.5978136213144013,0.24844523303685453,0.35148504497991334
111_0831_1300_539136F,0.29296722659961394,0.5284116937028486,0.5799161082633896,0.467098342855284
112_0831_1300_539136F,0.408225870149338,0.6770730367847165,0.36185569840437687,0.48238486844614376
113_0831_1300_539136F,,,,
114_0831_1300_539136F,,,,
115_0831_1300_539136F,0.4195300267476296,0.5069475807932077,0.030186256798046693,0.318887954779628
116_0831_1300_539136F,,,,
117_0831_1300_539136F,,,,
118_0831_1300_539136F,,,,
119_0831_1300_539136F,,,,
120_0831_1300_539136F,0.5315011072769495,0.3931211448509697,0.08284357904476965,0.33582194372422963
121_0831_1300_539136F,,,,
122_0831_1300_539136F,0.40008665744781374,0.6704702349333246,0.39384206125793647,0.4881329845463583
123_0831_1300_539136F,0.4185369432372223,0.4388565355644681,0.24826251349709538,0.3685519974329286
124_0831_1300_539136F,0.8673153743893248,0.33757521291551423,0.3046955205917133,0.5031953692988508
125_0831_1300_539136F,0.3446689105487624,0.544769903057571,0.09840929978525632,0.32928270446386326
126_0831_1300_539136F,,,,
127_0831_1300_539136F,,,,
128_0831_1300_539136F,,,,
129_0831_1300_539136F,,,,
130_0831_1300_539136F,,,,
131_0831_1300_539136F,,,,
0_0831_1300_9M4VCHG,0.2714392498407661,0.24567622023054803,0.16619747314658964,0.22777098107263458
1_0831_1300_9M4VCHG,,,,
2_0831_1300_9M4VCHG,0.14830679071157193,0.0906891235011108,0.02316786949072178,0.08738792790113485
3_0831_1300_9M4VCHG,,,,
4_0831_1300_9M4VCHG,,,,
5_0831_1300_9M4VCHG,,,,
6_0831_1300_9M4VCHG,,,,
7_0831_1300_9M4VCHG,,,,
8_0831_1300_9M4VCHG,,,,
9_0831_1300_9M4VCHG,,,,
10_0831_1300_9M4VCHG,,,,
11_0831_1300_9M4VCHG,,,,
12_0831_1300_9M4VCHG,,,,
13_0831_1300_9M4VCHG,,,,
14_0831_1300_9M4VCHG,,,,
15_0831_1300_9M4VCHG,,,,
16_0831_1300_9M4VCHG,0.10385083302095556,0.32188690616972243,0.093631375650208,0.17312303828029532
17_0831_1300_9M4VCHG,,,,
18_0831_1300_9M4VCHG,,,,
19_0831_1300_9M4VCHG,,,,
20_0831_1300_9M4VCHG,,,,
21_0831_1300_9M4VCHG,,,,
22_0831_1300_9M4VCHG,,,,
23_0831_1300_9M4VCHG,0.2771476991661878,0.20652883563780577,0.08425859598667614,0.18931171026355656
24_0831_1300_9M4VCHG,0.039643483551383175,0.35085909647694064,0.5983100700874929,0.32960421670527223
25_0831_1300_9M4VCHG,,,,
26_0831_1300_9M4VCHG,0.13608454908415415,0.08892075136159609,0.1814206988889754,0.13547533311157522
27_0831_1300_9M4VCHG,0.2190471054974005,0.3467706285291956,0.1413211911821157,0.2357129750695706
28_0831_1300_9M4VCHG,,,,
29_0831_1300_9M4VCHG,,,,
30_0831_1300_9M4VCHG,0.03914695060866879,0.13683101930858685,0.04016521182211966,0.07204772724645843
31_0831_1300_9M4VCHG,,,,
32_0831_1300_9M4VCHG,,,,
33_0831_1300_9M4VCHG,,,,
34_0831_1300_9M4VCHG,,,,
35_0831_1300_9M4VCHG,,,,
36_0831_1300_9M4VCHG,,,,
37_0831_1300_9M4VCHG,,,,
38_0831_1300_9M4VCHG,,,,
39_0831_1300_9M4VCHG,,,,
40_0831_1300_9M4VCHG,,,,
41_0831_1300_9M4VCHG,,,,
42_0831_1300_9M4VCHG,,,,
43_0831_1300_9M4VCHG,,,,
44_0831_1300_9M4VCHG,0.12859794761331558,0.24272383709546128,0.32697249419657176,0.2327647596351162
45_0831_1300_9M4VCHG,,,,
46_0831_1300_9M4VCHG,,,,
47_0831_1300_9M4VCHG,,,,
48_0831_1300_9M4VCHG,,,,
49_0831_1300_9M4VCHG,,,,
50_0831_1300_9M4VCHG,0.19887759239691796,0.14120414784309349,0.15793593845378615,0.16600589289793255
51_0831_1300_9M4VCHG,0.17114549825631228,0.18971820935957784,0.24412057863909498,0.2016614287516617
52_0831_1300_9M4VCHG,,,,
53_0831_1300_9M4VCHG,,,,
54_0831_1300_9M4VCHG,,,,
55_0831_1300_9M4VCHG,,,,
56_0831_1300_9M4VCHG,,,,
57_0831_1300_9M4VCHG,,,,
58_0831_1300_9M4VCHG,0.13177571209321537,0.24100338275473554,0.019280804383708734,0.13068663307721987
59_0831_1300_9M4VCHG,,,,
60_0831_1300_9M4VCHG,0.09690589338910577,0.43347166085421646,0.34001648096848763,0.2901313450706033
61_0831_1300_9M4VCHG,,,,
62_0831_1300_9M4VCHG,,,,
63_0831_1300_9M4VCHG,,,,
64_0831_1300_9M4VCHG,,,,
65_0831_1300_9M4VCHG,,,,
66_0831_1300_9M4VCHG,0.21538437537411567,0.38997974721879025,0.16494632605607257,0.2567701495496595
67_0831_1300_9M4VCHG,,,,
68_0831_1300_9M4VCHG,,,,
69_0831_1300_9M4VCHG,,,,
71_0831_1300_9M4VCHG,,,,
72_0831_1300_9M4VCHG,0.14030362203465216,0.24903898682413841,0.09325656406461125,0.16086639097446728
73_0831_1300_9M4VCHG,,,,
74_0831_1300_9M4VCHG,,,,
75_0831_1300_9M4VCHG,0.24584648804083384,0.17167110936021504,0.08711598241312339,0.16821119327139075
76_0831_1300_9M4VCHG,,,,
77_0831_1300_9M4VCHG,,,,
79_0831_1300_9M4VCHG,,,,
81_0831_1300_9M4VCHG,0.17214083845145564,0.4140769371849096,0.09986844463262336,0.22869540675632952
82_0831_1300_9M4VCHG,,,,
83_0831_1300_9M4VCHG,0.15379805254774181,0.24795556697018473,0.16438235127073564,0.1887119902628874
84_0831_1300_9M4VCHG,,,,
85_0831_1300_9M4VCHG,,,,
86_0831_1300_9M4VCHG,,,,
87_0831_1300_9M4VCHG,,,,
88_0831_1300_9M4VCHG,,,,
89_0831_1300_9M4VCHG,,,,
90_0831_1300_9M4VCHG,,,,
91_0831_1300_9M4VCHG,,,,
92_0831_1300_9M4VCHG,,,,
93_0831_1300_9M4VCHG,0.2088889475021715,0.20527867100557184,0.11879856507288426,0.17765539452687584
94_0831_1300_9M4VCHG,,,,
95_0831_1300_9M4VCHG,,,,
96_0831_1300_9M4VCHG,,,,
97_0831_1300_9M4VCHG,0.12052530676798022,0.06999478114128856,0.23274923231403785,0.14108977340776888
98_0831_1300_9M4VCHG,0.09736281374565715,0.1072642058992694,0.052108741474855835,0.08557858703992745
99_0831_1300_9M4VCHG,,,,
100_0831_1300_9M4VCHG,,,,
101_0831_1300_9M4VCHG,0.11916553956733704,0.11464578629828508,0.1451126497674431,0.1263079918776884
102_0831_1300_9M4VCHG,,,,
103_0831_1300_9M4VCHG,,,,
104_0831_1300_9M4VCHG,,,,
105_0831_1300_9M4VCHG,,,,
106_0831_1300_9M4VCHG,0.14776105093330166,0.14464485150171225,0.1303693510815469,0.14092508450552027
107_0831_1300_9M4VCHG,0.19398610028936514,0.1370217757128945,0.02923142412710193,0.1200797667097872
108_0831_1300_9M4VCHG,0.16175490218713015,0.10852537006853608,0.2224645112856977,0.16424826118045463
109_0831_1300_9M4VCHG,,,,
110_0831_1300_9M4VCHG,,,,
111_0831_1300_9M4VCHG,,,,
112_0831_1300_9M4VCHG,,,,
113_0831_1300_9M4VCHG,0.137823652113694,0.5385374569880903,0.2195931206513594,0.29865140991771455
114_0831_1300_9M4VCHG,0.3176368698300825,0.16340955315129926,0.22016113199177276,0.23373585165771818
115_0831_1300_9M4VCHG,0.2355845736535763,0.4115979127173685,0.16774634185480544,0.27164294274191675
116_0831_1300_9M4VCHG,,,,
117_0831_1300_9M4VCHG,,,,
118_0831_1300_9M4VCHG,0.5187663519438029,0.48104028646879887,0.21575865390014518,0.4051884307709157
119_0831_1300_9M4VCHG,0.24190114264917292,0.12201650560758585,0.13853950966283535,0.16748571930653136
120_0831_1300_9M4VCHG,,,,
121_0831_1300_9M4VCHG,,,,
122_0831_1300_9M4VCHG,,,,
123_0831_1300_9M4VCHG,,,,
124_0831_1300_9M4VCHG,,,,
125_0831_1300_9M4VCHG,,,,
126_0831_1300_9M4VCHG,,,,
127_0831_1300_9M4VCHG,0.1669305608885958,0.16494175893903204,0.09111713999274189,0.14099648660678993
128_0831_1300_9M4VCHG,0.1554616621105468,0.40981921011433114,0.45845674280905624,0.34124587167797804
129_0831_1300_9M4VCHG,,,,
130_0831_1300_9M4VCHG,,,,
131_0831_1300_9M4VCHG,,,,
0_0831_1300_U9TEJGM,0.22220793474850167,0.29305257585467864,0.3744858572833616,0.2965821226288473
1_0831_1300_U9TEJGM,,,,
2_0831_1300_U9TEJGM,0.26335098167763354,0.10933502937635402,0.45681369812242156,0.27649990305880306
3_0831_1300_U9TEJGM,0.28287490661120457,0.24873697491315694,0.1674002260001901,0.23300403584151722
4_0831_1300_U9TEJGM,0.10130245272943951,0.19040111640696952,0.2553440061550111,0.1823491917638067
5_0831_1300_U9TEJGM,0.3051883376303745,0.1905749818742287,0.4321921693937933,0.3093184962994655
6_0831_1300_U9TEJGM,0.22841122325429875,0.4289038290482082,0.28858695193878775,0.31530066808043156
7_0831_1300_U9TEJGM,0.2124722513137479,0.1940872185714059,0.5953303811017601,0.3339632836623046
8_0831_1300_U9TEJGM,0.14671892320205723,0.06381506485371964,0.15320502028701452,0.12124633611426379
9_0831_1300_U9TEJGM,0.4070301098317297,0.26964116972897906,0.5383941228465651,0.4050218008024246
10_0831_1300_U9TEJGM,0.053487300227922974,0.15714650450468134,0.5297407225357631,0.2467915090894558
11_0831_1300_U9TEJGM,0.11092518413338699,0.2169205601181002,0.18910384688357199,0.17231653037835307
12_0831_1300_U9TEJGM,0.1924842285040894,0.10506087408151205,0.4284710668044496,0.24200538979668365
13_0831_1300_U9TEJGM,,,,
14_0831_1300_U9TEJGM,0.1402958177118002,0.3376048996971259,0.41418193437271494,0.2973608839272137
15_0831_1300_U9TEJGM,,,,
16_0831_1300_U9TEJGM,0.3972750147072583,0.1654639161087748,0.5669911903245101,0.37657670704684776
17_0831_1300_U9TEJGM,,,,
18_0831_1300_U9TEJGM,,,,
19_0831_1300_U9TEJGM,,,,
20_0831_1300_U9TEJGM,0.43779154197866726,0.21340463358417047,0.5739203063779835,0.40837216064694043
21_0831_1300_U9TEJGM,0.27232031726912437,0.20243907043776532,0.40553859737594417,0.29343266169427795
22_0831_1300_U9TEJGM,,,,
23_0831_1300_U9TEJGM,0.11322003346272295,0.3634904805634805,0.34300935363334895,0.27323995588651745
24_0831_1300_U9TEJGM,0.11513270504821149,0.3503370615383601,0.43292472761175116,0.2994648313994409
25_0831_1300_U9TEJGM,,,,
26_0831_1300_U9TEJGM,0.389197964205593,0.12280045301152699,0.5216448630621325,0.3445477600930842
27_0831_1300_U9TEJGM,0.022576966426035305,0.23123398287160404,0.15038996082022918,0.13473363670595617
28_0831_1300_U9TEJGM,0.12528500452442348,0.12724272447313012,0.21322452400899017,0.15525075100218125
29_0831_1300_U9TEJGM,0.21593702171887144,0.41472655794297353,0.3607898875577309,0.33048448907319194
30_0831_1300_U9TEJGM,0.4450235974016299,0.5918516626229143,0.5410561283909604,0.5259771294718348
31_0831_1300_U9TEJGM,0.14793968751875358,0.07855268174340821,0.5314112322976852,0.25263453385328233
32_0831_1300_U9TEJGM,0.1529525142182453,0.4700280211318493,0.3112055920629601,0.31139537580435156
33_0831_1300_U9TEJGM,0.09614223288049627,0.11513036308389128,0.32587037814885417,0.17904765803774725
34_0831_1300_U9TEJGM,0.2170865386988935,0.42800231158061325,0.17848757780995098,0.2745254760298192
35_0831_1300_U9TEJGM,,,,
36_0831_1300_U9TEJGM,0.29421888809058516,0.18234067248819155,0.4484641811289503,0.308341247235909
37_0831_1300_U9TEJGM,0.24643332549484018,0.2668564653452239,0.8298514244083877,0.44771373841615053
38_0831_1300_U9TEJGM,0.14034833147264397,0.12102311816737925,0.29464009592214996,0.18533718185405776
39_0831_1300_U9TEJGM,,,,
40_0831_1300_U9TEJGM,0.1977960849407049,0.15686878708016597,0.37481995579072575,0.2431616092705322
41_0831_1300_U9TEJGM,0.08941438004623015,0.4733754267550629,0.1738026907979158,0.24553083253306962
42_0831_1300_U9TEJGM,,,,
43_0831_1300_U9TEJGM,0.26159656555618954,0.38531128864114345,0.5061492172210005,0.3843523571394445
44_0831_1300_U9TEJGM,,,,
45_0831_1300_U9TEJGM,0.11391605359448431,0.07216366119853017,0.30387178743675375,0.16331716740992275
46_0831_1300_U9TEJGM,,,,
47_0831_1300_U9TEJGM,0.0670117104665925,0.20733268136652602,0.520502272575459,0.2649488881361925
48_0831_1300_U9TEJGM,0.35998766163267343,0.331689622847205,0.35154150448234844,0.3477395963207423
49_0831_1300_U9TEJGM,0.33802767123032834,0.5183579696530223,0.3095055758235122,0.38863040556895423
50_0831_1300_U9TEJGM,,,,
51_0831_1300_U9TEJGM,0.21540970784567504,0.42379452643159093,0.4000803660206825,0.34642820009931613
52_0831_1300_U9TEJGM,,,,
53_0831_1300_U9TEJGM,0.12987495192738283,0.1496423197650751,0.5393474913301883,0.27295492100754876
54_0831_1300_U9TEJGM,0.256928730156861,0.08841555524048213,0.4179703845045329,0.2544382233006253
55_0831_1300_U9TEJGM,0.03776495410594597,0.12757139748400492,0.2591850158625988,0.1415071224841832
56_0831_1300_U9TEJGM,0.2870311122603451,0.23131222741613502,0.3606587213005474,0.2930006869923425
57_0831_1300_U9TEJGM,0.17490232351315013,0.3486689426302423,0.37201978781620954,0.2985303513198673
58_0831_1300_U9TEJGM,0.24049962099618574,0.2236799034967066,0.5270200875117181,0.3303998706682035
59_0831_1300_U9TEJGM,0.15666364408849223,0.18755419651491514,0.22575814872233635,0.18999199644191456
60_0831_1300_U9TEJGM,,,,
61_0831_1300_U9TEJGM,0.055696628816252654,0.2731948646568016,0.49993722844211436,0.27627624063838957
62_0831_1300_U9TEJGM,0.13904129462778592,0.39054903200344687,0.27475456591769326,0.26811496418297537
63_0831_1300_U9TEJGM,0.03413947523867217,0.17611595385023682,0.35911037684841124,0.18978860197910674
64_0831_1300_U9TEJGM,,,,
65_0831_1300_U9TEJGM,,,,
66_0831_1300_U9TEJGM,,,,
67_0831_1300_U9TEJGM,0.3537301046849132,0.1921502453206456,0.36511783054884867,0.30366606018480247
68_0831_1300_U9TEJGM,,,,
69_0831_1300_U9TEJGM,0.18992124718590486,0.15080354274364466,0.1761779718665931,0.17230092059871419
70_0831_1300_U9TEJGM,0.15938946503507134,0.2939265116628842,0.4950632756781738,0.3161264174587098
71_0831_1300_U9TEJGM,0.12048632978278616,0.08467336544646308,0.39148048577096056,0.19888006033340325
72_0831_1300_U9TEJGM,0.24710547439077565,0.07521564910262446,0.3108361356892838,0.2110524197275613
73_0831_1300_U9TEJGM,,,,
74_0831_1300_U9TEJGM,0.4990782685344611,0.46367864288515276,0.40995042503505436,0.4575691121515561
75_0831_1300_U9TEJGM,,,,
76_0831_1300_U9TEJGM,,,,
77_0831_1300_U9TEJGM,,,,
78_0831_1300_U9TEJGM,,,,
79_0831_1300_U9TEJGM,0.08568818176073138,0.25735509195268463,0.24943303090009916,0.1974921015378384
80_0831_1300_U9TEJGM,,,,
81_0831_1300_U9TEJGM,,,,
82_0831_1300_U9TEJGM,,,,
83_0831_1300_U9TEJGM,,,,
84_0831_1300_U9TEJGM,,,,
85_0831_1300_U9TEJGM,0.11540797955407918,0.3441624313010259,0.32622811025755477,0.26193284037088665
86_0831_1300_U9TEJGM,0.20694533735850965,0.2471504518917942,0.47830403496445384,0.31079994140491923
87_0831_1300_U9TEJGM,0.019426449898997705,0.255021451729144,0.24643756466790237,0.173628488765348
88_0831_1300_U9TEJGM,,,,
89_0831_1300_U9TEJGM,,,,
90_0831_1300_U9TEJGM,0.279127354359289,0.05642197543156622,0.4823427931357502,0.2726307076422018
91_0831_1300_U9TEJGM,0.14421755136095618,0.12896285747980393,0.3724880846328427,0.21522283115786758
92_0831_1300_U9TEJGM,,,,
93_0831_1300_U9TEJGM,0.1509177779537005,0.06740903974678739,0.2363508483178852,0.15155922200612437
94_0831_1300_U9TEJGM,,,,
95_0831_1300_U9TEJGM,0.12282960728589983,0.32868742358848413,0.5172235933971527,0.32291354142384554
96_0831_1300_U9TEJGM,,,,
97_0831_1300_U9TEJGM,,,,
98_0831_1300_U9TEJGM,0.06710440127403329,0.13428712456611266,0.22467381786271276,0.14202178123428624
99_0831_1300_U9TEJGM,0.12004277842999435,0.0932153648422938,0.43164312440984537,0.21496708922737784
100_0831_1300_U9TEJGM,0.10431729208199347,0.11773812555809389,0.23568144363947874,0.15257895375985536
101_0831_1300_U9TEJGM,,,,
102_0831_1300_U9TEJGM,,,,
103_0831_1300_U9TEJGM,,,,
104_0831_1300_U9TEJGM,,,,
105_0831_1300_U9TEJGM,,,,
106_0831_1300_U9TEJGM,,,,
107_0831_1300_U9TEJGM,0.03923060672966399,0.3821937893908542,0.48872328166874607,0.3033825592630881
108_0831_1300_U9TEJGM,,,,
109_0831_1300_U9TEJGM,,,,
110_0831_1300_U9TEJGM,0.13697088583906114,0.07325787021544217,0.24929363624239456,0.1531741307656326
111_0831_1300_U9TEJGM,0.14714564733911342,0.24395197176026517,0.5235074789765792,0.30486836602531925
112_0831_1300_U9TEJGM,,,,
113_0831_1300_U9TEJGM,0.07489346969606357,0.23517809661502065,0.54369731011172,0.2845896254742681
114_0831_1300_U9TEJGM,0.042384677336920785,0.04342740947566132,0.4319405334427396,0.17258420675177388
115_0831_1300_U9TEJGM,0.06699375114110145,0.09765636859050658,0.2957545187051885,0.1534682128122655
116_0831_1300_U9TEJGM,0.16050303892159948,0.3715144592847546,0.3938154655851373,0.30861098793049707
117_0831_1300_U9TEJGM,,,,
118_0831_1300_U9TEJGM,,,,
119_0831_1300_U9TEJGM,,,,
120_0831_1300_U9TEJGM,,,,
121_0831_1300_U9TEJGM,,,,
122_0831_1300_U9TEJGM,0.06349111968655097,0.10209461767759338,0.3746732174542116,0.18008631827278532
123_0831_1300_U9TEJGM,0.10932879879733844,0.2420999964634273,0.49066284710414676,0.2806972141216375
124_0831_1300_U9TEJGM,0.2286199568252744,0.21406442394971456,0.33708984825167687,0.2599247430088886
125_0831_1300_U9TEJGM,,,,
126_0831_1300_U9TEJGM,0.11877322068980879,0.19874512343382025,0.4070656185351376,0.24152798755292224
127_0831_1300_U9TEJGM,0.46973038153946917,0.1360608795444723,0.4875562932166311,0.36444918476685756
128_0831_1300_U9TEJGM,,,,
129_0831_1300_U9TEJGM,0.08114635385272301,0.23355942801930674,0.11730917651522244,0.14400498612908405
130_0831_1300_U9TEJGM,0.2248294652443599,0.07671160084647344,0.3826742920495896,0.22807178604680764
131_0831_1300_U9TEJGM,,,,
132_0831_1300_U9TEJGM,0.1948168718965632,0.25196275547208596,0.5396659285002177,0.3288151852896223
0_0901_1000_539136F,,,,
1_0901_1000_539136F,,,,
2_0901_1000_539136F,0.301803695030398,0.041744372246936175,0.25192957028003543,0.19849254585245654
3_0901_1000_539136F,,,,
4_0901_1000_539136F,0.3302724174976201,0.12693463303036914,0.2542253168212856,0.23714412244975827
5_0901_1000_539136F,0.4567779620613479,0.09237909537051188,0.22805975535818238,0.25907227093001406
6_0901_1000_539136F,,,,
7_0901_1000_539136F,,,,
8_0901_1000_539136F,,,,
9_0901_1000_539136F,0.5768484466608536,0.41438347790770286,0.0588119268451043,0.3500146171378869
10_0901_1000_539136F,0.6211474577188371,0.19443002919850957,0.09266206801918869,0.30274651831217847
11_0901_1000_539136F,0.32199668293897576,0.18887138415508975,0.18772081283583372,0.2328629599766331
12_0901_1000_539136F,0.5948825424475673,0.19311431486798214,0.17444511092101989,0.3208139894121898
13_0901_1000_539136F,0.5467803521584224,0.353124578891522,0.13101514653736238,0.3436400258624355
14_0901_1000_539136F,0.537459559712708,0.25126814107958634,0.10065267704217538,0.29646012594482324
15_0901_1000_539136F,,,,
16_0901_1000_539136F,,,,
17_0901_1000_539136F,0.4423466506524209,0.16002767328592202,0.20067401207489954,0.2676827786710808
18_0901_1000_539136F,0.24073013107454075,0.23857780463399939,0.13154567621905783,0.20361787064253267
19_0901_1000_539136F,,,,
20_0901_1000_539136F,0.3784012065009925,0.2748165744619081,0.22633391920166987,0.29318390005485684
21_0901_1000_539136F,0.5834017535708662,0.22107669207225442,0.08537086489295005,0.29661643684535693
23_0901_1000_539136F,0.40128290886308254,0.28652741260685605,0.013143399760694159,0.2336512404102109
24_0901_1000_539136F,0.35680190880789847,0.24566798420462868,0.2831679748719332,0.29521262262815345
25_0901_1000_539136F,0.5770866931350179,0.21813831479385637,0.14750373311522716,0.31424291368136714
26_0901_1000_539136F,0.404286999032194,0.36577020013040223,0.20012173680772025,0.32339297865677213
27_0901_1000_539136F,,,,
28_0901_1000_539136F,,,,
29_0901_1000_539136F,0.2872407490958911,0.3849615989320197,0.22249881500940286,0.2982337210124379
30_0901_1000_539136F,,,,
31_0901_1000_539136F,,,,
32_0901_1000_539136F,0.5943447480314162,0.3447470384945182,0.06517448902683781,0.33475542518425744
33_0901_1000_539136F,0.30469630513044804,0.17231054737832271,0.07019106985268107,0.18239930745381727
34_0901_1000_539136F,0.48427275542627934,0.3331974326772345,0.09765477323842238,0.3050416537806454
35_0901_1000_539136F,0.6530194526985164,0.282383254462746,0.043244280577145335,0.3262156625794692
36_0901_1000_539136F,,,,
37_0901_1000_539136F,0.3468362454972769,0.20379369115885923,0.17294589491675827,0.24119194385763146
38_0901_1000_539136F,0.586389197493436,0.4815146727461956,0.3778781831446594,0.481927351128097
39_0901_1000_539136F,0.5721494414097683,0.43850284231999964,0.09865377749578476,0.36976868707518423
40_0901_1000_539136F,0.4684325981471759,0.2808632816581112,0.47200072650211394,0.4070988687691337
41_0901_1000_539136F,0.5568755066572737,0.2070729750499456,0.39067622492856097,0.3848749022119267
42_0901_1000_539136F,,,,
43_0901_1000_539136F,0.8236712399988187,0.5531842951411821,0.1601909626159461,0.5123488325853156
44_0901_1000_539136F,0.534249039789865,0.15530896776208278,0.06725637467261468,0.25227146074152085
45_0901_1000_539136F,0.6471865319926775,0.10412549506480134,0.2711928727365713,0.34083496659801676
46_0901_1000_539136F,0.5862741598489567,0.3991050080312774,0.11736799456541941,0.3675823874818845
47_0901_1000_539136F,,,,
48_0901_1000_539136F,,,,
49_0901_1000_539136F,0.6911232501966055,0.21118396201839762,0.2771322376108902,0.3931464832752978
50_0901_1000_539136F,0.47317184274710805,0.24119976569632576,0.11005263436620831,0.27480808093654735
51_0901_1000_539136F,,,,
52_0901_1000_539136F,,,,
53_0901_1000_539136F,0.4523817561932166,0.28749053405702324,0.1624668375614605,0.3007797092705668
54_0901_1000_539136F,0.5146566314333082,0.29486565825237193,0.09065768417575674,0.3000599912871456
55_0901_1000_539136F,0.42346677395430343,0.16681980476597488,0.22521022657333187,0.2718322684312034
56_0901_1000_539136F,0.5030271909938645,0.16199095190782212,0.11680365646888198,0.2606072664568562
58_0901_1000_539136F,0.4265538406151723,0.6664811452950432,0.10883829183541267,0.4006244259152094
59_0901_1000_539136F,,,,
60_0901_1000_539136F,0.5962815361515741,0.17511625856825097,0.2583407329873517,0.3432461759023922
61_0901_1000_539136F,0.3726333627208616,0.5441012745332258,0.131345872303077,0.3493601698523881
62_0901_1000_539136F,,,,
63_0901_1000_539136F,,,,
64_0901_1000_539136F,,,,
65_0901_1000_539136F,0.36231512212119515,0.27813755648988775,0.2795416528177898,0.3066647771429576
66_0901_1000_539136F,0.6196625208511791,0.4060084115266813,0.17131571349503885,0.3989955486242998
67_0901_1000_539136F,0.5411756669669857,0.10851884053617443,0.3491581092478681,0.33295087225034276
68_0901_1000_539136F,0.6155573037044175,0.6146407908850888,0.22543096402029283,0.48520968620326643
69_0901_1000_539136F,,,,
70_0901_1000_539136F,,,,
71_0901_1000_539136F,,,,
72_0901_1000_539136F,0.32616612650459254,0.28827155132952353,0.11762915761637226,0.2440222784834961
73_0901_1000_539136F,0.4211729651376855,0.1995378984254597,0.1356639305851778,0.2521249313827743
74_0901_1000_539136F,0.5893963201721958,0.13006439190480207,0.190247995898398,0.3032362359917986
75_0901_1000_539136F,,,,
76_0901_1000_539136F,,,,
77_0901_1000_539136F,0.2932914357038439,0.4921974862698882,0.34566447344056406,0.3770511318047654
78_0901_1000_539136F,,,,
79_0901_1000_539136F,0.3535425447644102,0.34120359354331636,0.15815667134228184,0.2843009365500028
80_0901_1000_539136F,0.3417587957683297,0.1662622757563564,0.20827426779039948,0.23876511310502854
81_0901_1000_539136F,0.5907797330861526,0.30912407592341856,0.44642516858919756,0.44877632586625626
82_0901_1000_539136F,0.44832390875714156,0.39306717769393984,0.16586680873015228,0.33575263172707787
83_0901_1000_539136F,,,,
84_0901_1000_539136F,0.6322738855462614,0.17037042138298464,0.13114850915948364,0.31126427202957657
85_0901_1000_539136F,0.711580943093741,0.396659578527562,0.1017802980185608,0.40334027321328786
86_0901_1000_539136F,0.5919576496851526,0.5631536321166638,0.15096113700287797,0.4353574729348981
87_0901_1000_539136F,,,,
88_0901_1000_539136F,0.29635558078081875,0.3392583393226741,0.15312006205858616,0.2629113273873597
90_0901_1000_539136F,0.5737077778027989,0.2686183529954734,0.09994329842016632,0.3140898097394796
91_0901_1000_539136F,0.44389392716874854,0.43032881817658236,0.12680957182551672,0.3336774390569492
92_0901_1000_539136F,,,,
93_0901_1000_539136F,0.40289971410949343,0.23950342616792,0.2735378231856532,0.3053136544876889
94_0901_1000_539136F,,,,
95_0901_1000_539136F,0.7820271424244939,0.20869499115289414,0.1759314378950039,0.3888845238241307
96_0901_1000_539136F,,,,
97_0901_1000_539136F,0.6110251278973076,0.18545751412936382,0.14647362544203754,0.314318755822903
98_0901_1000_539136F,0.6324620454456408,0.4088427185326398,0.25717537418243314,0.4328267127202379
99_0901_1000_539136F,0.43410164394485395,0.46191930220536176,0.0888502781925637,0.32829040811425986
100_0901_1000_539136F,0.26857761309255584,0.2698713824888889,0.24456976682027662,0.26100625413390716
101_0901_1000_539136F,0.1778275217415302,0.2483266644232792,0.34446494515527437,0.25687304377336123
102_0901_1000_539136F,0.27840595404033697,0.03833992860210858,0.15966303619540123,0.15880297294594892
103_0901_1000_539136F,,,,
104_0901_1000_539136F,0.5977419696430474,0.9330120801048425,0.5422390544599872,0.6909977014026256
105_0901_1000_539136F,,,,
106_0901_1000_539136F,,,,
107_0901_1000_539136F,0.3304947055809701,0.38221693738133106,0.4586115812054347,0.3904410747225786
108_0901_1000_539136F,,,,
110_0901_1000_539136F,,,,
111_0901_1000_539136F,0.38339125158891063,0.5186248440409216,0.11396928094908837,0.33866179219297354
112_0901_1000_539136F,0.525372515129553,0.12394878197637742,0.277498395648293,0.3089398975847411
113_0901_1000_539136F,0.418719146907498,0.13855792211191864,0.22083579557103686,0.2593709548634845
114_0901_1000_539136F,0.4298539589362111,0.4741806201145657,0.23882017988135107,0.3809515863107093
115_0901_1000_539136F,0.6134462528437737,0.27917594327194123,0.099653199077667,0.33075846506446066
116_0901_1000_539136F,,,,
117_0901_1000_539136F,,,,
118_0901_1000_539136F,0.43432780422356493,0.3770564849393012,0.21997356291530304,0.34378595069272305
119_0901_1000_539136F,0.5840526743812764,0.36226412679000913,0.12142771682225355,0.3559148393311797
120_0901_1000_539136F,0.5410591120294468,0.502388826515978,0.0533849355893,0.3656109580449083
121_0901_1000_539136F,0.4742800138415297,0.31729191857726696,0.09870407776096056,0.29675867005991907
123_0901_1000_539136F,0.5360598620026704,0.47822423421043414,0.035330304811112344,0.3498714670080723
124_0901_1000_539136F,0.36439400743052647,0.5332602722921954,0.42277162238416377,0.4401419673689619
125_0901_1000_539136F,0.7211039024028437,0.33719804757554334,0.10933595361571279,0.3892126345313666
126_0901_1000_539136F,0.6689845007202511,0.329743354696114,0.08220876877691768,0.3603122080644276
127_0901_1000_539136F,0.3856833130618478,0.225551448260385,0.2635593243310899,0.29159802855110756
128_0901_1000_539136F,0.4213703232972535,0.3342221253319783,0.21440775416686667,0.32333340093203283
129_0901_1000_539136F,0.28285041175450526,0.3972910196141008,0.2691858164117518,0.31644241592678596
130_0901_1000_539136F,0.459053389413526,0.14148931128398654,0.096517578114735,0.2323534262707492
131_0901_1000_539136F,,,,
132_0901_1000_539136F,0.48659347578601103,0.27512596122566924,0.17089110756055584,0.3108701815240787
0_0901_1000_9M4VCHG,0.17997708804295684,0.16979205176695766,0.18437248342823306,0.1780472077460492
1_0901_1000_9M4VCHG,0.33527596215542027,0.22630388848425662,0.48003930143015033,0.34720638402327575
2_0901_1000_9M4VCHG,0.27143325317932027,0.31596516288013315,0.26900369967024673,0.28546737190990007
3_0901_1000_9M4VCHG,0.36991688208278234,0.0830154001112357,0.08534256667106355,0.17942494962169386
4_0901_1000_9M4VCHG,,,,
5_0901_1000_9M4VCHG,,,,
6_0901_1000_9M4VCHG,,,,
7_0901_1000_9M4VCHG,0.29675571530152406,0.18967918934306696,0.1884971930369422,0.22497736589384443
8_0901_1000_9M4VCHG,,,,
9_0901_1000_9M4VCHG,0.41802129286219314,0.1261802847385948,0.09783814465688812,0.21401324075255868
10_0901_1000_9M4VCHG,0.2964866282217908,0.17279417449052192,0.13315305648273937,0.2008112863983507
11_0901_1000_9M4VCHG,,,,
12_0901_1000_9M4VCHG,,,,
13_0901_1000_9M4VCHG,0.35164929892958696,0.19938970218975716,0.09931752297848578,0.21678550803260999
14_0901_1000_9M4VCHG,0.4337468181297075,0.26545878567324876,0.5261826861632642,0.4084627633220735
15_0901_1000_9M4VCHG,,,,
16_0901_1000_9M4VCHG,,,,
17_0901_1000_9M4VCHG,,,,
18_0901_1000_9M4VCHG,,,,
19_0901_1000_9M4VCHG,0.334055300052903,0.14863092375755915,0.14960073491991685,0.210762319576793
20_0901_1000_9M4VCHG,0.36778717148618556,0.26599794787372116,0.2634716601012644,0.2990855931537237
21_0901_1000_9M4VCHG,0.37646028438633466,0.32297686410928544,0.1971448202178777,0.2988606562378326
22_0901_1000_9M4VCHG,,,,
23_0901_1000_9M4VCHG,,,,
24_0901_1000_9M4VCHG,,,,
25_0901_1000_9M4VCHG,0.16816788843112332,0.09678957212160293,0.1148398399212377,0.12659910015798798
26_0901_1000_9M4VCHG,,,,
27_0901_1000_9M4VCHG,,,,
28_0901_1000_9M4VCHG,0.49445530429672635,0.05233470692226235,0.2079632613534136,0.2515844241908008
29_0901_1000_9M4VCHG,,,,
30_0901_1000_9M4VCHG,0.4451951873591418,0.18392710644866458,0.19112597396039344,0.2734160892560666
31_0901_1000_9M4VCHG,,,,
32_0901_1000_9M4VCHG,0.39669127884273214,0.09084829411613864,0.26551220197245035,0.25101725831044036
33_0901_1000_9M4VCHG,0.4543493567238084,0.09795535378029618,0.19780310846956206,0.2500359396578889
34_0901_1000_9M4VCHG,,,,
35_0901_1000_9M4VCHG,0.2128978545953991,0.12496202903269142,0.10435284087968655,0.14740424150259235
36_0901_1000_9M4VCHG,,,,
37_0901_1000_9M4VCHG,,,,
38_0901_1000_9M4VCHG,0.4449374693141937,0.08892062720839262,0.23055931086669193,0.25480580246309276
39_0901_1000_9M4VCHG,,,,
40_0901_1000_9M4VCHG,,,,
41_0901_1000_9M4VCHG,,,,
42_0901_1000_9M4VCHG,,,,
43_0901_1000_9M4VCHG,,,,
44_0901_1000_9M4VCHG,0.2656392974855412,0.19145839287020494,0.2020563429843862,0.21971801111337744
45_0901_1000_9M4VCHG,,,,
46_0901_1000_9M4VCHG,,,,
47_0901_1000_9M4VCHG,0.18570678596624368,0.2163462180975395,0.5016954858400254,0.3012494966346029
48_0901_1000_9M4VCHG,,,,
49_0901_1000_9M4VCHG,0.13448390223577816,0.08720180423459863,0.18250506056064583,0.13473025567700755
50_0901_1000_9M4VCHG,0.33270688652097624,0.1224814144290341,0.08693408458357167,0.18070746184452735
51_0901_1000_9M4VCHG,,,,
52_0901_1000_9M4VCHG,,,,
53_0901_1000_9M4VCHG,0.3234368859604165,0.10053371684694622,0.26869026874324137,0.2308869571835347
54_0901_1000_9M4VCHG,,,,
55_0901_1000_9M4VCHG,,,,
56_0901_1000_9M4VCHG,,,,
57_0901_1000_9M4VCHG,,,,
58_0901_1000_9M4VCHG,,,,
59_0901_1000_9M4VCHG,,,,
60_0901_1000_9M4VCHG,0.22505493799083343,0.06579293384944314,0.14244625932391478,0.14443137705473044
61_0901_1000_9M4VCHG,0.19180691032343566,0.2457409823718443,0.21290369123750363,0.2168171946442612
62_0901_1000_9M4VCHG,,,,
63_0901_1000_9M4VCHG,,,,
64_0901_1000_9M4VCHG,0.2779208879720329,0.2248390457359186,0.23112048726345144,0.24462680699046765
65_0901_1000_9M4VCHG,0.25627267888448113,0.156668803706949,0.35115926949252607,0.2547002506946521
66_0901_1000_9M4VCHG,,,,
67_0901_1000_9M4VCHG,,,,
68_0901_1000_9M4VCHG,0.18104412593832642,0.2811973245650866,0.2320417278863772,0.2314277261299301
69_0901_1000_9M4VCHG,0.2543181524001644,0.21108178474449954,0.15464553814695145,0.20668182509720515
70_0901_1000_9M4VCHG,,,,
71_0901_1000_9M4VCHG,,,,
72_0901_1000_9M4VCHG,0.15699671818222963,0.2390614176751397,0.09124095390972886,0.16243302992236605
73_0901_1000_9M4VCHG,,,,
74_0901_1000_9M4VCHG,,,,
75_0901_1000_9M4VCHG,,,,
76_0901_1000_9M4VCHG,,,,
77_0901_1000_9M4VCHG,,,,
78_0901_1000_9M4VCHG,0.4037143996866801,0.17180918295118722,0.2275681068815604,0.2676972298398092
79_0901_1000_9M4VCHG,,,,
80_0901_1000_9M4VCHG,,,,
81_0901_1000_9M4VCHG,,,,
83_0901_1000_9M4VCHG,0.15716304024066916,0.12163072287453809,0.0873135194724215,0.12203576086254292
84_0901_1000_9M4VCHG,0.3384997176030598,0.3138928236692005,0.14833672536441855,0.2669097555455596
85_0901_1000_9M4VCHG,0.22209236950251018,0.19456819055160057,0.321012961408776,0.24589117382096226
86_0901_1000_9M4VCHG,0.11037009779402855,0.10118480142295389,0.0761178299615031,0.09589090972616184
87_0901_1000_9M4VCHG,,,,
88_0901_1000_9M4VCHG,,,,
89_0901_1000_9M4VCHG,,,,
90_0901_1000_9M4VCHG,0.2857965011287445,0.020598871258625685,0.32916551040798225,0.21185362759845083
91_0901_1000_9M4VCHG,0.3021402240007977,0.14652987028436243,0.2955115049250665,0.24806053307007556
92_0901_1000_9M4VCHG,,,,
93_0901_1000_9M4VCHG,,,,
94_0901_1000_9M4VCHG,0.12253344991064975,0.2493792066961453,0.33903866044645636,0.2369837723510838
95_0901_1000_9M4VCHG,,,,
96_0901_1000_9M4VCHG,,,,
97_0901_1000_9M4VCHG,0.329110526623316,0.066533901298279,0.23757351518123462,0.21107264770094322
98_0901_1000_9M4VCHG,0.340722557366882,0.0414059715218115,0.17847021117537643,0.18686624668802332
99_0901_1000_9M4VCHG,0.3710686063600089,0.28168386010828045,0.29437683266356357,0.3157097663772843
100_0901_1000_9M4VCHG,,,,
101_0901_1000_9M4VCHG,,,,
102_0901_1000_9M4VCHG,0.2617692971294409,0.208544406276344,0.11579665196799156,0.1953701184579255
103_0901_1000_9M4VCHG,,,,
104_0901_1000_9M4VCHG,0.4012465570242992,0.16589942035480887,0.1903928801515099,0.252512952510206
105_0901_1000_9M4VCHG,0.14424314334770147,0.23189075828783579,0.0970877056345179,0.15774053575668506
106_0901_1000_9M4VCHG,0.35309593614711443,0.1019120503759539,0.08813723269667567,0.18104840640658135
107_0901_1000_9M4VCHG,,,,
108_0901_1000_9M4VCHG,,,,
109_0901_1000_9M4VCHG,,,,
110_0901_1000_9M4VCHG,,,,
111_0901_1000_9M4VCHG,,,,
112_0901_1000_9M4VCHG,0.26587867463179266,0.1749055775538518,0.08021923692742071,0.17366782970435504
113_0901_1000_9M4VCHG,0.4229351706562965,0.3090693200368922,0.19660686437501965,0.3095371183560694
114_0901_1000_9M4VCHG,0.22701859579790293,0.2472215726431882,0.3268789839598963,0.2670397174669958
115_0901_1000_9M4VCHG,0.40503361887524036,0.3350089489180454,0.11574843962103472,0.28526366913810686
116_0901_1000_9M4VCHG,0.18818218495085606,0.12032501529494401,0.18164602383489722,0.1633844080268991
118_0901_1000_9M4VCHG,0.5381806550972695,0.0955637142178855,0.10749960719063771,0.24708132550193088
119_0901_1000_9M4VCHG,,,,
120_0901_1000_9M4VCHG,0.207131597818909,0.21722627538112818,0.23005237341671667,0.2181367488722513
122_0901_1000_9M4VCHG,0.22656930198782774,0.06235107642929333,0.19303596688787664,0.16065211510166588
123_0901_1000_9M4VCHG,0.3153481010665791,0.1625212039715733,0.22639181871834105,0.23475370791883113
124_0901_1000_9M4VCHG,0.48271576625080675,0.09676699008011791,0.33946208408955747,0.30631494680682736
125_0901_1000_9M4VCHG,0.08088959583994083,0.13491623591725543,0.23088784561954376,0.14889789245891336
126_0901_1000_9M4VCHG,0.2252799284269147,0.2476100157255067,0.14738048394575456,0.20675680936605864
127_0901_1000_9M4VCHG,,,,
128_0901_1000_9M4VCHG,0.18530257299440797,0.32824321010020796,0.35649436756660724,0.29001338355374107
129_0901_1000_9M4VCHG,0.23756924134352295,0.20430883903071537,0.249049041667754,0.23030904068066413
130_0901_1000_9M4VCHG,,,,
131_0901_1000_9M4VCHG,0.569804453560105,0.13148647121055163,0.11764817354103003,0.27297969943722894
0_0901_1000_U9TEJGM,,,,
1_0901_1000_U9TEJGM,,,,
2_0901_1000_U9TEJGM,,,,
3_0901_1000_U9TEJGM,,,,
4_0901_1000_U9TEJGM,,,,
5_0901_1000_U9TEJGM,,,,
6_0901_1000_U9TEJGM,,,,
7_0901_1000_U9TEJGM,,,,
8_0901_1000_U9TEJGM,,,,
9_0901_1000_U9TEJGM,,,,
10_0901_1000_U9TEJGM,,,,
11_0901_1000_U9TEJGM,,,,
12_0901_1000_U9TEJGM,,,,
13_0901_1000_U9TEJGM,,,,
14_0901_1000_U9TEJGM,,,,
15_0901_1000_U9TEJGM,0.3438153604806404,0.23928570096786464,0.2758808691331414,0.28632731019388213
16_0901_1000_U9TEJGM,,,,
17_0901_1000_U9TEJGM,,,,
18_0901_1000_U9TEJGM,,,,
19_0901_1000_U9TEJGM,,,,
20_0901_1000_U9TEJGM,0.49911336523842514,0.2962279087748402,0.509741651187173,0.43502764173347935
21_0901_1000_U9TEJGM,,,,
22_0901_1000_U9TEJGM,,,,
23_0901_1000_U9TEJGM,,,,
24_0901_1000_U9TEJGM,,,,
25_0901_1000_U9TEJGM,0.19040147416587253,0.1422782173965728,0.34170392480036044,0.22479453878760192
26_0901_1000_U9TEJGM,0.12225331936967211,0.28371206117423825,0.3731434763148311,0.2597029522862471
27_0901_1000_U9TEJGM,,,,
28_0901_1000_U9TEJGM,,,,
29_0901_1000_U9TEJGM,,,,
30_0901_1000_U9TEJGM,0.12923239673284007,0.3246809328086521,0.22672260789365484,0.22687864581171568
31_0901_1000_U9TEJGM,,,,
32_0901_1000_U9TEJGM,,,,
33_0901_1000_U9TEJGM,,,,
34_0901_1000_U9TEJGM,,,,
35_0901_1000_U9TEJGM,0.07371603651685592,0.3988716974351328,0.5810604765772195,0.3512160701764027
36_0901_1000_U9TEJGM,,,,
37_0901_1000_U9TEJGM,,,,
38_0901_1000_U9TEJGM,0.3996315540683511,0.4170146625965858,0.5384561862907066,0.45170080098521453
39_0901_1000_U9TEJGM,,,,
40_0901_1000_U9TEJGM,0.20868016289762678,0.12332019593600556,0.37472409868667605,0.23557481917343615
41_0901_1000_U9TEJGM,0.3812999032528413,0.2304615745513728,0.6748837261714659,0.42888173465856
42_0901_1000_U9TEJGM,0.34003545152536124,0.1461803478513547,0.3769994760385116,0.2877384251384092
43_0901_1000_U9TEJGM,,,,
44_0901_1000_U9TEJGM,,,,
45_0901_1000_U9TEJGM,,,,
46_0901_1000_U9TEJGM,0.2640537792103903,0.21656991912425883,0.6150006876137503,0.36520812864946645
47_0901_1000_U9TEJGM,,,,
48_0901_1000_U9TEJGM,0.40369498290280537,0.3762825769624562,0.6328946248119572,0.47095739489240634
49_0901_1000_U9TEJGM,,,,
50_0901_1000_U9TEJGM,,,,
51_0901_1000_U9TEJGM,,,,
52_0901_1000_U9TEJGM,,,,
53_0901_1000_U9TEJGM,,,,
54_0901_1000_U9TEJGM,,,,
55_0901_1000_U9TEJGM,,,,
56_0901_1000_U9TEJGM,0.2060547199152656,0.36799205407003277,0.42540141543760224,0.3331493964743002
57_0901_1000_U9TEJGM,,,,
58_0901_1000_U9TEJGM,0.14360258473037965,0.42397175669500475,0.13381832955379885,0.23379755699306112
59_0901_1000_U9TEJGM,,,,
60_0901_1000_U9TEJGM,0.5342725882349205,0.13752161897894621,0.46784856933640956,0.3798809255167588
61_0901_1000_U9TEJGM,,,,
62_0901_1000_U9TEJGM,,,,
63_0901_1000_U9TEJGM,0.33254109836006646,0.24834218233609948,0.7915555333483558,0.4574796046815073
64_0901_1000_U9TEJGM,,,,
65_0901_1000_U9TEJGM,,,,
66_0901_1000_U9TEJGM,,,,
67_0901_1000_U9TEJGM,,,,
68_0901_1000_U9TEJGM,,,,
69_0901_1000_U9TEJGM,,,,
70_0901_1000_U9TEJGM,0.4765816108961572,0.7558671348437448,0.6591812157142604,0.6305433204847208
71_0901_1000_U9TEJGM,0.20786432897647922,0.2795509012727858,0.3977680791283871,0.295061103125884
72_0901_1000_U9TEJGM,,,,
73_0901_1000_U9TEJGM,0.2803164907952901,0.410525625924615,0.6177600378849023,0.4362007182016024
74_0901_1000_U9TEJGM,,,,
75_0901_1000_U9TEJGM,,,,
76_0901_1000_U9TEJGM,,,,
77_0901_1000_U9TEJGM,,,,
78_0901_1000_U9TEJGM,,,,
79_0901_1000_U9TEJGM,,,,
80_0901_1000_U9TEJGM,0.40294184815608686,0.6090956835563869,0.43054064581182727,0.48085939250810034
81_0901_1000_U9TEJGM,,,,
82_0901_1000_U9TEJGM,0.24266674286136722,0.39835016069897783,0.7237319725663439,0.45491629204222966
83_0901_1000_U9TEJGM,,,,
84_0901_1000_U9TEJGM,,,,
85_0901_1000_U9TEJGM,0.14338039627209617,0.3745594440545448,0.22151391449640853,0.24648458494101652
86_0901_1000_U9TEJGM,,,,
87_0901_1000_U9TEJGM,0.22679181102033322,0.3080253873250416,0.5549969240719873,0.3632713741391207
88_0901_1000_U9TEJGM,,,,
89_0901_1000_U9TEJGM,,,,
90_0901_1000_U9TEJGM,,,,
91_0901_1000_U9TEJGM,,,,
92_0901_1000_U9TEJGM,,,,
93_0901_1000_U9TEJGM,0.09418322467794511,0.19101707920460156,0.31756824625368674,0.20092285004541113
94_0901_1000_U9TEJGM,0.2872079540516418,0.034679948431734664,0.3619822045019038,0.22795670232842677
95_0901_1000_U9TEJGM,,,,
96_0901_1000_U9TEJGM,,,,
97_0901_1000_U9TEJGM,,,,
98_0901_1000_U9TEJGM,0.1766632301193759,0.39836557577176945,0.5252166927063407,0.3667484995324954
99_0901_1000_U9TEJGM,,,,
100_0901_1000_U9TEJGM,,,,
101_0901_1000_U9TEJGM,0.312530082288037,0.4637225384014174,0.19377721351333302,0.32334327806759583
102_0901_1000_U9TEJGM,0.5480458148181776,0.5818931420402623,0.643518062462111,0.591152339773517
103_0901_1000_U9TEJGM,0.30700833937328204,0.34600621056431996,0.19102885431941466,0.28134780141900556
104_0901_1000_U9TEJGM,,,,
105_0901_1000_U9TEJGM,,,,
106_0901_1000_U9TEJGM,,,,
107_0901_1000_U9TEJGM,,,,
108_0901_1000_U9TEJGM,,,,
109_0901_1000_U9TEJGM,0.3430169815393904,0.37603059630311836,0.5753588422915971,0.43146880671136856
110_0901_1000_U9TEJGM,0.43160471638788156,0.3221384630011867,0.6354284224625438,0.46305720061720407
111_0901_1000_U9TEJGM,,,,
112_0901_1000_U9TEJGM,,,,
113_0901_1000_U9TEJGM,,,,
114_0901_1000_U9TEJGM,,,,
115_0901_1000_U9TEJGM,,,,
116_0901_1000_U9TEJGM,,,,
117_0901_1000_U9TEJGM,0.3680259733504812,0.4157564048026796,0.35477194542727464,0.3795181078601451
118_0901_1000_U9TEJGM,,,,
119_0901_1000_U9TEJGM,,,,
120_0901_1000_U9TEJGM,,,,
121_0901_1000_U9TEJGM,,,,
122_0901_1000_U9TEJGM,0.6250431465804015,0.3067348382272744,0.5301294457534083,0.4873024768536947
123_0901_1000_U9TEJGM,,,,
124_0901_1000_U9TEJGM,,,,
125_0901_1000_U9TEJGM,,,,
126_0901_1000_U9TEJGM,,,,
127_0901_1000_U9TEJGM,,,,
128_0901_1000_U9TEJGM,,,,
129_0901_1000_U9TEJGM,0.377977911350492,0.19595664263569793,0.41073290062475937,0.3282224848703164
130_0901_1000_U9TEJGM,,,,
131_0901_1000_U9TEJGM,,,,
0_0901_1300_539136F,,,,
1_0901_1300_539136F,0.44033410171796317,0.7098288599321007,0.7857469711870914,0.6453033109457184
2_0901_1300_539136F,,,,
3_0901_1300_539136F,0.34711620071361066,0.663969490957821,0.701475378052885,0.5708536899081055
4_0901_1300_539136F,,,,
5_0901_1300_539136F,0.20684534215746897,0.6099668307468896,0.6193899925286064,0.4787340551443216
6_0901_1300_539136F,,,,
7_0901_1300_539136F,,,,
8_0901_1300_539136F,0.2574713166459964,0.6865871719018998,0.7436260381397947,0.562561508895897
9_0901_1300_539136F,0.19929661613825278,0.7289701676779924,0.6983859680030582,0.5422175839397677
10_0901_1300_539136F,,,,
11_0901_1300_539136F,0.21312183582185215,0.7347774292457759,0.7824447762120225,0.5767813470932168
12_0901_1300_539136F,,,,
13_0901_1300_539136F,,,,
14_0901_1300_539136F,0.08417383033087955,0.6775490449998961,0.78201342175728,0.5145787656960185
15_0901_1300_539136F,,,,
16_0901_1300_539136F,,,,
17_0901_1300_539136F,,,,
18_0901_1300_539136F,,,,
19_0901_1300_539136F,0.13449921540445034,0.5469393461441613,0.5622683105310907,0.41456895735990074
20_0901_1300_539136F,,,,
21_0901_1300_539136F,,,,
22_0901_1300_539136F,0.1038525290662828,0.656003627950826,0.6795697406520285,0.47980863255637907
23_0901_1300_539136F,,,,
24_0901_1300_539136F,,,,
25_0901_1300_539136F,0.10292341665602511,0.5680189098601324,0.6959263003327868,0.45562287561631476
26_0901_1300_539136F,,,,
27_0901_1300_539136F,,,,
28_0901_1300_539136F,,,,
29_0901_1300_539136F,,,,
30_0901_1300_539136F,0.2055730937037669,0.5477766459317228,0.6205527118225013,0.45796748381933033
31_0901_1300_539136F,0.05464102210436353,0.5737034919425024,0.7421784838994215,0.45684099931542915
32_0901_1300_539136F,0.293208959168684,0.6351620542354112,0.7778496409625119,0.5687402181222024
33_0901_1300_539136F,,,,
34_0901_1300_539136F,0.11422553020179295,0.3640159003245893,0.6111978781288306,0.3631464362184043
35_0901_1300_539136F,,,,
36_0901_1300_539136F,0.3283803844112209,0.7815429434877129,0.662866531124881,0.5909299530079383
37_0901_1300_539136F,,,,
38_0901_1300_539136F,0.2833703044292204,0.747969691882611,0.8469531333532526,0.6260977098883612
39_0901_1300_539136F,0.1726055163743525,0.6909670464096318,0.720383202546592,0.5279852551101921
40_0901_1300_539136F,,,,
41_0901_1300_539136F,,,,
42_0901_1300_539136F,,,,
43_0901_1300_539136F,0.1573042857645285,0.5516335230101794,0.7280211768323251,0.4789863285356777
44_0901_1300_539136F,0.1564426340957287,0.7433198120777401,0.7120229780952528,0.5372618080895739
45_0901_1300_539136F,,,,
46_0901_1300_539136F,,,,
47_0901_1300_539136F,,,,
48_0901_1300_539136F,0.21661954519613294,0.4622197508346217,0.7315936256354187,0.47014430722205774
49_0901_1300_539136F,0.4431231544658852,0.7634578864742485,0.8216457282356838,0.6760755897252725
50_0901_1300_539136F,0.3446003362053513,0.7086044279979973,0.7942174005144764,0.615807388239275
51_0901_1300_539136F,0.22976911011637738,0.5428037970807027,0.6099657660155015,0.4608462244041938
52_0901_1300_539136F,0.27745357438584656,0.5845647410921893,0.7794679981285615,0.5471621045355325
53_0901_1300_539136F,0.3401262859528064,0.6979561805933864,0.7629792310315485,0.6003538991925804
54_0901_1300_539136F,,,,
55_0901_1300_539136F,,,,
56_0901_1300_539136F,,,,
57_0901_1300_539136F,,,,
58_0901_1300_539136F,0.3631375340652938,0.43632760502972906,0.7628248993857653,0.5207633461602628
59_0901_1300_539136F,0.31202020769080524,0.5698567447924506,0.774946284916461,0.5522744124665723
60_0901_1300_539136F,0.1646274116640706,0.6252787240247014,0.8369374162193349,0.542281183969369
61_0901_1300_539136F,0.24926090527367495,0.5477755022969362,0.8091006392804848,0.5353790156170319
62_0901_1300_539136F,,,,
63_0901_1300_539136F,0.4166897957594447,0.5984802577649617,0.8252936469924536,0.6134879001722866
64_0901_1300_539136F,0.061264543914418,0.567908105629176,0.8386099652302579,0.489260871591284
65_0901_1300_539136F,,,,
66_0901_1300_539136F,0.15046305539021862,0.7002318284337359,0.672709432979684,0.5078014389345462
67_0901_1300_539136F,0.11353045972312541,0.612935472707028,0.7023215109876967,0.4762624811392833
68_0901_1300_539136F,,,,
69_0901_1300_539136F,,,,
70_0901_1300_539136F,,,,
71_0901_1300_539136F,,,,
72_0901_1300_539136F,0.3721553473213736,0.567986450438691,0.7631343000289889,0.5677586992630178
73_0901_1300_539136F,,,,
74_0901_1300_539136F,0.11445158469881389,0.35600612183783925,0.700272063637306,0.39024325672465304
75_0901_1300_539136F,,,,
76_0901_1300_539136F,,,,
77_0901_1300_539136F,,,,
78_0901_1300_539136F,,,,
79_0901_1300_539136F,,,,
80_0901_1300_539136F,0.14156121285384968,0.5922281587641182,0.5456120705380473,0.42646714738533836
81_0901_1300_539136F,,,,
82_0901_1300_539136F,0.27757124816838624,0.6852615453939483,0.6459281542590868,0.5362536492738071
83_0901_1300_539136F,,,,
84_0901_1300_539136F,,,,
85_0901_1300_539136F,,,,
86_0901_1300_539136F,0.35332612296807286,0.6010311526086195,0.8360897392517117,0.596815671609468
87_0901_1300_539136F,0.2529173003607617,0.5184721103541994,0.7635217290686988,0.5116370465945533
88_0901_1300_539136F,0.1969398348312923,0.6300946126000281,0.7593345751036201,0.5287896741783135
89_0901_1300_539136F,,,,
90_0901_1300_539136F,,,,
91_0901_1300_539136F,,,,
92_0901_1300_539136F,,,,
93_0901_1300_539136F,,,,
94_0901_1300_539136F,0.08125686614026652,0.5176335774418646,0.5580995410760311,0.38566332821938737
95_0901_1300_539136F,,,,
96_0901_1300_539136F,,,,
97_0901_1300_539136F,0.16154946977738577,0.40564804793966847,0.527749775150875,0.36498243095597643
98_0901_1300_539136F,0.07918708429408301,0.7324211611263629,0.6797831776744311,0.497130474364959
99_0901_1300_539136F,0.15762079543541932,0.6954778090568419,0.7873595956303693,0.5468194000408768
100_0901_1300_539136F,,,,
101_0901_1300_539136F,,,,
102_0901_1300_539136F,0.22215637116523032,0.6139471178866155,0.7561694009449376,0.5307576299989277
103_0901_1300_539136F,0.1345496477903609,0.7876902131754707,0.8581885641317619,0.5934761416991979
104_0901_1300_539136F,0.2762887866347321,0.73778142250561,0.8273068993988234,0.6137923695130553
105_0901_1300_539136F,,,,
106_0901_1300_539136F,,,,
107_0901_1300_539136F,,,,
108_0901_1300_539136F,,,,
109_0901_1300_539136F,,,,
110_0901_1300_539136F,0.2634059440736162,0.2951697346815228,0.5715871110428995,0.37672092993267947
111_0901_1300_539136F,,,,
112_0901_1300_539136F,0.35348930675633233,0.7243960048293552,0.7875031511093714,0.6217961542316863
113_0901_1300_539136F,0.3376345110476941,0.6952772839253366,0.7452621909731207,0.5927246619820504
114_0901_1300_539136F,,,,
115_0901_1300_539136F,0.19501462624579968,0.6001079490416804,0.5810562625437717,0.4587262792770839
116_0901_1300_539136F,0.36200478470220404,0.7275425728585008,0.80631890108431,0.6319554195483383
117_0901_1300_539136F,0.35246685679313244,0.6909678468973345,0.8282224046738021,0.6238857027880896
118_0901_1300_539136F,0.32202149970622,0.7469529078904595,0.681883058814996,0.5836191554705585
119_0901_1300_539136F,,,,
120_0901_1300_539136F,,,,
121_0901_1300_539136F,,,,
122_0901_1300_539136F,0.21565234567700586,0.7459569474917456,0.7491873702568898,0.5702655544752138
123_0901_1300_539136F,0.1475756285495405,0.49285244046054494,0.7285738371652649,0.4563339687251167
124_0901_1300_539136F,0.3557378250066206,0.601054406318179,0.6607829144727687,0.5391917152658561
125_0901_1300_539136F,,,,
126_0901_1300_539136F,,,,
127_0901_1300_539136F,,,,
128_0901_1300_539136F,,,,
129_0901_1300_539136F,0.08574264255108348,0.7207041842771496,0.7134479730201718,0.5066315999494683
130_0901_1300_539136F,,,,
131_0901_1300_539136F,,,,
0_0901_1300_9M4VCHG,0.43203990353711214,0.5515440795281189,0.20227203160643223,0.39528533822388773
1_0901_1300_9M4VCHG,,,,
2_0901_1300_9M4VCHG,0.4231493417234649,0.653212352762201,0.3543167721437175,0.4768928222097945
3_0901_1300_9M4VCHG,,,,
4_0901_1300_9M4VCHG,,,,
5_0901_1300_9M4VCHG,,,,
6_0901_1300_9M4VCHG,0.4729883643991049,0.6762770816014871,0.1592057504084011,0.4361570654696643
7_0901_1300_9M4VCHG,0.2369549182114561,0.2871990951851944,0.07123296780363175,0.19846232706676073
8_0901_1300_9M4VCHG,0.3453139653562796,0.6236933258379128,0.3567490774191941,0.44191878953779556
9_0901_1300_9M4VCHG,,,,
10_0901_1300_9M4VCHG,,,,
11_0901_1300_9M4VCHG,,,,
12_0901_1300_9M4VCHG,,,,
13_0901_1300_9M4VCHG,,,,
14_0901_1300_9M4VCHG,0.2583065002145056,0.585205260806123,0.13775549286993874,0.3270890846301891
15_0901_1300_9M4VCHG,0.1713184010486343,0.5866086360857027,0.22643593323822553,0.3281209901241875
16_0901_1300_9M4VCHG,0.15736215707707923,0.49815635229113325,0.12977687220231796,0.2617651271901768
17_0901_1300_9M4VCHG,,,,
18_0901_1300_9M4VCHG,,,,
19_0901_1300_9M4VCHG,,,,
20_0901_1300_9M4VCHG,,,,
21_0901_1300_9M4VCHG,0.31053783672256036,0.8280957814509123,0.474529790890426,0.5377211363546329
22_0901_1300_9M4VCHG,,,,
23_0901_1300_9M4VCHG,,,,
24_0901_1300_9M4VCHG,0.4515797687091825,0.7138387056026558,0.26148368202844374,0.4756340521134274
25_0901_1300_9M4VCHG,0.10647099847432041,0.36940080467522823,0.08041110938751483,0.18542763751235447
26_0901_1300_9M4VCHG,,,,
27_0901_1300_9M4VCHG,,,,
28_0901_1300_9M4VCHG,,,,
29_0901_1300_9M4VCHG,,,,
30_0901_1300_9M4VCHG,,,,
31_0901_1300_9M4VCHG,,,,
32_0901_1300_9M4VCHG,0.26570022626176026,0.2662548928756116,0.04672982908424839,0.1928949827405401
33_0901_1300_9M4VCHG,,,,
34_0901_1300_9M4VCHG,0.23242675944968183,0.5734594170381248,0.31801579262085405,0.3746339897028869
35_0901_1300_9M4VCHG,,,,
36_0901_1300_9M4VCHG,,,,
37_0901_1300_9M4VCHG,0.3320899362785283,0.6481798977650314,0.3832499446976528,0.45450659291373746
38_0901_1300_9M4VCHG,,,,
39_0901_1300_9M4VCHG,,,,
40_0901_1300_9M4VCHG,,,,
41_0901_1300_9M4VCHG,0.10304637860161109,0.3779927581478819,0.06072401027798999,0.18058771567582765
42_0901_1300_9M4VCHG,,,,
43_0901_1300_9M4VCHG,,,,
44_0901_1300_9M4VCHG,,,,
45_0901_1300_9M4VCHG,,,,
46_0901_1300_9M4VCHG,0.27993255653165616,0.508698930322589,0.24811402267707236,0.3455818365104391
47_0901_1300_9M4VCHG,0.27191561530476593,0.5570330798626725,0.07535117990730567,0.30143329169158134
48_0901_1300_9M4VCHG,,,,
49_0901_1300_9M4VCHG,,,,
50_0901_1300_9M4VCHG,,,,
51_0901_1300_9M4VCHG,,,,
52_0901_1300_9M4VCHG,,,,
53_0901_1300_9M4VCHG,0.28343425158082314,0.5464582977931326,0.08691096188308119,0.3056011704190123
54_0901_1300_9M4VCHG,,,,
55_0901_1300_9M4VCHG,,,,
56_0901_1300_9M4VCHG,0.2452114200835768,0.5815463274431265,0.12253387322143468,0.31643054024937933
57_0901_1300_9M4VCHG,0.3469248501763527,0.757702513596063,0.21544250578382607,0.4400232898520806
58_0901_1300_9M4VCHG,,,,
59_0901_1300_9M4VCHG,,,,
60_0901_1300_9M4VCHG,,,,
61_0901_1300_9M4VCHG,,,,
62_0901_1300_9M4VCHG,,,,
63_0901_1300_9M4VCHG,,,,
64_0901_1300_9M4VCHG,,,,
65_0901_1300_9M4VCHG,0.2677306622754795,0.624297564948626,0.10863971688205053,0.3335559813687186
66_0901_1300_9M4VCHG,,,,
67_0901_1300_9M4VCHG,,,,
68_0901_1300_9M4VCHG,0.3690433449316852,0.741026563311912,0.3912484652282309,0.5004394578239427
69_0901_1300_9M4VCHG,0.22922305505931126,0.5972600995470091,0.16803721128423876,0.3315067886301864
70_0901_1300_9M4VCHG,,,,
71_0901_1300_9M4VCHG,,,,
72_0901_1300_9M4VCHG,,,,
73_0901_1300_9M4VCHG,,,,
74_0901_1300_9M4VCHG,0.23582195282330867,0.4415315463403832,0.22609343180525712,0.30114897698964965
75_0901_1300_9M4VCHG,0.4586376937592645,0.6784830558691913,0.19396660432255078,0.44369578465033555
76_0901_1300_9M4VCHG,,,,
77_0901_1300_9M4VCHG,,,,
78_0901_1300_9M4VCHG,,,,
79_0901_1300_9M4VCHG,,,,
80_0901_1300_9M4VCHG,0.185187893277456,0.4704414866097382,0.13190678147469037,0.26251205378729486
81_0901_1300_9M4VCHG,0.014099361193213568,0.5635797589609676,0.18415016821385585,0.253943096122679
82_0901_1300_9M4VCHG,0.14234126089511492,0.5392139783360195,0.10981607368714053,0.26379043763942495
83_0901_1300_9M4VCHG,,,,
84_0901_1300_9M4VCHG,,,,
85_0901_1300_9M4VCHG,,,,
86_0901_1300_9M4VCHG,,,,
87_0901_1300_9M4VCHG,,,,
88_0901_1300_9M4VCHG,,,,
89_0901_1300_9M4VCHG,,,,
90_0901_1300_9M4VCHG,0.18559343307650375,0.668783220206147,0.19538836132285797,0.34992167153516957
91_0901_1300_9M4VCHG,0.13033669932124659,0.5958556989343805,0.0744723248656202,0.26688824104041575
92_0901_1300_9M4VCHG,,,,
93_0901_1300_9M4VCHG,,,,
94_0901_1300_9M4VCHG,,,,
95_0901_1300_9M4VCHG,,,,
96_0901_1300_9M4VCHG,,,,
97_0901_1300_9M4VCHG,,,,
98_0901_1300_9M4VCHG,,,,
99_0901_1300_9M4VCHG,,,,
100_0901_1300_9M4VCHG,,,,
101_0901_1300_9M4VCHG,,,,
102_0901_1300_9M4VCHG,0.3717497475441647,0.6925571768791587,0.22581190924775182,0.4300396112236917
103_0901_1300_9M4VCHG,0.35370371894523744,0.7130057140402978,0.14870460927597173,0.40513801408716904
104_0901_1300_9M4VCHG,,,,
105_0901_1300_9M4VCHG,,,,
106_0901_1300_9M4VCHG,0.38200615602800614,0.5851217332133705,0.05591750871886603,0.34101513265341427
107_0901_1300_9M4VCHG,0.2353434160991891,0.7002000053448048,0.15139545693088677,0.3623129594582935
108_0901_1300_9M4VCHG,,,,
109_0901_1300_9M4VCHG,,,,
110_0901_1300_9M4VCHG,,,,
111_0901_1300_9M4VCHG,,,,
112_0901_1300_9M4VCHG,,,,
113_0901_1300_9M4VCHG,0.1480591985961789,0.553237808506244,0.1538054650128662,0.285034157371763
114_0901_1300_9M4VCHG,,,,
115_0901_1300_9M4VCHG,0.27417897006273023,0.6733646266377873,0.18952890494958932,0.3790241672167023
116_0901_1300_9M4VCHG,,,,
117_0901_1300_9M4VCHG,,,,
118_0901_1300_9M4VCHG,,,,
119_0901_1300_9M4VCHG,,,,
120_0901_1300_9M4VCHG,,,,
121_0901_1300_9M4VCHG,,,,
122_0901_1300_9M4VCHG,,,,
123_0901_1300_9M4VCHG,,,,
124_0901_1300_9M4VCHG,,,,
125_0901_1300_9M4VCHG,,,,
126_0901_1300_9M4VCHG,,,,
127_0901_1300_9M4VCHG,,,,
128_0901_1300_9M4VCHG,,,,
129_0901_1300_9M4VCHG,,,,
130_0901_1300_9M4VCHG,,,,
131_0901_1300_9M4VCHG,0.496182516542978,0.7512095972384182,0.33698014418866445,0.5281240859900201
0_0901_1300_U9TEJGM,0.2336678479313535,0.16057540073961518,0.21415277407313138,0.20279867424803336
1_0901_1300_U9TEJGM,0.243066960072534,0.27503358331551375,0.2540768503496276,0.25739246457922516
2_0901_1300_U9TEJGM,,,,
3_0901_1300_U9TEJGM,0.4316310612356169,0.3596593232103798,0.3582760992994704,0.3831888279151557
4_0901_1300_U9TEJGM,0.22305977842827476,0.15920244556002244,0.4719885488031477,0.28475025759714834
5_0901_1300_U9TEJGM,0.3920862775611989,0.3218537673504824,0.2972746925895247,0.33707157916706865
6_0901_1300_U9TEJGM,0.400203184106702,0.1178685987336439,0.2867834361366671,0.26828507299233767
7_0901_1300_U9TEJGM,0.09069557990571935,0.11036469791888646,0.1866281042936625,0.12922946070608943
8_0901_1300_U9TEJGM,0.15237030892663275,0.6128976411284494,0.24182414669867344,0.3356973655845852
9_0901_1300_U9TEJGM,,,,
10_0901_1300_U9TEJGM,0.2377889003887664,0.19466482518478176,0.30978824772500446,0.24741399109951753
11_0901_1300_U9TEJGM,,,,
12_0901_1300_U9TEJGM,0.38114608712352666,0.18702780120610676,0.35972260367195014,0.3092988306671945
13_0901_1300_U9TEJGM,,,,
14_0901_1300_U9TEJGM,0.26402824303642514,0.31034973597110876,0.21398346255952708,0.2627871471890203
15_0901_1300_U9TEJGM,0.36730607846128605,0.2097603149890371,0.3079828314232756,0.2950164082911996
16_0901_1300_U9TEJGM,0.3265996070312604,0.31696841571387163,0.33142147924974735,0.3249965006649598
17_0901_1300_U9TEJGM,,,,
18_0901_1300_U9TEJGM,0.41688685397682096,0.13388438293656563,0.45443290914579587,0.33506804868639417
19_0901_1300_U9TEJGM,,,,
20_0901_1300_U9TEJGM,0.4642092669035958,0.47375065855918397,0.46168938344204785,0.46654976963494255
21_0901_1300_U9TEJGM,0.26078831754488047,0.34252783816577387,0.20792551918487842,0.27041389163184426
22_0901_1300_U9TEJGM,0.14368070283591225,0.3683272388968047,0.24623176364670463,0.2527465684598072
23_0901_1300_U9TEJGM,0.20595650246643382,0.07452598093369776,0.09546742787410663,0.12531663709141275
24_0901_1300_U9TEJGM,0.10816755819611791,0.33900587184416836,0.3060704622041875,0.2510812974148246
25_0901_1300_U9TEJGM,,,,
26_0901_1300_U9TEJGM,0.2916713366829232,0.14235901086021155,0.13192115154331957,0.18865049969548475
27_0901_1300_U9TEJGM,0.10560316916229584,0.13779301691383858,0.2308826473743859,0.15809294448350678
28_0901_1300_U9TEJGM,0.30909510228397036,0.36690050643456074,0.24665391362961162,0.30754984078271425
29_0901_1300_U9TEJGM,0.03357198969369746,0.15738559782048978,0.2879775579899607,0.15964504850138264
30_0901_1300_U9TEJGM,0.1872173125752846,0.29312573194391883,0.408095635322043,0.29614622661374884
31_0901_1300_U9TEJGM,,,,
32_0901_1300_U9TEJGM,0.3448668968030191,0.3669223949688354,0.1491581874471404,0.2869824930729983
33_0901_1300_U9TEJGM,0.31272079858284757,0.3810730401659664,0.49985441579126205,0.39788275151335867
34_0901_1300_U9TEJGM,0.13375105400107765,0.26971598576178807,0.21962921245118672,0.20769875073801747
35_0901_1300_U9TEJGM,,,,
36_0901_1300_U9TEJGM,0.3294822449885831,0.16061909733404614,0.3914290592581562,0.29384346719359516
37_0901_1300_U9TEJGM,0.20344473414512457,0.21020068001309303,0.093805614997371,0.16915034305186286
38_0901_1300_U9TEJGM,,,,
39_0901_1300_U9TEJGM,0.1881284469761877,0.2917722707946305,0.23870937542530113,0.23953669773203976
40_0901_1300_U9TEJGM,0.227787080914434,0.22020392746650294,0.21622082385970617,0.22140394408021438
41_0901_1300_U9TEJGM,0.35282058175404685,0.34497065016840295,0.24950792698293753,0.31576638630179577
42_0901_1300_U9TEJGM,0.1385938537694588,0.1412712524138397,0.3436942763517239,0.20785312751167415
43_0901_1300_U9TEJGM,,,,
44_0901_1300_U9TEJGM,0.293941709851612,0.6528560215903202,0.41918037770969585,0.45532603638387603
45_0901_1300_U9TEJGM,0.4005378327032812,0.21832291653655955,0.42020137308335737,0.3463540407743994
46_0901_1300_U9TEJGM,,,,
47_0901_1300_U9TEJGM,0.028333885310007467,0.08954111535727816,0.10190327716209381,0.07325942594312647
48_0901_1300_U9TEJGM,0.30232596949450563,0.20445170610152885,0.27892575272598813,0.2619011427740075
49_0901_1300_U9TEJGM,,,,
50_0901_1300_U9TEJGM,0.34886847010151417,0.311410461674745,0.3784819660623939,0.3462536326128844
51_0901_1300_U9TEJGM,,,,
52_0901_1300_U9TEJGM,0.24107431232915055,0.27512354243389575,0.20157387626666537,0.23925724367657056
53_0901_1300_U9TEJGM,,,,
54_0901_1300_U9TEJGM,0.35326875892908,0.2178568343385426,0.2522270213419067,0.27445087153650977
55_0901_1300_U9TEJGM,0.2522299467642422,0.22813161862727382,0.5143409635514381,0.33156750964765136
56_0901_1300_U9TEJGM,,,,
57_0901_1300_U9TEJGM,,,,
58_0901_1300_U9TEJGM,,,,
59_0901_1300_U9TEJGM,0.23744608002512466,0.19007849257361553,0.19774773598743245,0.20842410286205756
60_0901_1300_U9TEJGM,0.43531041761948225,0.33957483556074797,0.22324369397759858,0.3327096490526096
61_0901_1300_U9TEJGM,0.21950496042686515,0.23775496574960742,0.19306046114862677,0.2167734624416998
62_0901_1300_U9TEJGM,,,,
63_0901_1300_U9TEJGM,0.16262092861311372,0.20535874435156398,0.22836595398342027,0.198781875649366
64_0901_1300_U9TEJGM,,,,
65_0901_1300_U9TEJGM,0.047871121388944,0.03184661641086315,0.07480302619951272,0.051506921333106616
66_0901_1300_U9TEJGM,0.21001594825905878,0.11709001857257854,0.14495071473113771,0.15735222718759168
67_0901_1300_U9TEJGM,0.3299318186121097,0.4739603235821483,0.4181490089877464,0.4073470503940015
68_0901_1300_U9TEJGM,0.14963358849453032,0.17729033439750744,0.18278645317344125,0.169903458688493
69_0901_1300_U9TEJGM,0.14807775921165447,0.42211109467833596,0.4685433542581201,0.3462440693827035
70_0901_1300_U9TEJGM,,,,
71_0901_1300_U9TEJGM,,,,
72_0901_1300_U9TEJGM,0.21265020193949827,0.1492936723721651,0.1906258364597466,0.18418990359046997
73_0901_1300_U9TEJGM,,,,
74_0901_1300_U9TEJGM,0.3332359109979354,0.2451626736606094,0.15109472991102266,0.24316443818985586
75_0901_1300_U9TEJGM,0.0838955229043577,0.1551529526233332,0.21743538281168093,0.15216128611312393
76_0901_1300_U9TEJGM,,,,
77_0901_1300_U9TEJGM,,,,
78_0901_1300_U9TEJGM,,,,
79_0901_1300_U9TEJGM,0.25979431262600233,0.3689936157845351,0.5066880862957782,0.3784920049021052
80_0901_1300_U9TEJGM,0.16328494885566153,0.13398229005239473,0.3960880214386085,0.23111842011555495
81_0901_1300_U9TEJGM,0.12748787323313834,0.1174217500783681,0.321733902574768,0.18888117529542484
82_0901_1300_U9TEJGM,0.13160852675026677,0.30546584297429175,0.3017107151314235,0.24626169495199401
83_0901_1300_U9TEJGM,,,,
84_0901_1300_U9TEJGM,0.3352203189573477,0.21207423752968746,0.3003063277204191,0.28253362806915144
85_0901_1300_U9TEJGM,0.26848534275212904,0.1362389192050114,0.1592428376405832,0.1879890331992412
86_0901_1300_U9TEJGM,0.2789112146997436,0.23029050514113092,0.5983340203809663,0.3691785800739469
87_0901_1300_U9TEJGM,,,,
88_0901_1300_U9TEJGM,0.20863064875918158,0.16199992845615238,0.25964190698822487,0.21009082806785295
89_0901_1300_U9TEJGM,0.14668888164888205,0.44704192159190176,0.26230374893398783,0.2853448507249239
90_0901_1300_U9TEJGM,0.3864696907456567,0.20777227003899448,0.24609764903266576,0.280113203272439
91_0901_1300_U9TEJGM,,,,
92_0901_1300_U9TEJGM,,,,
93_0901_1300_U9TEJGM,0.4849911789486885,0.4327238664185389,0.6005716048296682,0.5060955500656319
94_0901_1300_U9TEJGM,0.4980127819204922,0.27822496179584494,0.29364947896487603,0.356629074227071
95_0901_1300_U9TEJGM,,,,
96_0901_1300_U9TEJGM,,,,
97_0901_1300_U9TEJGM,,,,
98_0901_1300_U9TEJGM,0.09061265060004182,0.2171159845441569,0.3564234205624442,0.22138401856888099
99_0901_1300_U9TEJGM,,,,
100_0901_1300_U9TEJGM,0.17992085624977353,0.16461932094003542,0.05687419351167309,0.13380479023382735
101_0901_1300_U9TEJGM,0.1559550775707599,0.37856750604617767,0.47171630164004325,0.33541296175232693
102_0901_1300_U9TEJGM,,,,
103_0901_1300_U9TEJGM,0.2808552249118397,0.12442486855164864,0.2991358027702343,0.2348052987445742
104_0901_1300_U9TEJGM,0.28111275568808064,0.16566407322724427,0.15106285793677962,0.19927989561736817
105_0901_1300_U9TEJGM,,,,
106_0901_1300_U9TEJGM,0.22270467578359163,0.13926512619983802,0.27766238090045486,0.21321072762796148
107_0901_1300_U9TEJGM,,,,
108_0901_1300_U9TEJGM,,,,
109_0901_1300_U9TEJGM,0.19367947727508894,0.1766230533213177,0.10283922161739878,0.1577139174046018
110_0901_1300_U9TEJGM,,,,
111_0901_1300_U9TEJGM,,,,
112_0901_1300_U9TEJGM,0.226357885111371,0.1528858306359424,0.2705144849419994,0.21658606689643758
113_0901_1300_U9TEJGM,,,,
114_0901_1300_U9TEJGM,,,,
115_0901_1300_U9TEJGM,0.13427935251146964,0.21917034635643043,0.20374755133667233,0.18573241673485744
116_0901_1300_U9TEJGM,0.15403999816299246,0.3181975479336687,0.3148898610980697,0.26237580239824365
117_0901_1300_U9TEJGM,0.3009579681397019,0.21468347965017023,0.08198756379021599,0.19920967052669603
118_0901_1300_U9TEJGM,0.27562835616274545,0.16239340073181804,0.2405380963193593,0.22618661773797424
119_0901_1300_U9TEJGM,0.35037155754496724,0.07302231045676223,0.27243915232930027,0.23194434011034323
120_0901_1300_U9TEJGM,0.3823795227792363,0.34768642899453744,0.42632480640874904,0.3854635860608409
121_0901_1300_U9TEJGM,,,,
122_0901_1300_U9TEJGM,0.11819664748156648,0.35496095152546464,0.06418347462727687,0.17911369121143603
123_0901_1300_U9TEJGM,,,,
124_0901_1300_U9TEJGM,0.5284390019197011,0.2567681568091111,0.4154499679624149,0.400219042230409
125_0901_1300_U9TEJGM,,,,
126_0901_1300_U9TEJGM,0.2932821500135862,0.12184478623624101,0.4131359285828422,0.2760876216108898
127_0901_1300_U9TEJGM,0.2652697212468163,0.5269191348165623,0.46706145359552553,0.4197501032196347
128_0901_1300_U9TEJGM,,,,
129_0901_1300_U9TEJGM,0.05608454819799665,0.11826019311977437,0.12332342617963128,0.09922272249913411
130_0901_1300_U9TEJGM,0.471816118782036,0.19363943354423427,0.3904715882386072,0.3519757135216259
131_0901_1300_U9TEJGM,0.5377727421221606,0.27439256900222025,0.15841084524262053,0.32352538545566717
2_0915_1000_539136F,0.5475935908929749,0.1802985212868049,0.07961747947311391,0.2691698638842979
3_0915_1000_539136F,0.43497993602234414,0.16504791275056183,0.182017629432115,0.2606818260683403
4_0915_1000_539136F,0.25153804836471366,0.3767310988548356,0.31301011405777107,0.31375975375910675
5_0915_1000_539136F,0.1681079818971806,0.12546818698083628,0.11392592731091374,0.13583403206297687
6_0915_1000_539136F,0.5476264536690084,0.2545064456541564,0.19670284228312682,0.3329452472020972
7_0915_1000_539136F,0.3502276862733192,0.1776412398458751,0.24744573318386695,0.25843821976768705
8_0915_1000_539136F,0.40264777951368336,0.17058221095403595,0.10171045300072912,0.22498014782281614
9_0915_1000_539136F,0.5259505792296023,0.21716618272585797,0.1167225815721938,0.28661311450921806
10_0915_1000_539136F,0.4569124322270099,0.18546985532328464,0.1517395485722239,0.26470727870750616
11_0915_1000_539136F,0.08717880063385099,0.18780580508405822,0.10865414948618245,0.12787958506803057
12_0915_1000_539136F,0.24381646293645654,0.07047587229752553,0.07451871134455605,0.12960368219284604
13_0915_1000_539136F,0.13290985195819613,0.10971398306879598,0.15223135118871503,0.1316183954052357
14_0915_1000_539136F,0.4026886241064253,0.13550178574652716,0.16678277209338419,0.23499106064877887
15_0915_1000_539136F,0.28006324920678444,0.3604530563432951,0.07549856401547905,0.23867162318851953
16_0915_1000_539136F,0.35310186297797846,0.47734436726399876,0.089613416526095,0.30668654892269076
17_0915_1000_539136F,0.41824593392109355,0.19673804970229844,0.14174263179812516,0.2522422051405057
18_0915_1000_539136F,0.14134220460558364,0.1880182341224552,0.15378343454316887,0.16104795775706923
19_0915_1000_539136F,0.21528841546952626,0.3892522590541037,0.2703228585270836,0.29162117768357115
20_0915_1000_539136F,0.17943924930619204,0.1569833717986228,0.10683297094982325,0.1477518640182127
21_0915_1000_539136F,0.5104825377082307,0.05095589265000827,0.21013464556063055,0.25719102530628984
22_0915_1000_539136F,0.41917344543666957,0.16583935786676504,0.17666871194357567,0.2538938384156701
23_0915_1000_539136F,0.34134249587221416,0.19374389645518397,0.37441404155549135,0.30316681129429646
24_0915_1000_539136F,0.3809376384540772,0.166824371537778,0.16707818772438132,0.23828006590541218
25_0915_1000_539136F,,,,
26_0915_1000_539136F,0.31920518830448785,0.2797478842548937,0.2644279655445148,0.28779367936796546
27_0915_1000_539136F,0.09160580238277455,0.11276377318228463,0.25385624792250167,0.1527419411625203
28_0915_1000_539136F,0.188007411089121,0.32368930010832936,0.2962125254465995,0.26930307888134997
29_0915_1000_539136F,0.20215213063200502,0.09826056853910929,0.13875816770618635,0.14639028895910022
30_0915_1000_539136F,0.20397550935976724,0.08680238313559603,0.11027343289996543,0.13368377513177623
31_0915_1000_539136F,0.12100272938536538,0.11454620646035729,0.10470113634839427,0.11341669073137232
32_0915_1000_539136F,0.20777381884438553,0.12264075969210908,0.1845663843252415,0.17166032095391204
33_0915_1000_539136F,,,,
34_0915_1000_539136F,0.1459687863067296,0.1286819744792592,0.17522940006950827,0.14996005361849904
35_0915_1000_539136F,0.5566242954031483,0.26771902913844886,0.3084260987513835,0.37758980776432693
36_0915_1000_539136F,0.19678340853104245,0.06218624184812457,0.10331097857512574,0.12076020965143092
37_0915_1000_539136F,0.3154637839713566,0.25007251100658573,0.28469625927873093,0.2834108514188911
38_0915_1000_539136F,0.21002074477922084,0.20916392568524222,0.28520309207017086,0.234795920844878
39_0915_1000_539136F,,,,
40_0915_1000_539136F,0.39461741263806543,0.14971686670842102,0.13155101969155159,0.22529509967934602
41_0915_1000_539136F,,,,
42_0915_1000_539136F,0.39535727690554423,0.22426590750260503,0.13537847208110312,0.2516672188297508
43_0915_1000_539136F,0.11264573058174733,0.1293451233387933,0.19683674145780958,0.14627586512611676
44_0915_1000_539136F,0.2071040121957416,0.0958371197694191,0.15575352504936493,0.15289821900484188
46_0915_1000_539136F,0.17659816648208385,0.03336344027925483,0.137995801513876,0.11598580275840491
47_0915_1000_539136F,0.25867743155790596,0.2079175034381794,0.18502069170785118,0.2172052089013122
48_0915_1000_539136F,0.20859323122069554,0.4259438642158524,0.11670756753965389,0.25041488765873393
49_0915_1000_539136F,0.2682611048377396,0.1731196899771749,0.13382725035630386,0.19173601505707275
50_0915_1000_539136F,,,,
51_0915_1000_539136F,0.16614138997170827,0.2544977490800642,0.07725329268723556,0.16596414391300265
52_0915_1000_539136F,0.38437160053653185,0.17004349360204266,0.08033612594078139,0.21158374002645197
53_0915_1000_539136F,0.38832373811683674,0.24729013248440723,0.06956635292813312,0.23506007450979238
54_0915_1000_539136F,0.22273022600297535,0.24519372610895887,0.16446171829045048,0.21079522346746157
55_0915_1000_539136F,,,,
56_0915_1000_539136F,0.1635343566413908,0.09262362866714989,0.20030962523375598,0.15215587018076557
57_0915_1000_539136F,0.49038612563223777,0.05967523088651817,0.24420615362384712,0.26475583671420105
58_0915_1000_539136F,0.343166459858889,0.287329815536743,0.34209916030583226,0.3241984785671548
59_0915_1000_539136F,0.5217592553345146,0.15229095454773356,0.2983015971920064,0.3241172690247515
60_0915_1000_539136F,0.3029429096604093,0.0514789853112427,0.25716611085849356,0.2038626686100485
61_0915_1000_539136F,0.26326080262836005,0.1426158521033898,0.09125354008135944,0.1657100649377031
62_0915_1000_539136F,,,,
63_0915_1000_539136F,0.44290622144033315,0.1267677532788677,0.05159528869251845,0.20708975447057307
64_0915_1000_539136F,0.30651488614551964,0.259680019774052,0.259589563603495,0.2752614898410222
66_0915_1000_539136F,0.3960363340293753,0.21748377668690708,0.30812997662423164,0.30721669578017136
67_0915_1000_539136F,,,,
68_0915_1000_539136F,,,,
69_0915_1000_539136F,0.3278782048566957,0.1627254206945871,0.21159662363792273,0.23406674972973518
70_0915_1000_539136F,,,,
71_0915_1000_539136F,0.2635866005977845,0.16595935986031654,0.5117884912862859,0.3137781505814623
72_0915_1000_539136F,0.4257263398187537,0.07734504364725049,0.19649816295787545,0.2331898488079599
73_0915_1000_539136F,0.319439577012176,0.14413231654175232,0.2548093693612452,0.2394604209717245
74_0915_1000_539136F,,,,
75_0915_1000_539136F,0.3347251088403597,0.35740733770008176,0.056871226494935624,0.24966789101179235
76_0915_1000_539136F,0.34659580468594225,0.28757639024706894,0.049582000751913234,0.22791806522830815
77_0915_1000_539136F,0.35711462978651404,0.12549948718722043,0.2307893571254002,0.23780115803304488
78_0915_1000_539136F,0.13392563681825276,0.09848419797611663,0.06894189723227521,0.10045057734221487
79_0915_1000_539136F,,,,
81_0915_1000_539136F,0.13946306888923812,0.17291849233348458,0.23603852321454744,0.1828066948124234
83_0915_1000_539136F,0.4728658628561681,0.25803527932954795,0.20242227854196934,0.3111078069092285
84_0915_1000_539136F,0.41362295342988925,0.10406979841549756,0.10025334217020594,0.2059820313385309
85_0915_1000_539136F,0.45739610650769347,0.27629463393763215,0.1982789981656888,0.3106565795370048
86_0915_1000_539136F,0.47300052023902595,0.12575264342530093,0.128242368347161,0.24233184400382926
87_0915_1000_539136F,0.2610632217334073,0.1521562533881645,0.055496049614759006,0.15623850824544358
88_0915_1000_539136F,0.18202457271914876,0.02760956829403315,0.22808058072252593,0.14590490724523594
89_0915_1000_539136F,,,,
90_0915_1000_539136F,0.24759665006832512,0.13851741142404186,0.2053333744029723,0.19714914529844643
91_0915_1000_539136F,0.08880430948738031,0.13368394299375916,0.21547531287760882,0.14598785511958276
92_0915_1000_539136F,0.06773614016833251,0.22566190550820864,0.19385052619258458,0.1624161906230419
93_0915_1000_539136F,0.1909464040535567,0.16233620699055637,0.12888992901132676,0.16072418001847996
94_0915_1000_539136F,0.16068100809773367,0.07687201714706238,0.13758502936263972,0.1250460182024786
95_0915_1000_539136F,0.4233745972872945,0.3051241187810794,0.12070642346103433,0.2830683798431361
96_0915_1000_539136F,,,,
97_0915_1000_539136F,0.30626005379160687,0.15534985277606048,0.056550726587939394,0.17272021105186888
98_0915_1000_539136F,0.28879520622689686,0.3782016543925839,0.3443425559479775,0.33711313885581945
99_0915_1000_539136F,0.18428866952439585,0.11540030244685547,0.17453098043253146,0.1580733174679276
100_0915_1000_539136F,0.3444771321008077,0.24829968800310498,0.1749344846401304,0.25590376824801436
101_0915_1000_539136F,0.8639361436405807,0.7030340736623867,0.6180747053048123,0.7283483075359266
102_0915_1000_539136F,0.06627783214100559,0.17628607837532306,0.13688442333150472,0.12648277794927779
103_0915_1000_539136F,0.29998803975878313,0.22712896415827186,0.14690244697467633,0.22467315029724377
104_0915_1000_539136F,,,,
105_0915_1000_539136F,0.23642659220087406,0.280822849229151,0.4040218861052974,0.30709044251177414
107_0915_1000_539136F,,,,
108_0915_1000_539136F,,,,
109_0915_1000_539136F,0.18141482503064918,0.13796056173638652,0.3172404131609448,0.21220526664266015
111_0915_1000_539136F,,,,
112_0915_1000_539136F,0.1981386280463526,0.202452539216912,0.14525331166597646,0.18194815964308034
113_0915_1000_539136F,,,,
114_0915_1000_539136F,0.4839173139930668,0.17707821413676364,0.038513248944742874,0.2331695923581911
115_0915_1000_539136F,0.4036215346709214,0.1651847152053816,0.21830403184587513,0.2623700939073927
116_0915_1000_539136F,,,,
117_0915_1000_539136F,0.06259191549492593,0.2782853388568363,0.24471557774159045,0.1951976106977842
118_0915_1000_539136F,,,,
119_0915_1000_539136F,0.5465049600159305,0.19075002525779663,0.1833336072523001,0.3068628641753424
120_0915_1000_539136F,0.09595976232700064,0.05738859336412061,0.07890500686107564,0.07741778751739897
121_0915_1000_539136F,,,,
122_0915_1000_539136F,,,,
123_0915_1000_539136F,,,,
124_0915_1000_539136F,,,,
125_0915_1000_539136F,,,,
126_0915_1000_539136F,,,,
127_0915_1000_539136F,,,,
128_0915_1000_539136F,,,,
129_0915_1000_539136F,,,,
130_0915_1000_539136F,,,,
131_0915_1000_539136F,,,,
132_0915_1000_539136F,0.13056441703696398,0.3962331908981435,0.15371878068154743,0.22683879620555167
133_0915_1000_539136F,,,,
134_0915_1000_539136F,,,,
135_0915_1000_539136F,,,,
1_0915_1000_9M4VCHG,0.17712167532762782,0.5071585182525199,0.34664241033774673,0.3436408679726315
2_0915_1000_9M4VCHG,0.4157145131492542,0.7230640230962978,0.79011550836228,0.642964681535944
3_0915_1000_9M4VCHG,0.3442480871047071,0.7154497864157978,0.6530392608781135,0.5709123781328728
4_0915_1000_9M4VCHG,0.31836452716325686,0.6107931028199829,0.5346968640093522,0.48795149799753074
5_0915_1000_9M4VCHG,0.11173988039826709,0.5202551390144747,0.4828057375508436,0.37160025232119515
6_0915_1000_9M4VCHG,0.4568198697431077,0.6611338000434456,0.7121533391629719,0.6100356696498417
7_0915_1000_9M4VCHG,0.4417433641177819,0.657880572983146,0.6762816662433142,0.5919685344480806
8_0915_1000_9M4VCHG,0.5854336468204704,0.671344276311609,0.7134844627101202,0.6567541286140665
9_0915_1000_9M4VCHG,0.22806801768133478,0.6186741027175993,0.5794147520592087,0.4753856241527143
10_0915_1000_9M4VCHG,0.43397271148693556,0.7285039590671887,0.6087644058331421,0.5904136921290888
11_0915_1000_9M4VCHG,0.18912688872756486,0.4391510942511612,0.3117209243736529,0.3133329691174596
12_0915_1000_9M4VCHG,0.22191430876031717,0.5421210112692427,0.503351722692298,0.4224623475739526
13_0915_1000_9M4VCHG,0.2917123086372882,0.524617197903649,0.6805744416052661,0.49896798271540116
14_0915_1000_9M4VCHG,,,,
15_0915_1000_9M4VCHG,,,,
16_0915_1000_9M4VCHG,0.13204113096702563,0.6117474187718831,0.5342136369383219,0.4260007288924102
17_0915_1000_9M4VCHG,,,,
18_0915_1000_9M4VCHG,0.38071494344231854,0.5602237234916169,0.6212725404739802,0.520737069135972
19_0915_1000_9M4VCHG,0.3430541301307688,0.742833995849972,0.6784375958860428,0.5881085739555946
20_0915_1000_9M4VCHG,,,,
21_0915_1000_9M4VCHG,,,,
22_0915_1000_9M4VCHG,,,,
23_0915_1000_9M4VCHG,0.2653871663921193,0.6354316650710713,0.6353941166062907,0.5120709826898272
24_0915_1000_9M4VCHG,,,,
25_0915_1000_9M4VCHG,0.1263082165765906,0.635399338657069,0.36098052952606996,0.37422936158657655
26_0915_1000_9M4VCHG,,,,
27_0915_1000_9M4VCHG,,,,
28_0915_1000_9M4VCHG,,,,
29_0915_1000_9M4VCHG,,,,
30_0915_1000_9M4VCHG,,,,
31_0915_1000_9M4VCHG,,,,
32_0915_1000_9M4VCHG,,,,
33_0915_1000_9M4VCHG,,,,
34_0915_1000_9M4VCHG,0.2820148832356188,0.6953350021870192,0.45514916259072286,0.47749968267112025
35_0915_1000_9M4VCHG,,,,
36_0915_1000_9M4VCHG,,,,
37_0915_1000_9M4VCHG,,,,
38_0915_1000_9M4VCHG,,,,
39_0915_1000_9M4VCHG,,,,
40_0915_1000_9M4VCHG,,,,
41_0915_1000_9M4VCHG,,,,
42_0915_1000_9M4VCHG,,,,
43_0915_1000_9M4VCHG,0.4554449765785138,0.5544501740166359,0.5932412857523875,0.5343788121158458
44_0915_1000_9M4VCHG,0.172364268775301,0.4041599197158503,0.44826948607396827,0.34159789152170655
45_0915_1000_9M4VCHG,,,,
46_0915_1000_9M4VCHG,0.17356994467410103,0.6106571747361604,0.4901576552550573,0.42479492488843956
47_0915_1000_9M4VCHG,,,,
48_0915_1000_9M4VCHG,,,,
49_0915_1000_9M4VCHG,,,,
50_0915_1000_9M4VCHG,,,,
51_0915_1000_9M4VCHG,,,,
52_0915_1000_9M4VCHG,,,,
53_0915_1000_9M4VCHG,,,,
54_0915_1000_9M4VCHG,,,,
55_0915_1000_9M4VCHG,,,,
56_0915_1000_9M4VCHG,,,,
57_0915_1000_9M4VCHG,,,,
58_0915_1000_9M4VCHG,,,,
59_0915_1000_9M4VCHG,,,,
60_0915_1000_9M4VCHG,,,,
61_0915_1000_9M4VCHG,,,,
62_0915_1000_9M4VCHG,,,,
63_0915_1000_9M4VCHG,,,,
64_0915_1000_9M4VCHG,,,,
65_0915_1000_9M4VCHG,,,,
66_0915_1000_9M4VCHG,,,,
67_0915_1000_9M4VCHG,,,,
68_0915_1000_9M4VCHG,,,,
69_0915_1000_9M4VCHG,,,,
70_0915_1000_9M4VCHG,,,,
71_0915_1000_9M4VCHG,,,,
72_0915_1000_9M4VCHG,,,,
73_0915_1000_9M4VCHG,,,,
74_0915_1000_9M4VCHG,,,,
75_0915_1000_9M4VCHG,0.41753362628161383,0.695770188197398,0.7281921664876867,0.6138319936555662
76_0915_1000_9M4VCHG,0.2771835424850936,0.6565744177511358,0.568938109178801,0.5008986898050102
77_0915_1000_9M4VCHG,,,,
78_0915_1000_9M4VCHG,,,,
79_0915_1000_9M4VCHG,0.3368599682472075,0.4629356457351255,0.5959765916523235,0.4652574018782188
80_0915_1000_9M4VCHG,0.2952451994412842,0.307214849827796,0.5044478235946067,0.36896929095456227
81_0915_1000_9M4VCHG,0.23301878724796346,0.6954199142485247,0.6012462923241652,0.5098949979402178
82_0915_1000_9M4VCHG,,,,
83_0915_1000_9M4VCHG,0.1412279446345858,0.3574315441809443,0.41966685563415407,0.30610878148322807
84_0915_1000_9M4VCHG,,,,
85_0915_1000_9M4VCHG,0.4872996969395544,0.5042163164855905,0.6826178335375133,0.5580446156542194
86_0915_1000_9M4VCHG,,,,
87_0915_1000_9M4VCHG,0.17308372891689106,0.7220736175727319,0.5643140349281678,0.486490460472597
88_0915_1000_9M4VCHG,,,,
89_0915_1000_9M4VCHG,,,,
90_0915_1000_9M4VCHG,,,,
91_0915_1000_9M4VCHG,,,,
92_0915_1000_9M4VCHG,,,,
93_0915_1000_9M4VCHG,,,,
94_0915_1000_9M4VCHG,,,,
95_0915_1000_9M4VCHG,0.14406092869813616,0.7142985613524413,0.6622067963675956,0.5068554288060577
96_0915_1000_9M4VCHG,,,,
97_0915_1000_9M4VCHG,,,,
98_0915_1000_9M4VCHG,,,,
99_0915_1000_9M4VCHG,,,,
100_0915_1000_9M4VCHG,,,,
101_0915_1000_9M4VCHG,,,,
102_0915_1000_9M4VCHG,,,,
103_0915_1000_9M4VCHG,,,,
104_0915_1000_9M4VCHG,,,,
105_0915_1000_9M4VCHG,,,,
106_0915_1000_9M4VCHG,,,,
107_0915_1000_9M4VCHG,,,,
108_0915_1000_9M4VCHG,,,,
109_0915_1000_9M4VCHG,,,,
110_0915_1000_9M4VCHG,0.3039652421375198,0.5141291909174218,0.5149446634262148,0.44434636549371875
111_0915_1000_9M4VCHG,,,,
112_0915_1000_9M4VCHG,0.20414764804813126,0.755217134559575,0.5268155596432349,0.4953934474169803
113_0915_1000_9M4VCHG,,,,
114_0915_1000_9M4VCHG,,,,
115_0915_1000_9M4VCHG,,,,
116_0915_1000_9M4VCHG,,,,
117_0915_1000_9M4VCHG,,,,
118_0915_1000_9M4VCHG,,,,
119_0915_1000_9M4VCHG,,,,
120_0915_1000_9M4VCHG,,,,
121_0915_1000_9M4VCHG,,,,
122_0915_1000_9M4VCHG,,,,
123_0915_1000_9M4VCHG,,,,
124_0915_1000_9M4VCHG,,,,
125_0915_1000_9M4VCHG,0.46103545433430204,0.7652639790903945,0.6934648877854536,0.6399214404033834
126_0915_1000_9M4VCHG,,,,
127_0915_1000_9M4VCHG,,,,
128_0915_1000_9M4VCHG,,,,
129_0915_1000_9M4VCHG,,,,
130_0915_1000_9M4VCHG,,,,
131_0915_1000_9M4VCHG,,,,
132_0915_1000_9M4VCHG,,,,
4_0915_1000_U9TEJGM,0.7693776996929508,0.6756658910904775,0.11819911613472524,0.5210809023060512
5_0915_1000_U9TEJGM,0.423191661410871,0.3327400338512268,0.10163075353607857,0.2858541495993921
7_0915_1000_U9TEJGM,0.6774207053058211,0.5086775071930575,0.10187176879025552,0.42932332709637805
8_0915_1000_U9TEJGM,0.7688159919013758,0.6169971202833023,0.24633813171377117,0.5440504146328164
9_0915_1000_U9TEJGM,0.7510485515942679,0.5370661245081485,0.12210288098032328,0.4700725190275799
10_0915_1000_U9TEJGM,0.27878531221234754,0.18706023342318345,0.16125886939083822,0.2090348050087897
11_0915_1000_U9TEJGM,0.7432407634598226,0.6197849291533293,0.4015000696874928,0.5881752541002149
13_0915_1000_U9TEJGM,0.7093535776131453,0.44751446883884904,0.13424762683169536,0.4303718910945633
14_0915_1000_U9TEJGM,0.38352765280406764,0.1711379041139689,0.15132970920919123,0.23533175537574258
15_0915_1000_U9TEJGM,0.6204868648971487,0.46027398318335283,0.09165495242872801,0.39080526683640987
16_0915_1000_U9TEJGM,,,,
17_0915_1000_U9TEJGM,0.2813641991694014,0.12436454827617265,0.1713549055880295,0.19236121767786785
18_0915_1000_U9TEJGM,0.6692684731723921,0.46901706206339894,0.32445459085141093,0.4875800420290673
19_0915_1000_U9TEJGM,0.47341016772365335,0.42394761847142837,0.09819380480903404,0.33185053033470524
20_0915_1000_U9TEJGM,0.5869382803267281,0.18802161895675318,0.32009126773912244,0.36501705567420123
21_0915_1000_U9TEJGM,0.20098362910044623,0.2858418735464302,0.23180088455220485,0.2395421290663604
22_0915_1000_U9TEJGM,0.46133555604440496,0.316680455286628,0.17054558235823478,0.31618719789642263
23_0915_1000_U9TEJGM,0.11574795920479852,0.2289415198713131,0.1441159345003881,0.1629351378588332
24_0915_1000_U9TEJGM,0.6706018481423598,0.560262446304289,0.23822449317344593,0.48969626254003157
25_0915_1000_U9TEJGM,0.3077035170332523,0.1311204184704052,0.12160466880813375,0.18680953477059706
26_0915_1000_U9TEJGM,0.6061343851967923,0.45351874614788096,0.2527627887874299,0.43747197337736776
27_0915_1000_U9TEJGM,0.6670301920588676,0.5004729228453212,0.31145909277207573,0.49298740255875484
28_0915_1000_U9TEJGM,0.6345479809652769,0.3618642304789463,0.5189324089654402,0.5051148734698878
30_0915_1000_U9TEJGM,0.21811825836991328,0.194300054384325,0.24563977028550754,0.21935269434658192
31_0915_1000_U9TEJGM,0.4215768518196468,0.21293886724824387,0.2792718543332596,0.3045958578003834
32_0915_1000_U9TEJGM,0.45446915240357727,0.2568734143020046,0.2714025490381144,0.3275817052478988
33_0915_1000_U9TEJGM,0.6522298249345296,0.42714277380100135,0.0801448038282464,0.38650580085459246
34_0915_1000_U9TEJGM,0.16609825918859714,0.3681266016886336,0.04390327738815789,0.19270937942179622
35_0915_1000_U9TEJGM,0.2895355742268025,0.1817404212114571,0.14991324157963784,0.2070630790059658
36_0915_1000_U9TEJGM,0.48331588729231917,0.32139741813735573,0.2142145109582144,0.33964260546262975
37_0915_1000_U9TEJGM,0.6082301932623625,0.2768134076385977,0.27311584431593133,0.3860531484056305
40_0915_1000_U9TEJGM,0.1604214969323137,0.2163221586508437,0.12319745331505738,0.16664703629940492
41_0915_1000_U9TEJGM,0.4784807018455592,0.2144789760780086,0.4673675956388576,0.3867757578541418
43_0915_1000_U9TEJGM,0.6640388431214244,0.48960826164553456,0.14710583796584406,0.4335843142442677
44_0915_1000_U9TEJGM,0.3732456534167809,0.2573268693276178,0.033881235902007194,0.22148458621546863
45_0915_1000_U9TEJGM,0.5578280941880007,0.3826591050748362,0.15515431694285287,0.36521383873522995
49_0915_1000_U9TEJGM,0.30197571486005764,0.3453388721888712,0.17398407364554946,0.2737662202314928
51_0915_1000_U9TEJGM,0.5044956918740765,0.29017552614327924,0.2485506826007313,0.3477406335393623
52_0915_1000_U9TEJGM,0.3471236528083425,0.12045917441873143,0.23379374196934535,0.23379218973213978
53_0915_1000_U9TEJGM,0.42836439860061876,0.08650026885396388,0.3192990071525746,0.2780545582023857
54_0915_1000_U9TEJGM,0.24260862279684234,0.5492683730811146,0.34334942560897197,0.3784088071623097
55_0915_1000_U9TEJGM,0.605412889763331,0.5148880384714006,0.1446467754080732,0.42164923454760156
56_0915_1000_U9TEJGM,0.4362453759756682,0.19964713860587788,0.18438631731464397,0.27342627729873
57_0915_1000_U9TEJGM,0.2690955736250647,0.06488696864173109,0.3659241221982086,0.2333022214883348
58_0915_1000_U9TEJGM,0.41237485839300253,0.2522692717030134,0.12667537680093277,0.26377316896564956
60_0915_1000_U9TEJGM,0.2796186481143908,0.1998105864493045,0.38463247231557424,0.28802056895975653
61_0915_1000_U9TEJGM,0.22824800907178414,0.03573946937661949,0.27354855861954985,0.17917867902265117
63_0915_1000_U9TEJGM,0.4278746208487847,0.3858951035579116,0.25615242013748335,0.3566407148480599
64_0915_1000_U9TEJGM,0.6779262491959752,0.49191370721872785,0.11577615840432398,0.42853870493967566
65_0915_1000_U9TEJGM,0.412659848343571,0.1652619015116088,0.28656470219475966,0.2881621506833132
66_0915_1000_U9TEJGM,0.36526153264942174,0.07960727180749087,0.24269198266660794,0.22918692904117352
67_0915_1000_U9TEJGM,0.47215921522570464,0.4080961354125691,0.09257530141006608,0.32427688401611326
68_0915_1000_U9TEJGM,0.5145766318390259,0.39952189346937755,0.15136848203960981,0.35515566911600444
70_0915_1000_U9TEJGM,0.5846277667352907,0.21724215976602557,0.2559269788472676,0.3525989684495279
72_0915_1000_U9TEJGM,0.5245582996849092,0.1305075072425442,0.5307971362108628,0.39528764771277203
73_0915_1000_U9TEJGM,0.7614330518978122,0.7990817491532488,0.5005232556502853,0.6870126855671154
74_0915_1000_U9TEJGM,0.6581142174118556,0.5643628451642712,0.027197889575367562,0.4165583173838314
75_0915_1000_U9TEJGM,0.421061462970793,0.26454454888145773,0.36448539305171784,0.35003046830132284
77_0915_1000_U9TEJGM,0.3017045431124362,0.053086753447129625,0.29325031964195525,0.2160138720671737
79_0915_1000_U9TEJGM,0.13939731694691396,0.40925887875727557,0.2961070398252586,0.2815877451764827
80_0915_1000_U9TEJGM,0.5682586902635642,0.43175675940401326,0.1553363556740679,0.3851172684472151
81_0915_1000_U9TEJGM,0.5515098636613948,0.42080857137749444,0.14055662327144375,0.37095835277011097
82_0915_1000_U9TEJGM,0.49983083758525776,0.39125661180823396,0.10291275168395635,0.3313334003591493
84_0915_1000_U9TEJGM,0.757026536994207,0.7447430465104526,0.31870324723694693,0.6068242769138689
85_0915_1000_U9TEJGM,,,,
86_0915_1000_U9TEJGM,0.7413283083438197,0.5874658596958614,0.14189615797078545,0.4902301086701555
87_0915_1000_U9TEJGM,0.46164949919496157,0.5569753612721674,0.1392009014390759,0.3859419206354016
88_0915_1000_U9TEJGM,0.5524651959106505,0.4198981855225869,0.1427982108613034,0.37172053076484685
89_0915_1000_U9TEJGM,0.2651190339051707,0.10219046328216912,0.2896360257671708,0.2189818409848369
90_0915_1000_U9TEJGM,0.26134755466832177,0.2700380597881869,0.23742359856900294,0.25626973767517053
91_0915_1000_U9TEJGM,0.5796438053438935,0.2710970245869556,0.21944268729140526,0.35672783907408484
92_0915_1000_U9TEJGM,0.624175103451361,0.47503700055198955,0.08644263680738541,0.39521824693691193
93_0915_1000_U9TEJGM,0.6561794627472,0.2685081969511444,0.40457092776765613,0.4430861958220002
94_0915_1000_U9TEJGM,,,,
95_0915_1000_U9TEJGM,0.1976563359435636,0.2688367938282355,0.25686073440292895,0.24111795472490938
96_0915_1000_U9TEJGM,0.6265484942456262,0.26673285419182363,0.1757694340556097,0.35635026083101984
97_0915_1000_U9TEJGM,0.4704443793134552,0.1814740058948924,0.20209704356396438,0.28467180959077065
98_0915_1000_U9TEJGM,0.6682197507647416,0.24701739083859944,0.38144632756185787,0.4322278230550663
99_0915_1000_U9TEJGM,,,,
100_0915_1000_U9TEJGM,0.5223926787543008,0.35489022334147374,0.09349820305752303,0.32359370171776586
101_0915_1000_U9TEJGM,0.5299371948797357,0.3832109679379026,0.29332047305967535,0.4021562119591045
104_0915_1000_U9TEJGM,0.6579092435045163,0.4154389136124969,0.2404777355273501,0.43794196421478776
105_0915_1000_U9TEJGM,0.32300309999838106,0.32966963743581174,0.45683861856353153,0.3698371186659081
106_0915_1000_U9TEJGM,0.5119220421038179,0.34377046694287755,0.16134336481496642,0.3390119579538873
107_0915_1000_U9TEJGM,0.33181633989683773,0.17064764044447026,0.14179326962503055,0.2147524166554462
108_0915_1000_U9TEJGM,0.2859976837665655,0.17069519118064833,0.07969268208569759,0.1787951856776371
109_0915_1000_U9TEJGM,0.746783092154773,0.5171199268702994,0.4156269710577947,0.5598433300276223
110_0915_1000_U9TEJGM,0.50205959227939,0.40378353132678874,0.181908321138073,0.3625838149147506
111_0915_1000_U9TEJGM,0.3797904172048748,0.4544573940841001,0.12043439121865245,0.31822740083587575
112_0915_1000_U9TEJGM,0.6458653983420208,0.38340662371616546,0.1436675260161506,0.3909798493581123
113_0915_1000_U9TEJGM,,,,
114_0915_1000_U9TEJGM,0.2325776501098299,0.19240534457208244,0.3352109311861913,0.25339797528936786
115_0915_1000_U9TEJGM,0.5541464375638816,0.17537019654595518,0.19272884338579263,0.30741515916520984
116_0915_1000_U9TEJGM,0.4260325151721782,0.3273538093921526,0.20896443670014397,0.3207835870881583
117_0915_1000_U9TEJGM,0.7134568527584171,0.5654608357935591,0.043923921222513936,0.4409472032581634
118_0915_1000_U9TEJGM,0.6224057487069182,0.29780046847003705,0.5176807433577731,0.47929565351157616
119_0915_1000_U9TEJGM,0.6827148654319184,0.4637439586272496,0.2315888808354807,0.4593492349648829
120_0915_1000_U9TEJGM,0.43315879066886714,0.36537946421018225,0.1248912423445313,0.30780983240786025
121_0915_1000_U9TEJGM,0.34897330283984046,0.23187813670768667,0.5244008670565268,0.3684174355346846
122_0915_1000_U9TEJGM,0.12340058408939099,0.026798250513027144,0.20881435950957547,0.11967106470399787
123_0915_1000_U9TEJGM,0.5345968026966185,0.21113866786246213,0.3497237673794624,0.3651530793128477
124_0915_1000_U9TEJGM,0.4743511701029872,0.3327169332627316,0.21794311603707936,0.34167040646759933
125_0915_1000_U9TEJGM,0.3585242658822095,0.15080566854210387,0.31710492667184953,0.2754782870320543
126_0915_1000_U9TEJGM,0.5396501795906439,0.2807767036912719,0.27355905402482195,0.36466197910224585
127_0915_1000_U9TEJGM,,,,
128_0915_1000_U9TEJGM,0.4624524726231202,0.195796833890405,0.30272065688540567,0.32032332113297696
129_0915_1000_U9TEJGM,0.21826093625271314,0.199243462414697,0.18752749277228964,0.2016772971465666
130_0915_1000_U9TEJGM,0.5813081185994863,0.43187989546395605,0.27865069411955773,0.43061290272766667
131_0915_1000_U9TEJGM,0.23970985404160952,0.19396528501678387,0.1490177612856455,0.1942309667813463
132_0915_1000_U9TEJGM,0.498064266732857,0.3934764726681251,0.13097706866310277,0.3408392693546949
133_0915_1000_U9TEJGM,0.18026203661083343,0.08095853792476154,0.28413896397037847,0.18178651283532452
134_0915_1000_U9TEJGM,0.505923748204575,0.4769907564643123,0.09162779198378679,0.35818076555089134
135_0915_1000_U9TEJGM,0.5437972867280778,0.4230957239949092,0.054812693690269254,0.3405685681377521
138_0915_1000_U9TEJGM,0.4781905239719321,0.44294655164983926,0.41334367233314834,0.4448269159849732
139_0915_1000_U9TEJGM,0.6428260118872036,0.5697919184906394,0.16185522481920253,0.45815771839901515
140_0915_1000_U9TEJGM,0.4573347140474786,0.37965612734483006,0.15006082473531931,0.32901722204254263
141_0915_1000_U9TEJGM,,,,
142_0915_1000_U9TEJGM,0.3122888211693163,0.21276530516622316,0.055354273973458,0.19346946676966584
143_0915_1000_U9TEJGM,0.5862304987701107,0.3695733505814469,0.29948315124718317,0.41842900019958024
144_0915_1000_U9TEJGM,,,,
145_0915_1000_U9TEJGM,,,,
146_0915_1000_U9TEJGM,0.28584337938321575,0.19014187734291063,0.2825063778517636,0.2528305448592966
147_0915_1000_U9TEJGM,0.5954118452488643,0.34508475401303235,0.35447947520325407,0.43165869148838354
0_0917_1030_539136F,0.04851152071406492,0.2117608876192639,0.46412926221463935,0.24146722351598937
1_0917_1030_539136F,,,,
2_0917_1030_539136F,,,,
3_0917_1030_539136F,,,,
4_0917_1030_539136F,,,,
5_0917_1030_539136F,0.11694875481762346,0.2297157524069732,0.0840225252221277,0.14356234414890812
6_0917_1030_539136F,,,,
7_0917_1030_539136F,,,,
8_0917_1030_539136F,,,,
9_0917_1030_539136F,0.241081619597622,0.49118043206421297,0.14991266643231524,0.29405823936471676
10_0917_1030_539136F,,,,
11_0917_1030_539136F,,,,
12_0917_1030_539136F,,,,
13_0917_1030_539136F,,,,
14_0917_1030_539136F,0.07775357731323103,0.16558821194444143,0.011763358282418023,0.08503504918003017
15_0917_1030_539136F,,,,
16_0917_1030_539136F,,,,
17_0917_1030_539136F,,,,
18_0917_1030_539136F,,,,
19_0917_1030_539136F,,,,
20_0917_1030_539136F,,,,
21_0917_1030_539136F,,,,
22_0917_1030_539136F,,,,
23_0917_1030_539136F,,,,
24_0917_1030_539136F,,,,
25_0917_1030_539136F,0.351739993617576,0.20325569207480024,0.2340121034466114,0.26300259637966256
26_0917_1030_539136F,,,,
27_0917_1030_539136F,0.36801869478107535,0.49608422533558577,0.3384587703017495,0.40085389680613687
28_0917_1030_539136F,,,,
29_0917_1030_539136F,,,,
30_0917_1030_539136F,0.25526978673942674,0.17398010002488776,0.028776831901292838,0.15267557288853578
31_0917_1030_539136F,0.12556649366190628,0.4222274348358241,0.24310553703597512,0.2636331551779018
32_0917_1030_539136F,,,,
33_0917_1030_539136F,,,,
34_0917_1030_539136F,,,,
35_0917_1030_539136F,,,,
36_0917_1030_539136F,,,,
37_0917_1030_539136F,,,,
38_0917_1030_539136F,,,,
39_0917_1030_539136F,,,,
40_0917_1030_539136F,0.054254555621957,0.21010983470563294,0.0820262314987282,0.11546354060877273
41_0917_1030_539136F,,,,
42_0917_1030_539136F,,,,
43_0917_1030_539136F,,,,
44_0917_1030_539136F,0.13401591571583385,0.3505219743896882,0.2015735274987035,0.22870380586807518
45_0917_1030_539136F,0.08676476677652388,0.2723686068091358,0.07171309993639914,0.14361549117401962
46_0917_1030_539136F,,,,
47_0917_1030_539136F,,,,
48_0917_1030_539136F,,,,
49_0917_1030_539136F,,,,
50_0917_1030_539136F,,,,
51_0917_1030_539136F,,,,
52_0917_1030_539136F,,,,
53_0917_1030_539136F,,,,
54_0917_1030_539136F,,,,
55_0917_1030_539136F,,,,
56_0917_1030_539136F,0.07396522294421949,0.5835980252057508,0.17007270064831084,0.27587864959942704
57_0917_1030_539136F,,,,
58_0917_1030_539136F,,,,
59_0917_1030_539136F,,,,
60_0917_1030_539136F,,,,
61_0917_1030_539136F,,,,
62_0917_1030_539136F,,,,
63_0917_1030_539136F,,,,
64_0917_1030_539136F,,,,
65_0917_1030_539136F,,,,
66_0917_1030_539136F,,,,
67_0917_1030_539136F,0.13767032300969098,0.3111545749641483,0.03343947449011169,0.160754790821317
68_0917_1030_539136F,,,,
69_0917_1030_539136F,,,,
70_0917_1030_539136F,,,,
71_0917_1030_539136F,,,,
72_0917_1030_539136F,0.15413915092264935,0.22257202153866074,0.16190860011738287,0.17953992419289766
73_0917_1030_539136F,0.25306638008939725,0.4768588382495505,0.06346285059589891,0.2644626896449489
74_0917_1030_539136F,0.11556503656712726,0.7062679931827042,0.25111779512934745,0.3576502749597263
75_0917_1030_539136F,0.24243625358982265,0.2136012359137378,0.10921575333151239,0.18841774761169094
76_0917_1030_539136F,,,,
77_0917_1030_539136F,,,,
79_0917_1030_539136F,,,,
80_0917_1030_539136F,,,,
81_0917_1030_539136F,,,,
82_0917_1030_539136F,,,,
83_0917_1030_539136F,,,,
84_0917_1030_539136F,,,,
85_0917_1030_539136F,,,,
86_0917_1030_539136F,,,,
87_0917_1030_539136F,0.17460024675319993,0.5009667172496753,0.05370146989285762,0.2430894779652443
88_0917_1030_539136F,,,,
89_0917_1030_539136F,,,,
90_0917_1030_539136F,,,,
91_0917_1030_539136F,,,,
92_0917_1030_539136F,,,,
93_0917_1030_539136F,,,,
94_0917_1030_539136F,,,,
95_0917_1030_539136F,,,,
96_0917_1030_539136F,,,,
97_0917_1030_539136F,0.11619673798588219,0.34709178805877583,0.1433985342344932,0.2022290200930504
98_0917_1030_539136F,,,,
99_0917_1030_539136F,,,,
100_0917_1030_539136F,,,,
101_0917_1030_539136F,0.37366154380363364,0.1294027096731524,0.13953779286702214,0.21420068211460275
102_0917_1030_539136F,,,,
103_0917_1030_539136F,,,,
104_0917_1030_539136F,,,,
105_0917_1030_539136F,,,,
106_0917_1030_539136F,,,,
107_0917_1030_539136F,,,,
108_0917_1030_539136F,,,,
109_0917_1030_539136F,,,,
110_0917_1030_539136F,,,,
111_0917_1030_539136F,,,,
112_0917_1030_539136F,0.13819379487542657,0.4796011466636377,0.12513105218459203,0.24764199790788544
113_0917_1030_539136F,,,,
114_0917_1030_539136F,,,,
116_0917_1030_539136F,,,,
117_0917_1030_539136F,,,,
118_0917_1030_539136F,,,,
119_0917_1030_539136F,,,,
120_0917_1030_539136F,,,,
121_0917_1030_539136F,,,,
122_0917_1030_539136F,,,,
123_0917_1030_539136F,,,,
124_0917_1030_539136F,,,,
125_0917_1030_539136F,,,,
126_0917_1030_539136F,,,,
127_0917_1030_539136F,,,,
128_0917_1030_539136F,,,,
129_0917_1030_539136F,,,,
130_0917_1030_539136F,,,,
131_0917_1030_539136F,,,,
132_0917_1030_539136F,,,,
0_0917_1030_9M4VCHG,0.13872688483518247,0.1270993969978298,0.30895163722937213,0.19159263968746146
1_0917_1030_9M4VCHG,,,,
2_0917_1030_9M4VCHG,,,,
3_0917_1030_9M4VCHG,,,,
4_0917_1030_9M4VCHG,,,,
5_0917_1030_9M4VCHG,,,,
6_0917_1030_9M4VCHG,,,,
7_0917_1030_9M4VCHG,0.14113037366838715,0.07703053664664793,0.26361569226200254,0.16059220085901255
8_0917_1030_9M4VCHG,,,,
9_0917_1030_9M4VCHG,,,,
10_0917_1030_9M4VCHG,,,,
11_0917_1030_9M4VCHG,,,,
12_0917_1030_9M4VCHG,,,,
13_0917_1030_9M4VCHG,,,,
14_0917_1030_9M4VCHG,,,,
15_0917_1030_9M4VCHG,,,,
16_0917_1030_9M4VCHG,,,,
17_0917_1030_9M4VCHG,,,,
18_0917_1030_9M4VCHG,,,,
19_0917_1030_9M4VCHG,,,,
20_0917_1030_9M4VCHG,,,,
21_0917_1030_9M4VCHG,,,,
22_0917_1030_9M4VCHG,,,,
23_0917_1030_9M4VCHG,,,,
24_0917_1030_9M4VCHG,,,,
25_0917_1030_9M4VCHG,,,,
26_0917_1030_9M4VCHG,,,,
27_0917_1030_9M4VCHG,,,,
28_0917_1030_9M4VCHG,,,,
29_0917_1030_9M4VCHG,,,,
30_0917_1030_9M4VCHG,,,,
31_0917_1030_9M4VCHG,,,,
32_0917_1030_9M4VCHG,,,,
33_0917_1030_9M4VCHG,,,,
34_0917_1030_9M4VCHG,,,,
35_0917_1030_9M4VCHG,,,,
36_0917_1030_9M4VCHG,,,,
37_0917_1030_9M4VCHG,,,,
38_0917_1030_9M4VCHG,,,,
39_0917_1030_9M4VCHG,,,,
40_0917_1030_9M4VCHG,,,,
41_0917_1030_9M4VCHG,,,,
42_0917_1030_9M4VCHG,,,,
43_0917_1030_9M4VCHG,,,,
44_0917_1030_9M4VCHG,,,,
45_0917_1030_9M4VCHG,,,,
46_0917_1030_9M4VCHG,,,,
47_0917_1030_9M4VCHG,,,,
48_0917_1030_9M4VCHG,,,,
49_0917_1030_9M4VCHG,,,,
50_0917_1030_9M4VCHG,,,,
51_0917_1030_9M4VCHG,,,,
52_0917_1030_9M4VCHG,,,,
53_0917_1030_9M4VCHG,,,,
54_0917_1030_9M4VCHG,,,,
55_0917_1030_9M4VCHG,,,,
56_0917_1030_9M4VCHG,,,,
57_0917_1030_9M4VCHG,,,,
58_0917_1030_9M4VCHG,,,,
59_0917_1030_9M4VCHG,,,,
60_0917_1030_9M4VCHG,,,,
61_0917_1030_9M4VCHG,,,,
62_0917_1030_9M4VCHG,,,,
63_0917_1030_9M4VCHG,,,,
64_0917_1030_9M4VCHG,0.42560496878643095,0.10500715728838898,0.3307017882047704,0.28710463809319675
65_0917_1030_9M4VCHG,,,,
66_0917_1030_9M4VCHG,,,,
67_0917_1030_9M4VCHG,,,,
68_0917_1030_9M4VCHG,,,,
69_0917_1030_9M4VCHG,,,,
70_0917_1030_9M4VCHG,,,,
71_0917_1030_9M4VCHG,,,,
72_0917_1030_9M4VCHG,,,,
73_0917_1030_9M4VCHG,,,,
74_0917_1030_9M4VCHG,0.3322253532849894,0.44343099641349387,0.4043963556140962,0.39335090177085985
75_0917_1030_9M4VCHG,,,,
76_0917_1030_9M4VCHG,,,,
77_0917_1030_9M4VCHG,,,,
78_0917_1030_9M4VCHG,,,,
79_0917_1030_9M4VCHG,,,,
80_0917_1030_9M4VCHG,,,,
81_0917_1030_9M4VCHG,0.28780175169861116,0.21984190521880242,0.27825838355142124,0.2619673468229449
82_0917_1030_9M4VCHG,,,,
83_0917_1030_9M4VCHG,,,,
84_0917_1030_9M4VCHG,,,,
85_0917_1030_9M4VCHG,,,,
86_0917_1030_9M4VCHG,,,,
87_0917_1030_9M4VCHG,,,,
88_0917_1030_9M4VCHG,,,,
89_0917_1030_9M4VCHG,,,,
90_0917_1030_9M4VCHG,,,,
91_0917_1030_9M4VCHG,,,,
92_0917_1030_9M4VCHG,,,,
93_0917_1030_9M4VCHG,0.26354809186186084,0.34061724501470564,0.17904551373022423,0.2610702835355969
94_0917_1030_9M4VCHG,,,,
95_0917_1030_9M4VCHG,,,,
96_0917_1030_9M4VCHG,,,,
97_0917_1030_9M4VCHG,,,,
98_0917_1030_9M4VCHG,,,,
99_0917_1030_9M4VCHG,,,,
100_0917_1030_9M4VCHG,,,,
101_0917_1030_9M4VCHG,,,,
102_0917_1030_9M4VCHG,,,,
103_0917_1030_9M4VCHG,,,,
104_0917_1030_9M4VCHG,,,,
105_0917_1030_9M4VCHG,,,,
106_0917_1030_9M4VCHG,,,,
107_0917_1030_9M4VCHG,,,,
108_0917_1030_9M4VCHG,,,,
109_0917_1030_9M4VCHG,,,,
110_0917_1030_9M4VCHG,,,,
111_0917_1030_9M4VCHG,,,,
112_0917_1030_9M4VCHG,,,,
113_0917_1030_9M4VCHG,,,,
114_0917_1030_9M4VCHG,,,,
115_0917_1030_9M4VCHG,,,,
116_0917_1030_9M4VCHG,,,,
117_0917_1030_9M4VCHG,,,,
118_0917_1030_9M4VCHG,,,,
119_0917_1030_9M4VCHG,,,,
120_0917_1030_9M4VCHG,0.19896881819765144,0.3859694866930126,0.23787398824544292,0.2742707643787023
121_0917_1030_9M4VCHG,,,,
122_0917_1030_9M4VCHG,,,,
123_0917_1030_9M4VCHG,0.5194074745893915,0.6643030827726438,0.3155280534769021,0.4997462036129791
124_0917_1030_9M4VCHG,,,,
125_0917_1030_9M4VCHG,,,,
126_0917_1030_9M4VCHG,,,,
127_0917_1030_9M4VCHG,,,,
128_0917_1030_9M4VCHG,,,,
129_0917_1030_9M4VCHG,,,,
130_0917_1030_9M4VCHG,,,,
131_0917_1030_9M4VCHG,,,,
0_0917_1030_U9TEJGM,0.17859499041307095,0.6787932977310623,0.5642625833388133,0.47388362382764887
1_0917_1030_U9TEJGM,0.27043740030139446,0.878523121416478,0.29512679734495667,0.4813624396876097
2_0917_1030_U9TEJGM,0.20775755375233962,0.5718899711412048,0.48638659822087355,0.4220113743714726
3_0917_1030_U9TEJGM,0.3070000541731583,0.7950307264309692,0.25326887431791456,0.45176655164068064
4_0917_1030_U9TEJGM,0.46215330552654527,0.8057971797168157,0.6279726265839516,0.6319743706091042
5_0917_1030_U9TEJGM,0.2663775338022388,0.682662510821741,0.520579530952589,0.4898731918588563
6_0917_1030_U9TEJGM,0.5056583742843717,0.6533908231724709,0.5425041537320462,0.5671844503962963
7_0917_1030_U9TEJGM,0.1776754968195771,0.8338582961116274,0.6945124063529032,0.5686820664280359
8_0917_1030_U9TEJGM,0.1517575829840229,0.7964775496664832,0.4527574757777186,0.4669975361427416
9_0917_1030_U9TEJGM,0.2554208366510506,0.7952260510713035,0.6743425628927066,0.5749964835383535
10_0917_1030_U9TEJGM,0.6009671295610953,0.6067291151741442,0.45949691908332574,0.5557310546061884
11_0917_1030_U9TEJGM,0.3140363373580444,0.6956449771990184,0.5849888070340573,0.5315567071970401
12_0917_1030_U9TEJGM,0.1914329666602997,0.6704789803659023,0.4268961631285321,0.4296027033849114
13_0917_1030_U9TEJGM,0.4547394347651716,0.7976358731168602,0.551164934562774,0.6011800808149353
14_0917_1030_U9TEJGM,0.2837204066162878,0.6780742482699691,0.5601310844977431,0.5073085797946666
15_0917_1030_U9TEJGM,0.44943414926781977,0.8737328516148937,0.8053794850494955,0.7095154953107364
16_0917_1030_U9TEJGM,0.20157063184170984,0.5252667479821038,0.4368866911459868,0.38790802365660015
17_0917_1030_U9TEJGM,0.08199621901079765,0.858060779754088,0.761230950165234,0.5670959829767065
18_0917_1030_U9TEJGM,0.3526685926837534,0.8436331591089017,0.8069076288584168,0.667736460217024
19_0917_1030_U9TEJGM,0.164203072361587,0.7768815334390072,0.499089604999428,0.4800580702666741
21_0917_1030_U9TEJGM,0.2820187234964509,0.8782930243114141,0.524809206507518,0.5617069847717944
22_0917_1030_U9TEJGM,0.24359157726554304,0.8230171614288526,0.5610275326098241,0.5425454237680732
23_0917_1030_U9TEJGM,0.31475298132510604,0.9181320484297338,0.5020674971810813,0.5783175089786404
24_0917_1030_U9TEJGM,0.36188581575096457,0.8525604017770166,0.6466969583076162,0.6203810586118658
25_0917_1030_U9TEJGM,0.4016089827130777,0.8163306220481287,0.5940668272347395,0.6040021439986486
26_0917_1030_U9TEJGM,0.4618003473029373,0.8670500834984716,0.45783504674856706,0.595561825849992
27_0917_1030_U9TEJGM,,,,
28_0917_1030_U9TEJGM,0.6047230765162525,0.8475956177424102,0.6773592196650928,0.7098926379745851
29_0917_1030_U9TEJGM,0.28429846495881417,0.9001308159426215,0.5246342800448865,0.5696878536487741
30_0917_1030_U9TEJGM,0.42171262136796184,0.8948265164647019,0.7658001392028337,0.6941130923451658
31_0917_1030_U9TEJGM,0.3523203189125607,0.7834373274700939,0.4750325856632987,0.5369300773486511
32_0917_1030_U9TEJGM,0.4952981608820248,0.8644882020742911,0.5998006411081301,0.653195668021482
33_0917_1030_U9TEJGM,0.39642564914218315,0.8366079838384577,0.5790577868161363,0.6040304732655923
34_0917_1030_U9TEJGM,0.4928089013765247,0.9072276975476501,0.6284173236070475,0.6761513075104074
35_0917_1030_U9TEJGM,0.2213970683791219,0.8582309087951744,0.48473772891477,0.5214552353630221
36_0917_1030_U9TEJGM,0.2742207836994928,0.9013425547630902,0.5649150235762432,0.5801594540129421
37_0917_1030_U9TEJGM,0.14335434516391224,0.5630533021970378,0.5448680568265366,0.4170919013958289
38_0917_1030_U9TEJGM,0.10031939810380125,0.9016784438508195,0.6411052808320483,0.5477010409288897
39_0917_1030_U9TEJGM,0.5209656536571271,0.8309163814569774,0.5291730107217142,0.6270183486119395
40_0917_1030_U9TEJGM,0.4511520436901777,0.8560296059987046,0.769399337687057,0.6921936624586463
41_0917_1030_U9TEJGM,0.14442048509754032,0.8701684922994115,0.4144628872113539,0.4763506215361019
42_0917_1030_U9TEJGM,0.4282997927430638,0.742116065340126,0.4922102497096345,0.5542087025976081
43_0917_1030_U9TEJGM,,,,
44_0917_1030_U9TEJGM,,,,
45_0917_1030_U9TEJGM,0.20300833040747604,0.8528632409947297,0.7550515833193492,0.6036410515738516
46_0917_1030_U9TEJGM,0.609326954626758,0.8978203742660337,0.7832639347534748,0.7634704212154221
47_0917_1030_U9TEJGM,0.30485838954172023,0.7651986936529326,0.5790102717594764,0.5496891183180431
48_0917_1030_U9TEJGM,0.37868299350424683,0.8536092168158375,0.6930279329474308,0.6417733810891716
49_0917_1030_U9TEJGM,0.5468446256344013,0.7269648995598444,0.6327907275166728,0.6355334175703061
50_0917_1030_U9TEJGM,,,,
51_0917_1030_U9TEJGM,,,,
52_0917_1030_U9TEJGM,0.3566338408808456,0.8750287852220741,0.5464426142352261,0.5927017467793819
53_0917_1030_U9TEJGM,0.3440314584078223,0.892811763754072,0.7563252815285063,0.6643895012301336
54_0917_1030_U9TEJGM,0.6179435820242967,0.9445304754689751,0.838152477188448,0.8002088448939065
55_0917_1030_U9TEJGM,0.20058794393586896,0.8791896450319653,0.5701744529374745,0.5499840139684363
56_0917_1030_U9TEJGM,0.28382217222616485,0.8550578634697882,0.5508698671766665,0.5632499676242065
57_0917_1030_U9TEJGM,0.3526968378684896,0.7456733927688438,0.6880563272866936,0.595475519308009
58_0917_1030_U9TEJGM,0.4348464257105516,0.8580429742521849,0.47418958132783157,0.589026327096856
59_0917_1030_U9TEJGM,,,,
60_0917_1030_U9TEJGM,0.30872266850731545,0.602317754747971,0.35868357934583334,0.4232413342003733
61_0917_1030_U9TEJGM,0.13081375763548356,0.9204375885910608,0.6672350457554845,0.572828797327343
62_0917_1030_U9TEJGM,0.07204641258705717,0.8448047133459452,0.4531560697027004,0.4566690652119009
63_0917_1030_U9TEJGM,0.3149998507741139,0.8658024259848766,0.547721561084601,0.5761746126145305
64_0917_1030_U9TEJGM,0.29839189768476065,0.6688031631283304,0.7519296361699647,0.5730415656610185
65_0917_1030_U9TEJGM,0.38718658067399353,0.9450802658372114,0.8465047877553765,0.7262572114221938
66_0917_1030_U9TEJGM,0.3172352153941786,0.8476198033465637,0.4741158261357283,0.5463236149588235
67_0917_1030_U9TEJGM,0.3033293444111784,0.8605570271138733,0.6869549303117872,0.6169471006122796
68_0917_1030_U9TEJGM,,,,
69_0917_1030_U9TEJGM,0.771688875840633,0.9449014369003484,0.6895867243627049,0.8020590123678955
70_0917_1030_U9TEJGM,0.3327028326170574,0.8469120518096718,0.4248240653827315,0.5348129832698202
71_0917_1030_U9TEJGM,,,,
72_0917_1030_U9TEJGM,,,,
73_0917_1030_U9TEJGM,,,,
74_0917_1030_U9TEJGM,0.24045881872417083,0.9402178166855161,0.6807397486972776,0.6204721280356549
75_0917_1030_U9TEJGM,,,,
76_0917_1030_U9TEJGM,0.32308090742470597,0.8074317761662487,0.592714619883346,0.5744091011581002
77_0917_1030_U9TEJGM,0.41324144005351265,0.8477677277517213,0.7966042328509412,0.6858711335520584
78_0917_1030_U9TEJGM,0.2834550225561027,0.8418774670024147,0.8436462765958875,0.6563262553848017
79_0917_1030_U9TEJGM,0.43978086706072955,0.8997357810128523,0.7720831313574853,0.703866593143689
80_0917_1030_U9TEJGM,0.19807788110323965,0.8851469866918632,0.6555926615963052,0.5796058431304694
81_0917_1030_U9TEJGM,0.2652995401953663,0.8228802099401135,0.28100419490846,0.45639464834797994
82_0917_1030_U9TEJGM,0.21649483127739955,0.8475295937449353,0.5244758208278305,0.5295000819500552
83_0917_1030_U9TEJGM,0.1395039972442668,0.8028995592834565,0.6637951488971491,0.5353995684749574
84_0917_1030_U9TEJGM,0.434977707927936,0.9237463696819969,0.6981617638335161,0.685628613814483
85_0917_1030_U9TEJGM,0.19980804661149576,0.7319987441899722,0.20069896354940828,0.37750191811695877
86_0917_1030_U9TEJGM,0.27033208624294053,0.8320041612958059,0.7694220093751952,0.6239194189713139
87_0917_1030_U9TEJGM,0.3362999886694206,0.9043341312555301,0.5940699226707902,0.6115680141985803
88_0917_1030_U9TEJGM,0.39268422308198536,0.8339500046346152,0.6485336166273328,0.6250559481146444
89_0917_1030_U9TEJGM,0.24297226883195258,0.8083505049206975,0.5358647179264869,0.529062497226379
90_0917_1030_U9TEJGM,0.44853601008811655,0.9038047180455339,0.6469192459885912,0.6664199913740805
91_0917_1030_U9TEJGM,0.12370635793098154,0.7614257258210902,0.5927212277560691,0.49261777050271355
92_0917_1030_U9TEJGM,0.3106302330199682,0.787419403729234,0.6876820699370723,0.5952439022287582
93_0917_1030_U9TEJGM,,,,
94_0917_1030_U9TEJGM,,,,
95_0917_1030_U9TEJGM,0.39260227301949846,0.9501134966355168,0.537483327401731,0.6267330323522488
96_0917_1030_U9TEJGM,0.34630889306115026,0.4850069840528839,0.47590960609203076,0.4357418277353549
97_0917_1030_U9TEJGM,0.6044950383970277,0.5775590722880062,0.5775451572906868,0.5865330893252403
98_0917_1030_U9TEJGM,0.36131154838532886,0.8887284439181101,0.7145075188105734,0.6548491703713375
99_0917_1030_U9TEJGM,0.17468224575071103,0.8639728170375324,0.6516087146130948,0.5634212591337794
100_0917_1030_U9TEJGM,0.5434356299215236,0.9287074040949795,0.6654573228147925,0.7125334522770985
101_0917_1030_U9TEJGM,0.5672437958105224,0.8454354947198842,0.668048091879616,0.6935757941366743
102_0917_1030_U9TEJGM,,,,
103_0917_1030_U9TEJGM,0.16752444275721642,0.8701439693445825,0.5718382358023464,0.5365022159680485
104_0917_1030_U9TEJGM,,,,
105_0917_1030_U9TEJGM,,,,
106_0917_1030_U9TEJGM,0.37488529178395025,0.9026946894539013,0.6762770122083096,0.6512856644820538
107_0917_1030_U9TEJGM,,,,
108_0917_1030_U9TEJGM,0.5180417820898487,0.9134785728531489,0.8170126079261424,0.7495109876230467
109_0917_1030_U9TEJGM,,,,
110_0917_1030_U9TEJGM,0.5097709564882292,0.8095694419248743,0.8141989141480739,0.7111797708537259
111_0917_1030_U9TEJGM,0.26721233448074516,0.8945995972570843,0.8214758378181348,0.6610959231853214
112_0917_1030_U9TEJGM,,,,
113_0917_1030_U9TEJGM,0.16669914028934954,0.9314904273862782,0.6847066418682921,0.5942987365146399
114_0917_1030_U9TEJGM,0.15423885488998593,0.5344821528224615,0.5964852133136431,0.4284020736753635
115_0917_1030_U9TEJGM,0.171493550617947,0.3726976958306665,0.43558642549154464,0.32659255731338604
116_0917_1030_U9TEJGM,0.6643133434997146,0.6444072084173479,0.45732371305566377,0.5886814216575754
117_0917_1030_U9TEJGM,,,,
118_0917_1030_U9TEJGM,0.2852259420276262,0.8958037828690637,0.6257573469169634,0.6022623572712177
119_0917_1030_U9TEJGM,,,,
120_0917_1030_U9TEJGM,,,,
121_0917_1030_U9TEJGM,0.20563129013432557,0.7738726341102239,0.5754691547614271,0.5183243596686589
122_0917_1030_U9TEJGM,0.6388626441164079,0.8049059421817661,0.7298326389524732,0.7245337417502157
123_0917_1030_U9TEJGM,,,,
124_0917_1030_U9TEJGM,0.5677344600664799,0.913158094372446,0.6613327048831877,0.7140750864407045
125_0917_1030_U9TEJGM,0.2298447792266394,0.8493714681420593,0.5388048529562685,0.5393403667749891
126_0917_1030_U9TEJGM,0.33967260441045705,0.6487169814600052,0.5868174047031162,0.5250689968578595
127_0917_1030_U9TEJGM,0.05826548585977073,0.8419922822219957,0.7372484571014946,0.5458354083944204
128_0917_1030_U9TEJGM,0.3880646038745393,0.8465937913837646,0.4977635941820003,0.5774739964801013
129_0917_1030_U9TEJGM,,,,
130_0917_1030_U9TEJGM,,,,
131_0917_1030_U9TEJGM,0.5433819072042853,0.7877335902488709,0.1637733260152342,0.49829627448946345
132_0917_1030_U9TEJGM,0.14555388358841526,0.6463857526720993,0.6582615317885234,0.4834003893496794
2_0920_1600_539136F,0.7121023907648935,0.23097762547856027,0.05054177514143496,0.3312072637949629
3_0920_1600_539136F,0.7361921028462611,0.16748603513847407,0.05860117456552405,0.3207597708500864
4_0920_1600_539136F,0.657679397307974,0.30678127515410086,0.16944185046246082,0.3779675076415119
5_0920_1600_539136F,0.7785484186811193,0.20198462600285327,0.12351479627406314,0.36801594698601187
6_0920_1600_539136F,0.5660937197120877,0.5436208200859172,0.1476184731947878,0.4191110043309309
7_0920_1600_539136F,0.6596198969970555,0.4673949517529376,0.1484289651760505,0.42514793797534783
8_0920_1600_539136F,0.693087239924282,0.37326090507773674,0.0977136051725195,0.38802058339151274
9_0920_1600_539136F,0.9022797452134612,0.24565344711310988,0.11904620436644127,0.4223264655643375
10_0920_1600_539136F,0.5142187339425913,0.21854562365809285,0.13794680977476279,0.29023705579181563
11_0920_1600_539136F,0.6340552974096954,0.2504326406640031,0.11273447313195796,0.3324074704018855
12_0920_1600_539136F,0.6973680932871451,0.1408888654022841,0.05363952001387059,0.29729882623443327
13_0920_1600_539136F,0.6649697940796763,0.16271243948432904,0.11421675642670259,0.3139663299969026
14_0920_1600_539136F,0.775290462919397,0.32989507746195856,0.26262938654968343,0.455938308977013
15_0920_1600_539136F,0.6552687541085618,0.34389268520406824,0.10804735806936695,0.36906959912733234
16_0920_1600_539136F,0.6432708290595931,0.5199036554027903,0.1546876290076907,0.4392873711566913
17_0920_1600_539136F,0.5953836985006516,0.4219040608109988,0.2643161317993645,0.427201297037005
18_0920_1600_539136F,0.5923365159961896,0.301296532239221,0.1602487630781658,0.35129393710452544
19_0920_1600_539136F,0.5549580849977037,0.22615120121979074,0.07897137509745694,0.28669355377165046
20_0920_1600_539136F,0.3229688508968045,0.5338471233604699,0.14322788384134658,0.3333479526995404
21_0920_1600_539136F,0.6914286460003961,0.33749443030921306,0.22560742610826975,0.4181768341392929
22_0920_1600_539136F,0.59951814716453,0.4444631751166475,0.18026031868993217,0.4080805469903699
23_0920_1600_539136F,0.5466225453438219,0.5480435501268874,0.24015962746072983,0.44494190764381303
24_0920_1600_539136F,0.6408398363641266,0.30714265573137606,0.2630241729416913,0.40366888834573134
25_0920_1600_539136F,0.548569005319287,0.5407886984254234,0.22453303188048615,0.4379635785417322
26_0920_1600_539136F,0.6679380692148084,0.3641222953656402,0.25381093070927124,0.42862376509657324
27_0920_1600_539136F,0.39046407765019486,0.3122398075435613,0.17901890498590053,0.29390759672655226
28_0920_1600_539136F,0.42744789520670595,0.4274767655351474,0.13531650820562827,0.33008038964916053
29_0920_1600_539136F,0.6537071399993096,0.3132188831646527,0.06330636002915538,0.3434107943977059
30_0920_1600_539136F,0.4019866784564581,0.16407878911603932,0.15147695398456115,0.2391808071856862
31_0920_1600_539136F,0.7596173108660295,0.37167769684255636,0.28614536872354884,0.4724801254773783
32_0920_1600_539136F,0.2571210616696556,0.4294969026378817,0.12043652234118608,0.26901816221624114
33_0920_1600_539136F,0.6546696928579232,0.3806528004930063,0.23019517252020094,0.4218392219570435
34_0920_1600_539136F,0.4326779361285425,0.422920832563324,0.0648479290133122,0.3068155659017262
35_0920_1600_539136F,0.6730910140693944,0.3082351214231149,0.19768936807499035,0.3930051678558332
36_0920_1600_539136F,0.6962291635871943,0.19282861067363086,0.1229134174259102,0.3373237305622451
37_0920_1600_539136F,0.526663180685176,0.4144214219636994,0.10510824257076912,0.34873094840654817
38_0920_1600_539136F,0.6361605198307511,0.24775908369061014,0.1457734691045432,0.34323102420863477
39_0920_1600_539136F,0.6068751688988475,0.36875497296958276,0.05073695948302234,0.3421223671171509
40_0920_1600_539136F,0.5364663925920725,0.5518922439322508,0.30409515656691183,0.4641512643637451
41_0920_1600_539136F,,,,
42_0920_1600_539136F,,,,
43_0920_1600_539136F,0.5801398595721978,0.353472980401423,0.06515232880618976,0.3329217229266035
44_0920_1600_539136F,0.8201333027042171,0.15715071733651487,0.2709669677557857,0.4160836625988393
45_0920_1600_539136F,0.738273925678555,0.37217612143645384,0.10667532694748827,0.4057084580208324
46_0920_1600_539136F,0.3175488166762119,0.3803531274444641,0.31525821715095864,0.33772005375721154
47_0920_1600_539136F,0.6332726209838563,0.4558747674204581,0.11358479245857296,0.40091072695429575
48_0920_1600_539136F,,,,
49_0920_1600_539136F,,,,
50_0920_1600_539136F,,,,
51_0920_1600_539136F,0.4828274800975098,0.16574600936351105,0.17107953912851637,0.27321767619651244
52_0920_1600_539136F,0.7890311423526414,0.11732023547035338,0.15442037271306283,0.3535905835120192
53_0920_1600_539136F,0.6897220128138608,0.6716110717370967,0.19750888084418905,0.5196139884650489
54_0920_1600_539136F,0.5126926367925763,0.4472274658045678,0.1344770860290068,0.3647990628753836
55_0920_1600_539136F,0.36034847941578474,0.19564452551552247,0.18242333009214684,0.24613877834115136
56_0920_1600_539136F,0.5698845779009387,0.36585916004166824,0.16350698678777817,0.3664169082434617
57_0920_1600_539136F,,,,
58_0920_1600_539136F,0.5287883975606454,0.22638591037928377,0.10993895244075519,0.28837108679356144
59_0920_1600_539136F,0.3879329466024881,0.15766099617577622,0.15703613529508045,0.23421002602444826
60_0920_1600_539136F,0.6102474286533767,0.3430833952723756,0.16129062327589058,0.37154048240054766
61_0920_1600_539136F,0.5620664056579295,0.3445570506891909,0.24651864151489256,0.3843806992873377
62_0920_1600_539136F,0.4812526914268607,0.35649645085180764,0.2554136116441317,0.3643875846409334
63_0920_1600_539136F,0.6869894027996386,0.1881195391472177,0.29449770609298803,0.3898688826799481
64_0920_1600_539136F,0.8087512922551349,0.14373110646766465,0.1480378907485586,0.36684009649045274
65_0920_1600_539136F,0.4908757396301313,0.45415275643916936,0.35252123986667566,0.4325165786453255
66_0920_1600_539136F,0.4951561300216727,0.4861135783697948,0.38260366673561846,0.4546244583756953
67_0920_1600_539136F,,,,
68_0920_1600_539136F,0.6407855788957616,0.4623049425823937,0.3563109456607278,0.486467155712961
69_0920_1600_539136F,,,,
70_0920_1600_539136F,,,,
71_0920_1600_539136F,0.1205925816546549,0.3786110755783721,0.1040133129956383,0.20107232340955508
72_0920_1600_539136F,,,,
73_0920_1600_539136F,,,,
74_0920_1600_539136F,,,,
75_0920_1600_539136F,0.13684716336421804,0.26591641819893225,0.14767708959053885,0.18348022371789638
76_0920_1600_539136F,0.16276683891718105,0.3579281369556788,0.23680460049314864,0.2524998587886695
77_0920_1600_539136F,,,,
78_0920_1600_539136F,0.6219218342729416,0.39942070924311307,0.20465695994989333,0.40866650115531594
79_0920_1600_539136F,0.5917281614685641,0.28650489111209176,0.11801821461858418,0.33208375573308
80_0920_1600_539136F,0.6264742698076681,0.356975030267148,0.1261490114125857,0.36986610382913393
81_0920_1600_539136F,,,,
82_0920_1600_539136F,,,,
83_0920_1600_539136F,,,,
84_0920_1600_539136F,,,,
85_0920_1600_539136F,0.5600881061795123,0.22821513890207856,0.1139767295135396,0.3007599915317101
86_0920_1600_539136F,0.11417474853733385,0.2717619408892451,0.37474829784434793,0.2535616624236423
87_0920_1600_539136F,,,,
88_0920_1600_539136F,,,,
89_0920_1600_539136F,,,,
90_0920_1600_539136F,,,,
91_0920_1600_539136F,,,,
92_0920_1600_539136F,0.7950087439709459,0.07841153439027171,0.08075469127646427,0.3180583232125606
93_0920_1600_539136F,,,,
94_0920_1600_539136F,0.6169815206471516,0.6903142801640757,0.16320201550962096,0.49016593877361614
95_0920_1600_539136F,0.5338981246327209,0.1607001299728648,0.032807757983421115,0.2424686708630023
96_0920_1600_539136F,,,,
97_0920_1600_539136F,,,,
98_0920_1600_539136F,,,,
99_0920_1600_539136F,0.758505356511077,0.22876227995967727,0.43089439639876853,0.47272067762317427
100_0920_1600_539136F,,,,
101_0920_1600_539136F,0.5139250215796073,0.17788484676680472,0.3951432995722377,0.3623177226395499
102_0920_1600_539136F,,,,
103_0920_1600_539136F,,,,
104_0920_1600_539136F,0.7166703580412298,0.13147413687268916,0.10862287621240295,0.3189224570421073
105_0920_1600_539136F,0.2063327921469222,0.4221074592320671,0.24701746378460235,0.2918192383878639
106_0920_1600_539136F,,,,
107_0920_1600_539136F,,,,
108_0920_1600_539136F,0.14313858294346302,0.459302136330215,0.3480584336341121,0.3168330509692634
109_0920_1600_539136F,,,,
110_0920_1600_539136F,0.35045276241039763,0.6467981903537484,0.30240407690804605,0.433218343224064
111_0920_1600_539136F,0.34880257531166076,0.30181499187293886,0.2113140343733236,0.2873105338526411
112_0920_1600_539136F,,,,
113_0920_1600_539136F,,,,
114_0920_1600_539136F,,,,
115_0920_1600_539136F,,,,
116_0920_1600_539136F,,,,
117_0920_1600_539136F,,,,
118_0920_1600_539136F,0.49013986577106117,0.6961972238722541,0.41541602128273086,0.5339177036420154
119_0920_1600_539136F,0.33416014963594654,0.14219186273974926,0.042548989805420455,0.17296700072703874
120_0920_1600_539136F,,,,
121_0920_1600_539136F,0.30680419166130785,0.7638354801634621,0.10479349732079629,0.39181105638185537
122_0920_1600_539136F,,,,
123_0920_1600_539136F,,,,
124_0920_1600_539136F,,,,
125_0920_1600_539136F,,,,
126_0920_1600_539136F,,,,
127_0920_1600_539136F,,,,
128_0920_1600_539136F,0.7704752829950635,0.6109779989356391,0.16257562376939458,0.5146763019000323
129_0920_1600_539136F,,,,
130_0920_1600_539136F,,,,
131_0920_1600_539136F,,,,
132_0920_1600_539136F,,,,
133_0920_1600_539136F,,,,
134_0920_1600_539136F,0.5227539015435073,0.24513318409406817,0.22687671221625946,0.331587932617945
1_0920_1600_9M4VCHG,0.2862962459343472,0.21885587627811418,0.13789870528979278,0.21435027583408472
2_0920_1600_9M4VCHG,0.05925374525575733,0.15722138744640335,0.14787899442979344,0.12145137571065139
3_0920_1600_9M4VCHG,0.166145004676615,0.2989692310217272,0.23751218253778483,0.234208806078709
4_0920_1600_9M4VCHG,0.10427907296443788,0.11824077311755614,0.1230680435240945,0.11519596320202952
5_0920_1600_9M4VCHG,0.07854165681553961,0.2031186440399766,0.2043891167198482,0.16201647252512144
6_0920_1600_9M4VCHG,0.80840623492805,0.6670142587376467,0.20829461082829978,0.5612383681646654
7_0920_1600_9M4VCHG,0.45514407631177206,0.0049469076846332385,0.44655280829868427,0.30221459743169654
8_0920_1600_9M4VCHG,0.3016253327932685,0.20898687875844565,0.2975185411666938,0.26937691757280263
10_0920_1600_9M4VCHG,0.2150018743325929,0.028974646281250422,0.41561639726279553,0.21986430595887962
11_0920_1600_9M4VCHG,0.15987484784388253,0.2866755634380653,0.3154171928616573,0.25398920138120173
12_0920_1600_9M4VCHG,0.45033765852053254,0.15329009025415308,0.42794745726203737,0.343858402012241
13_0920_1600_9M4VCHG,0.317047690655527,0.12162612098540167,0.30701961301293973,0.24856447488462283
14_0920_1600_9M4VCHG,0.4283160029787305,0.08117471496123216,0.48938515768792623,0.3329586252092963
15_0920_1600_9M4VCHG,0.19940936329130987,0.1780947580927074,0.2487362547018407,0.20874679202861932
17_0920_1600_9M4VCHG,0.22881113558435737,0.2618020830446837,0.32717133610261345,0.27259485157721813
18_0920_1600_9M4VCHG,0.11038470700546311,0.09330097753420459,0.1335496491221883,0.11241177788728533
19_0920_1600_9M4VCHG,0.14836166131806333,0.04476105693980648,0.3385076017357393,0.17721010666453638
20_0920_1600_9M4VCHG,0.2022025609871916,0.17080899099546032,0.3623041511041789,0.24510523436227694
21_0920_1600_9M4VCHG,0.48767399669108946,0.17737082693305187,0.425390843241817,0.3634785556219861
22_0920_1600_9M4VCHG,0.2838510574410002,0.23255633069698659,0.42119585351406624,0.31253441388401765
23_0920_1600_9M4VCHG,0.24050130992476512,0.08050239267360199,0.3420266290890863,0.22101011056248446
24_0920_1600_9M4VCHG,0.3143468460823049,0.22341189625462862,0.4514841203951537,0.32974762091069576
25_0920_1600_9M4VCHG,0.3468876309894975,0.44926913662431794,0.23053608587207966,0.34223095116196506
26_0920_1600_9M4VCHG,0.34447378467439077,0.1770530718273621,0.5263608355878495,0.34929589736320077
27_0920_1600_9M4VCHG,0.225361406037506,0.07041196585610567,0.48859297531272344,0.2614554490687784
28_0920_1600_9M4VCHG,0.4442761019520898,0.191326717228246,0.47430683981886523,0.369969886333067
29_0920_1600_9M4VCHG,0.22588520422914207,0.2813779065761511,0.21742295335844172,0.24156202138791164
30_0920_1600_9M4VCHG,0.4408246329229428,0.38209725805911837,0.44678698044155024,0.4232362904745372
31_0920_1600_9M4VCHG,0.25673252760189685,0.1824468384679022,0.17328296153182124,0.20415410920054008
32_0920_1600_9M4VCHG,,,,
33_0920_1600_9M4VCHG,,,,
34_0920_1600_9M4VCHG,0.4209348949457694,0.06244653574255937,0.46695931135635904,0.3167802473482293
35_0920_1600_9M4VCHG,0.4089173513036417,0.16854637918858772,0.3513492329801382,0.3096043211574559
36_0920_1600_9M4VCHG,0.12281678219301845,0.2920920171825671,0.2916565726721586,0.2355217906825814
37_0920_1600_9M4VCHG,0.414377039930006,0.206716986700048,0.2742594549885061,0.29845116053952003
38_0920_1600_9M4VCHG,0.17515309353917366,0.22524197655130107,0.1820230061717809,0.1941393587540852
39_0920_1600_9M4VCHG,0.3255462906487911,0.11322141939719382,0.5346431343076141,0.32447028145119966
40_0920_1600_9M4VCHG,0.5953898724572187,0.1361751370578061,0.507393474635201,0.41298616138340866
41_0920_1600_9M4VCHG,0.18763018768884776,0.14928895394733363,0.11778035783820695,0.1515664998247961
42_0920_1600_9M4VCHG,,,,
43_0920_1600_9M4VCHG,,,,
44_0920_1600_9M4VCHG,,,,
45_0920_1600_9M4VCHG,,,,
46_0920_1600_9M4VCHG,0.5282071003592672,0.22721643930995847,0.30573234891741663,0.3537186295288808
47_0920_1600_9M4VCHG,0.19326835738423398,0.08844249674465467,0.22786887925217783,0.16985991112702215
48_0920_1600_9M4VCHG,,,,
49_0920_1600_9M4VCHG,0.10602268193601644,0.1533435648492755,0.11220256927377997,0.12385627201969064
50_0920_1600_9M4VCHG,0.2973601413723775,0.2332801650071673,0.4087730730366396,0.3131377931387282
51_0920_1600_9M4VCHG,0.277953442357812,0.1505246804504746,0.2330078384002785,0.22049532040285502
52_0920_1600_9M4VCHG,,,,
53_0920_1600_9M4VCHG,0.2680799070613275,0.07745295919406618,0.35695307746235966,0.2341619812392511
54_0920_1600_9M4VCHG,0.33558987462779655,0.19182375309655533,0.20592160197425846,0.24444507656620343
55_0920_1600_9M4VCHG,,,,
56_0920_1600_9M4VCHG,,,,
57_0920_1600_9M4VCHG,,,,
58_0920_1600_9M4VCHG,0.2688137522590141,0.18641914693746456,0.24209413978993108,0.23244234632880326
59_0920_1600_9M4VCHG,0.5001760892185728,0.10536914573862653,0.168444515827562,0.25799658359492045
60_0920_1600_9M4VCHG,0.1655479034382861,0.3202595456727044,0.3913969861801574,0.2924014784303826
61_0920_1600_9M4VCHG,0.16438376656331624,0.1618953853054821,0.4513811017369644,0.2592200845352542
62_0920_1600_9M4VCHG,,,,
63_0920_1600_9M4VCHG,,,,
64_0920_1600_9M4VCHG,0.4341206432972249,0.12221600278781464,0.16372655226200336,0.24002106611568097
65_0920_1600_9M4VCHG,0.2191371757758028,0.23391347100773982,0.25895825074726536,0.237336299176936
66_0920_1600_9M4VCHG,0.3606016535810428,0.13856314844884607,0.31992001237783363,0.27302827146924086
67_0920_1600_9M4VCHG,0.2816622717516565,0.13186045367281693,0.08459523553035649,0.16603932031827665
68_0920_1600_9M4VCHG,,,,
69_0920_1600_9M4VCHG,,,,
70_0920_1600_9M4VCHG,0.24883635990857253,0.1112143551120446,0.17630504533194188,0.17878525345085303
71_0920_1600_9M4VCHG,,,,
72_0920_1600_9M4VCHG,0.272706226837006,0.02890799453441438,0.13547994884201406,0.14569805673781147
73_0920_1600_9M4VCHG,,,,
74_0920_1600_9M4VCHG,,,,
75_0920_1600_9M4VCHG,0.21085539189842928,0.05314544269135824,0.3828442097768941,0.21561501478889386
76_0920_1600_9M4VCHG,0.3429103458538696,0.1467642078178148,0.45856196054649007,0.3160788380727248
77_0920_1600_9M4VCHG,,,,
78_0920_1600_9M4VCHG,,,,
79_0920_1600_9M4VCHG,,,,
80_0920_1600_9M4VCHG,0.20009032123023215,0.10757963445676443,0.05275033693857709,0.1201400975418579
81_0920_1600_9M4VCHG,0.16188368126209007,0.03887615073643911,0.2605054644634492,0.15375509882065944
82_0920_1600_9M4VCHG,,,,
83_0920_1600_9M4VCHG,,,,
84_0920_1600_9M4VCHG,0.5588602504844853,0.15948891775197424,0.32471064275247646,0.34768660366297865
85_0920_1600_9M4VCHG,0.4270746315047294,0.10312892526112893,0.24779109988012318,0.25933155221532717
86_0920_1600_9M4VCHG,0.23472635936591715,0.1575738419384948,0.07889312107731308,0.15706444079390836
87_0920_1600_9M4VCHG,0.3542733219246276,0.14951328865103944,0.45372381730980765,0.3191701426284916
88_0920_1600_9M4VCHG,,,,
89_0920_1600_9M4VCHG,0.5588764892840311,0.5252908557644999,0.2019939233428788,0.4287204227971366
91_0920_1600_9M4VCHG,0.1277205550262354,0.16063846226989217,0.2203571098301124,0.16957204237541332
92_0920_1600_9M4VCHG,,,,
93_0920_1600_9M4VCHG,,,,
94_0920_1600_9M4VCHG,,,,
95_0920_1600_9M4VCHG,0.230330671865111,0.21436985170690484,0.13302799515657762,0.19257617290953113
96_0920_1600_9M4VCHG,,,,
97_0920_1600_9M4VCHG,0.2111949525653516,0.13611477928948432,0.07606052111253538,0.14112341765579042
98_0920_1600_9M4VCHG,,,,
99_0920_1600_9M4VCHG,,,,
100_0920_1600_9M4VCHG,0.3270316511986295,0.12221371059353936,0.07725592136270014,0.17550042771828966
101_0920_1600_9M4VCHG,0.250887008754987,0.1563111729707193,0.09693403594906118,0.16804407255825582
102_0920_1600_9M4VCHG,,,,
103_0920_1600_9M4VCHG,0.42157160877457384,0.22906876575532834,0.18495698514249245,0.27853245322413156
104_0920_1600_9M4VCHG,,,,
105_0920_1600_9M4VCHG,,,,
106_0920_1600_9M4VCHG,0.34179615872186925,0.22634260464778896,0.36426134295648555,0.31080003544204793
107_0920_1600_9M4VCHG,,,,
108_0920_1600_9M4VCHG,,,,
109_0920_1600_9M4VCHG,0.41628438136680707,0.24130042276513555,0.26792562599680997,0.3085034767095842
110_0920_1600_9M4VCHG,0.39741936361259994,0.25669448735506556,0.4563047481138017,0.37013953302715574
111_0920_1600_9M4VCHG,0.6193608189246617,0.2098355486166388,0.18993365197767623,0.3397100065063256
112_0920_1600_9M4VCHG,,,,
113_0920_1600_9M4VCHG,0.3785374066446235,0.09581570088324771,0.3091541989300113,0.2611691021526275
114_0920_1600_9M4VCHG,,,,
115_0920_1600_9M4VCHG,,,,
116_0920_1600_9M4VCHG,,,,
117_0920_1600_9M4VCHG,,,,
118_0920_1600_9M4VCHG,,,,
119_0920_1600_9M4VCHG,0.38701580689675746,0.5109767746054517,0.2985066197082937,0.39883306707016764
120_0920_1600_9M4VCHG,0.11234479086844662,0.1915915500557843,0.1373323661401136,0.14708956902144818
121_0920_1600_9M4VCHG,0.15385642112015843,0.13234114167362057,0.1725491273290223,0.15291556337426712
122_0920_1600_9M4VCHG,,,,
123_0920_1600_9M4VCHG,0.1531858865364436,0.24221864866666418,0.19606065630354086,0.19715506383554957
124_0920_1600_9M4VCHG,,,,
125_0920_1600_9M4VCHG,,,,
126_0920_1600_9M4VCHG,,,,
127_0920_1600_9M4VCHG,,,,
128_0920_1600_9M4VCHG,0.3229307955232565,0.052616859811280316,0.10405379779123035,0.1598671510419224
129_0920_1600_9M4VCHG,,,,
130_0920_1600_9M4VCHG,,,,
131_0920_1600_9M4VCHG,0.41431097796992084,0.23918781134548128,0.20288563997901346,0.28546147643147185
132_0920_1600_9M4VCHG,,,,
133_0920_1600_9M4VCHG,,,,
134_0920_1600_9M4VCHG,,,,
135_0920_1600_9M4VCHG,0.09509710383926728,0.09569878928945845,0.046901611961006534,0.07923250169657743
6_0920_1600_U9TEJGM,0.21104697665975725,0.3589957717084851,0.19753289711041533,0.2558585484928859
7_0920_1600_U9TEJGM,0.5022185961848953,0.26890892334936023,0.04213971325538082,0.27108907759654544
8_0920_1600_U9TEJGM,0.30605886622213224,0.20397739932659045,0.13814518305993015,0.21606048286955096
10_0920_1600_U9TEJGM,0.13924523957104565,0.3253685208737673,0.05554684485010877,0.17338686843164056
11_0920_1600_U9TEJGM,0.36949527151443834,0.2756368111147606,0.17893197166315508,0.27468801809745136
12_0920_1600_U9TEJGM,0.13908410746860808,0.32704203045648655,0.13787703423611594,0.20133439072040352
13_0920_1600_U9TEJGM,0.4786418068364889,0.33442855622218587,0.23572843948215993,0.3495996008469449
14_0920_1600_U9TEJGM,0.6407474609728302,0.5490685160446322,0.4551614807190223,0.5483258192454948
15_0920_1600_U9TEJGM,0.4544451851963469,0.5553891801253935,0.2900155737428321,0.4332833130215242
16_0920_1600_U9TEJGM,0.1161047983431129,0.1552687277548324,0.28503248455116453,0.18546867021636992
17_0920_1600_U9TEJGM,0.07855793070814505,0.3122929337661836,0.112745455632928,0.1678654400357522
18_0920_1600_U9TEJGM,0.21307541446640124,0.10445457819407455,0.09391962152794013,0.13714987139613863
20_0920_1600_U9TEJGM,0.46063495590640335,0.49474257439984765,0.19423783590498786,0.38320512207041296
21_0920_1600_U9TEJGM,0.22784615563942143,0.23883309572395758,0.17391695454273648,0.2135320686353718
22_0920_1600_U9TEJGM,0.4771033198517441,0.30385842334707297,0.20081474549253667,0.32725882956378455
24_0920_1600_U9TEJGM,0.27919398453928884,0.3559399882267879,0.14910463687663586,0.26141286988090423
27_0920_1600_U9TEJGM,0.26392222102679624,0.6242709827338492,0.2438603778372694,0.37735119386597166
28_0920_1600_U9TEJGM,0.4021953449255589,0.6437637361266125,0.5073271366857651,0.5177620725793122
29_0920_1600_U9TEJGM,0.1671869787937287,0.2081787560004041,0.09141002246884011,0.15559191908765765
31_0920_1600_U9TEJGM,0.3053918153481889,0.30661076085083894,0.2674792449935881,0.29316060706420527
32_0920_1600_U9TEJGM,0.135271380937398,0.267953752572419,0.14372867189380767,0.18231793513454156
33_0920_1600_U9TEJGM,0.3383719551476287,0.5918514000368499,0.40959357885087117,0.4466056446784499
35_0920_1600_U9TEJGM,0.5143528661227795,0.433785957250245,0.2288167932494176,0.3923185388741474
36_0920_1600_U9TEJGM,0.3016644071050108,0.6597950571982375,0.3967325054009217,0.45273065656805667
37_0920_1600_U9TEJGM,0.22111927796169847,0.5440818446903375,0.1398520574465291,0.30168439336618835
38_0920_1600_U9TEJGM,0.39171934283897425,0.3985253194239467,0.14955779104058328,0.3132674844345014
39_0920_1600_U9TEJGM,0.5076854439394851,0.49913418981170293,0.2213789770268387,0.4093995369260089
40_0920_1600_U9TEJGM,,,,
41_0920_1600_U9TEJGM,0.22600023034809377,0.1430310101998263,0.09858820412020912,0.15587314822270973
42_0920_1600_U9TEJGM,0.3528533324226208,0.4439782093256312,0.21504063465326703,0.33729072546717304
43_0920_1600_U9TEJGM,0.5838503722401939,0.6706764278754727,0.5020408667628402,0.5855225556261688
44_0920_1600_U9TEJGM,0.30451228994407686,0.36507230644118205,0.2791784687528419,0.3162543550460336
45_0920_1600_U9TEJGM,0.23318683244334973,0.3246000795601593,0.21898598378184278,0.2589242985951173
46_0920_1600_U9TEJGM,0.2886301605986646,0.23556721138010617,0.18499525014588894,0.23639754070821986
47_0920_1600_U9TEJGM,0.31495287069750333,0.38688475135504113,0.14242409267600345,0.2814205715761826
48_0920_1600_U9TEJGM,0.41638060816410954,0.5664622965356299,0.2580703155891506,0.41363774009629667
49_0920_1600_U9TEJGM,0.4382339885138687,0.39467205552164014,0.3202366622255105,0.3843809020870064
50_0920_1600_U9TEJGM,0.17730300935814855,0.44590734599405146,0.06648490490612519,0.22989842008610842
51_0920_1600_U9TEJGM,0.216008757766453,0.4269244881797169,0.22008372468135082,0.2876723235425069
52_0920_1600_U9TEJGM,0.38208855718712326,0.26753872866123607,0.11199082494726283,0.25387270359854075
53_0920_1600_U9TEJGM,0.22500292197996097,0.3293912897575398,0.3759543157129433,0.31011617581681467
54_0920_1600_U9TEJGM,0.45327580825909664,0.5052612594222312,0.3101974831423057,0.4229115169412112
55_0920_1600_U9TEJGM,,,,
56_0920_1600_U9TEJGM,0.32786049461738953,0.47888793397273943,0.5295387266468445,0.44542905174565783
57_0920_1600_U9TEJGM,0.1325044383036006,0.3312846460469293,0.2557636626018189,0.23985091565078295
59_0920_1600_U9TEJGM,0.37916978544746965,0.39347687415243193,0.20307582582873926,0.3252408284762136
60_0920_1600_U9TEJGM,0.4790290595020905,0.39001391794386464,0.3259426311606588,0.39832853620220465
61_0920_1600_U9TEJGM,0.4465382214727398,0.5926524853629777,0.25588587704483473,0.43169219462685077
62_0920_1600_U9TEJGM,,,,
63_0920_1600_U9TEJGM,0.2762767043068633,0.24650421658726676,0.28732839361779433,0.2700364381706415
64_0920_1600_U9TEJGM,0.13715757925269004,0.606763969781592,0.17564968276194212,0.3065237439320747
65_0920_1600_U9TEJGM,0.17207165407559863,0.32201933621181933,0.1569334138296989,0.21700813470570565
66_0920_1600_U9TEJGM,0.3191508780124187,0.4883854795946099,0.4431418112259331,0.4168927229443205
67_0920_1600_U9TEJGM,0.4179019936715858,0.1654795785703359,0.16177610863915526,0.24838589362702568
68_0920_1600_U9TEJGM,0.15975783604483773,0.2615705876423264,0.12125285652449853,0.1808604267372209
69_0920_1600_U9TEJGM,0.20983401767402712,0.36482864336852766,0.09128133650463681,0.22198133251573052
70_0920_1600_U9TEJGM,0.09322939625172022,0.1609624793454796,0.19740151477961254,0.15053113012560412
71_0920_1600_U9TEJGM,0.4952533592828034,0.3902884404336606,0.37900903899144817,0.42151694623597075
72_0920_1600_U9TEJGM,0.41748334783888313,0.3003543940561406,0.1789174598741786,0.2989184005897341
73_0920_1600_U9TEJGM,0.10911143332648703,0.19429903750273403,0.09987834488709117,0.13442960523877076
74_0920_1600_U9TEJGM,0.6227357334374747,0.5081903524673447,0.108223981837071,0.4130500225806301
75_0920_1600_U9TEJGM,0.07703764509428494,0.10547599967334158,0.15325160601890747,0.11192175026217799
76_0920_1600_U9TEJGM,0.6400503122507587,0.34512820665470495,0.18168636278138886,0.3889549605622842
77_0920_1600_U9TEJGM,0.6158771698349578,0.356226203034501,0.15972636656640257,0.3772765798119538
78_0920_1600_U9TEJGM,0.48118666882741296,0.6165764769185402,0.3794223457842767,0.4923951638434099
79_0920_1600_U9TEJGM,0.40232091402329173,0.46583360653694683,0.14994402433706516,0.33936618163243454
80_0920_1600_U9TEJGM,0.33892115285865204,0.30480710961630403,0.12304628177457826,0.25559151474984476
81_0920_1600_U9TEJGM,,,,
82_0920_1600_U9TEJGM,0.26149616388064684,0.3025879406763658,0.15614869190218897,0.24007759881973387
83_0920_1600_U9TEJGM,,,,
84_0920_1600_U9TEJGM,0.2698976804973319,0.31959445357698324,0.36638631364795016,0.3186261492407551
85_0920_1600_U9TEJGM,,,,
86_0920_1600_U9TEJGM,,,,
87_0920_1600_U9TEJGM,,,,
88_0920_1600_U9TEJGM,0.4977761928395903,0.3292112196419475,0.3026236434084561,0.37653701862999794
89_0920_1600_U9TEJGM,,,,
90_0920_1600_U9TEJGM,0.28114437540994985,0.5097260218497276,0.3449422719673397,0.3786042230756724
91_0920_1600_U9TEJGM,0.48033334238420444,0.46585130096856675,0.2677146769039122,0.4046331067522278
92_0920_1600_U9TEJGM,0.46517704740882876,0.31137039542009676,0.13420139597589764,0.30358294626827437
93_0920_1600_U9TEJGM,0.36649135816211276,0.34390311964948966,0.3269814895034622,0.34579198910502157
94_0920_1600_U9TEJGM,0.5334808065487501,0.7916352812780474,0.4318148545753246,0.585643647467374
95_0920_1600_U9TEJGM,0.36453092747712307,0.4613530426095512,0.240253900084589,0.35537929005708774
96_0920_1600_U9TEJGM,0.23785868545611585,0.12457299919077737,0.09974224366214861,0.15405797610301394
97_0920_1600_U9TEJGM,,,,
98_0920_1600_U9TEJGM,0.3286705290203564,0.4233661836258353,0.06191516728999399,0.2713172933120619
99_0920_1600_U9TEJGM,0.5810684053314561,0.6020154586741149,0.21784457768122376,0.46697614722893155
101_0920_1600_U9TEJGM,0.4808948988926225,0.2223449916578136,0.12455474851670238,0.2759315463557128
103_0920_1600_U9TEJGM,0.5866068311149656,0.49542826255507627,0.22144031929630473,0.43449180432211554
104_0920_1600_U9TEJGM,0.521306970892882,0.5168551666789414,0.15641653669996644,0.39819289142392994
106_0920_1600_U9TEJGM,0.18834606419546593,0.4039885622435917,0.14464529606807067,0.24565997416904276
107_0920_1600_U9TEJGM,0.4238754743605449,0.3345734591234039,0.17598984191858347,0.3114795918008441
108_0920_1600_U9TEJGM,0.5583557580550118,0.5703357067720637,0.47160555955441547,0.533432341460497
109_0920_1600_U9TEJGM,,,,
110_0920_1600_U9TEJGM,0.4408634536339722,0.5440149282701565,0.3335386870475377,0.4394723563172221
112_0920_1600_U9TEJGM,0.16855477470142446,0.45473755212939676,0.1391338826386119,0.2541420698231444
113_0920_1600_U9TEJGM,0.30014505377056216,0.35181543932558307,0.5066663032015897,0.38620893209924495
115_0920_1600_U9TEJGM,,,,
116_0920_1600_U9TEJGM,0.2679667554556753,0.19344613544396036,0.26249030316202,0.24130106468721854
117_0920_1600_U9TEJGM,0.4591484976660854,0.624709039110463,0.30845118201204347,0.46410290626286393
118_0920_1600_U9TEJGM,0.5438541043236454,0.3288248267597618,0.15489778047651304,0.34252557051997345
119_0920_1600_U9TEJGM,0.2803711897881923,0.40290608767818165,0.2589713676356231,0.31408288170066573
120_0920_1600_U9TEJGM,0.2442465328753918,0.3714264644230188,0.17587005092698169,0.26384768274179743
121_0920_1600_U9TEJGM,0.3216065615581442,0.42241440901021426,0.1941071340051548,0.31270936819117107
122_0920_1600_U9TEJGM,,,,
123_0920_1600_U9TEJGM,0.5986582771876675,0.6908477067250356,0.22448321487287926,0.5046630662618607
124_0920_1600_U9TEJGM,0.6744606610947986,0.47132710075719286,0.3325856246490195,0.4927911288336704
125_0920_1600_U9TEJGM,0.27695372051060113,0.5396256048226645,0.22278808502592895,0.34645580345306487
126_0920_1600_U9TEJGM,0.4751094318533249,0.38203737234187574,0.21225327681435657,0.3564666936698524
127_0920_1600_U9TEJGM,0.3800558718631563,0.5355229456809688,0.21782506633171125,0.3778012946252787
128_0920_1600_U9TEJGM,0.31611150212781824,0.23394752486382778,0.21582510167001545,0.25529470955388717
129_0920_1600_U9TEJGM,0.2809964152711842,0.26628973864233124,0.06788440550370602,0.20505685313907382
130_0920_1600_U9TEJGM,0.3212332116160047,0.4604418084453206,0.22833711658151393,0.3366707122142798
131_0920_1600_U9TEJGM,0.5775105745186776,0.44000149336454153,0.38120527438927176,0.46623911409083024
132_0920_1600_U9TEJGM,0.11865370474508415,0.31190400736507057,0.07017462066577378,0.16691077759197614
133_0920_1600_U9TEJGM,0.3238789663511176,0.19745747297013225,0.19168265095215534,0.23767303009113505
135_0920_1600_U9TEJGM,0.42946183356300943,0.48070285534163476,0.15618830561648728,0.35545099817371045
138_0920_1600_U9TEJGM,0.4095353165116349,0.344809820644689,0.22785055223706596,0.32739856313112997
139_0920_1600_U9TEJGM,0.2858490954470418,0.5003479684757076,0.13193397349787586,0.3060436791402084
140_0920_1600_U9TEJGM,0.270367531428162,0.30426686707918,0.16700112237083634,0.2472118402927261
141_0920_1600_U9TEJGM,0.4123546800521698,0.519654076240679,0.37618762143125545,0.43606545924136814
142_0920_1600_U9TEJGM,0.21809393406618505,0.45995139413305575,0.2762963009743301,0.3181138763911903
143_0920_1600_U9TEJGM,,,,
144_0920_1600_U9TEJGM,0.21329143935002637,0.406304306871001,0.23934413327332504,0.2863132931647841
145_0920_1600_U9TEJGM,0.2264637352501485,0.24553186587720513,0.15531048368731618,0.20910202827155658
146_0920_1600_U9TEJGM,0.4702129810458721,0.39111988863698083,0.5041402144286965,0.4551576947038498
2_0922_1000_539136F,0.4871156306570084,0.37860030460498795,0.5520267943258825,0.4725809098626263
3_0922_1000_539136F,,,,
4_0922_1000_539136F,,,,
5_0922_1000_539136F,0.19719996568625975,0.40694943191936916,0.5329935577945698,0.3790476518000663
6_0922_1000_539136F,0.32042063804209636,0.5093885652947323,0.5827326616154288,0.4708472883174191
7_0922_1000_539136F,0.1647999723173623,0.703864891143135,0.6499029030575141,0.5061892555060038
8_0922_1000_539136F,,,,
9_0922_1000_539136F,0.13719647429100348,0.5469015441002227,0.6144598037445856,0.4328526073786039
10_0922_1000_539136F,0.24470845423977097,0.30707501377283164,0.5651501152697985,0.372311194427467
11_0922_1000_539136F,0.24683874949371376,0.523040147786555,0.6526260990345739,0.4741683321049475
12_0922_1000_539136F,,,,
13_0922_1000_539136F,0.34101070145912055,0.3780300512271583,0.7425659564245133,0.487202236370264
14_0922_1000_539136F,0.11819272468543207,0.40532123029915357,0.41473601338401317,0.3127499894561996
15_0922_1000_539136F,0.5930914700489697,0.6036593030501521,0.7618789657893293,0.6528765796294836
16_0922_1000_539136F,0.26993679125991227,0.5608965745938005,0.7260977530207932,0.5189770396248353
17_0922_1000_539136F,0.3733130558991671,0.24682307610812462,0.4686554045630153,0.3629305121901023
18_0922_1000_539136F,,,,
19_0922_1000_539136F,0.43768403233942776,0.5709549310525343,0.5574859187938586,0.5220416273952736
20_0922_1000_539136F,0.07158188601048349,0.42526363569583037,0.41023670681557595,0.3023607428406299
21_0922_1000_539136F,0.07644077900749825,0.42750486037904983,0.5065731129574876,0.33683958411467857
22_0922_1000_539136F,0.3458896474472151,0.7035628719373515,0.7114781495458158,0.5869768896434607
23_0922_1000_539136F,0.34438244805878054,0.5124167777920449,0.5251611122377765,0.46065344602953395
24_0922_1000_539136F,0.1718130455136695,0.44893648322988483,0.6653673890214057,0.4287056392549866
25_0922_1000_539136F,0.402419273000774,0.4771859683382833,0.7505566056253522,0.5433872823214698
26_0922_1000_539136F,0.1339733490972905,0.49001308148541484,0.24521417674972432,0.28973353577747657
27_0922_1000_539136F,0.17004569285482085,0.1877629674929485,0.4527666833742161,0.27019178124066184
28_0922_1000_539136F,0.2016955012213351,0.27081094143177176,0.532142886566748,0.3348831097399516
29_0922_1000_539136F,0.29136274174310817,0.4501845589998689,0.7820287696072631,0.5078586901167467
30_0922_1000_539136F,0.1670901266012238,0.5972612967272624,0.5508961131627194,0.4384158454970685
31_0922_1000_539136F,0.45844297480563245,0.4299887936763059,0.7038003483589321,0.5307440389469568
32_0922_1000_539136F,0.14058462597049545,0.2341442510437861,0.3644587633040944,0.24639588010612531
33_0922_1000_539136F,0.18388881570253143,0.43593263328455284,0.7790436176669419,0.466288355551342
34_0922_1000_539136F,,,,
35_0922_1000_539136F,,,,
36_0922_1000_539136F,0.11557053900698762,0.5163531480738736,0.3762621229820744,0.33606193668764517
37_0922_1000_539136F,,,,
38_0922_1000_539136F,,,,
39_0922_1000_539136F,0.3061355838014028,0.5309033617075505,0.47205119498789555,0.4363633801656163
40_0922_1000_539136F,,,,
41_0922_1000_539136F,0.28134879199871476,0.38120515159980667,0.6110751796102075,0.42454304106957635
42_0922_1000_539136F,,,,
43_0922_1000_539136F,,,,
44_0922_1000_539136F,,,,
45_0922_1000_539136F,0.2391480280625402,0.6099788615812236,0.44389889900626,0.4310085962166746
46_0922_1000_539136F,0.1335681527718042,0.10608379161831653,0.1916948882382525,0.14378227754279108
47_0922_1000_539136F,,,,
48_0922_1000_539136F,0.4481388589572542,0.613508870808181,0.6524089879927244,0.5713522392527198
49_0922_1000_539136F,0.07149699965216862,0.26295125607555386,0.18352965718760159,0.172659304305108
50_0922_1000_539136F,,,,
51_0922_1000_539136F,,,,
52_0922_1000_539136F,,,,
53_0922_1000_539136F,,,,
54_0922_1000_539136F,0.21108676129572576,0.3321283669903192,0.4805986715345821,0.34127126660687573
55_0922_1000_539136F,,,,
56_0922_1000_539136F,,,,
57_0922_1000_539136F,,,,
58_0922_1000_539136F,,,,
59_0922_1000_539136F,,,,
60_0922_1000_539136F,,,,
61_0922_1000_539136F,,,,
62_0922_1000_539136F,,,,
63_0922_1000_539136F,,,,
64_0922_1000_539136F,,,,
65_0922_1000_539136F,,,,
66_0922_1000_539136F,0.6653709942254334,0.36951438904079237,0.7993697212976185,0.6114183681879481
67_0922_1000_539136F,,,,
68_0922_1000_539136F,0.11819568469839847,0.2890467485349948,0.09523622437783556,0.16749288587040959
69_0922_1000_539136F,0.2502252207030739,0.4141120178372037,0.5932413436810049,0.41919286074042744
70_0922_1000_539136F,0.29123756347808677,0.19562050582952864,0.3127301583436535,0.2665294092170896
71_0922_1000_539136F,,,,
72_0922_1000_539136F,,,,
73_0922_1000_539136F,0.29036238678168075,0.7475593234931145,0.8286963873310601,0.6222060325352851
74_0922_1000_539136F,,,,
75_0922_1000_539136F,,,,
76_0922_1000_539136F,,,,
77_0922_1000_539136F,,,,
78_0922_1000_539136F,0.23768533578765486,0.731884814347976,0.6493257975977902,0.539631982577807
79_0922_1000_539136F,,,,
80_0922_1000_539136F,,,,
81_0922_1000_539136F,0.09466447117904868,0.4256218094807176,0.5505754940632895,0.35695392490768524
82_0922_1000_539136F,,,,
83_0922_1000_539136F,0.35341286873109984,0.5684445464671151,0.5585083085689256,0.49345524125571344
84_0922_1000_539136F,,,,
85_0922_1000_539136F,0.17661334187341363,0.3872101242097392,0.2815101454438387,0.28177787050899716
86_0922_1000_539136F,,,,
87_0922_1000_539136F,,,,
88_0922_1000_539136F,,,,
89_0922_1000_539136F,,,,
90_0922_1000_539136F,,,,
91_0922_1000_539136F,,,,
92_0922_1000_539136F,,,,
93_0922_1000_539136F,0.26994888292102764,0.5383138366177289,0.24219384309307557,0.3501521875439441
94_0922_1000_539136F,,,,
95_0922_1000_539136F,,,,
96_0922_1000_539136F,,,,
97_0922_1000_539136F,,,,
98_0922_1000_539136F,,,,
99_0922_1000_539136F,,,,
100_0922_1000_539136F,,,,
101_0922_1000_539136F,,,,
102_0922_1000_539136F,,,,
103_0922_1000_539136F,0.2568636640196631,0.6097590408127506,0.6734357627457689,0.5133528225260608
104_0922_1000_539136F,,,,
105_0922_1000_539136F,,,,
106_0922_1000_539136F,,,,
107_0922_1000_539136F,,,,
108_0922_1000_539136F,,,,
109_0922_1000_539136F,,,,
110_0922_1000_539136F,,,,
111_0922_1000_539136F,,,,
112_0922_1000_539136F,,,,
113_0922_1000_539136F,,,,
114_0922_1000_539136F,,,,
115_0922_1000_539136F,,,,
116_0922_1000_539136F,,,,
117_0922_1000_539136F,,,,
118_0922_1000_539136F,,,,
119_0922_1000_539136F,0.3641233425057983,0.22308453475330378,0.6339284998814508,0.407045459046851
120_0922_1000_539136F,0.4053770573296964,0.7665682627500411,0.5048493895328189,0.5589315698708521
121_0922_1000_539136F,,,,
122_0922_1000_539136F,,,,
123_0922_1000_539136F,,,,
124_0922_1000_539136F,,,,
125_0922_1000_539136F,0.3661796391849486,0.5751708064410461,0.5125636725113402,0.4846380393791116
126_0922_1000_539136F,,,,
127_0922_1000_539136F,,,,
128_0922_1000_539136F,,,,
129_0922_1000_539136F,,,,
130_0922_1000_539136F,,,,
131_0922_1000_539136F,,,,
132_0922_1000_539136F,,,,
133_0922_1000_539136F,,,,
134_0922_1000_539136F,,,,
1_0922_1000_9M4VCHG,0.561445434730079,0.1940551616314282,0.21479794436877775,0.323432846910095
2_0922_1000_9M4VCHG,0.5687544973994308,0.2992741810704383,0.33125717761685425,0.3997619520289078
3_0922_1000_9M4VCHG,0.6720270623715175,0.11872582280591011,0.3188783904581049,0.36987709187851087
4_0922_1000_9M4VCHG,0.40202558282761663,0.3459356402677032,0.12475530460654488,0.2909055092339549
5_0922_1000_9M4VCHG,0.7442652870789711,0.37735962186565014,0.37852902652058606,0.5000513118217358
6_0922_1000_9M4VCHG,0.6420058512128294,0.3938494682106714,0.322103133833877,0.4526528177524593
7_0922_1000_9M4VCHG,0.5776125922195535,0.19791054153064858,0.5619852298240872,0.44583612119142974
8_0922_1000_9M4VCHG,0.7518502861001398,0.30856016921007656,0.43522718381412834,0.49854587970811487
9_0922_1000_9M4VCHG,0.17075688695603777,0.5654436145145345,0.7029923651377205,0.47973095553609757
10_0922_1000_9M4VCHG,0.4892007491328223,0.360396369402542,0.6243105877332941,0.4913025687562194
11_0922_1000_9M4VCHG,0.5839467320328983,0.32541015278765,0.7178538492107962,0.5424035780104481
12_0922_1000_9M4VCHG,0.7371857296952088,0.13550962396250346,0.29592159145677416,0.38953898170482876
13_0922_1000_9M4VCHG,0.8216876477847244,0.2913473434217308,0.2490966910783893,0.4540438940949482
14_0922_1000_9M4VCHG,0.54548316762274,0.3443359952484087,0.3220002207856236,0.4039397945522574
15_0922_1000_9M4VCHG,0.5791682658344218,0.39292850951658415,0.5782087883662783,0.5167685212390948
16_0922_1000_9M4VCHG,0.5538272788325759,0.22385236312873336,0.599442628947783,0.4590407569696974
17_0922_1000_9M4VCHG,0.7166058790394318,0.29841739491277236,0.4338905018248065,0.4829712585923369
18_0922_1000_9M4VCHG,0.4304764745277035,0.4584108030946142,0.5550213123859332,0.48130286333608363
19_0922_1000_9M4VCHG,0.26103251018461726,0.28279946186825383,0.45143627443086926,0.3317560821612468
20_0922_1000_9M4VCHG,0.4737072965241826,0.5537412469156493,0.622915055853298,0.5501211997643766
21_0922_1000_9M4VCHG,0.12338343615228414,0.24962347995191855,0.6531574818845827,0.3420547993295951
22_0922_1000_9M4VCHG,0.644556332677154,0.198063524023397,0.31557782436313775,0.38606589368789623
23_0922_1000_9M4VCHG,0.6802806463331748,0.3204268317317475,0.1858409952941533,0.39551615778635857
24_0922_1000_9M4VCHG,0.6950853059464895,0.30971848451529294,0.38892042531223314,0.4645747385913386
25_0922_1000_9M4VCHG,0.5646416035744921,0.39973404904767734,0.63143366254392,0.5319364383886964
26_0922_1000_9M4VCHG,,,,
27_0922_1000_9M4VCHG,0.5363200809735577,0.41687123051580155,0.5820117255695937,0.5117343456863176
29_0922_1000_9M4VCHG,0.7982265691610735,0.08076073252977282,0.3015976950137041,0.3935283322348501
30_0922_1000_9M4VCHG,0.6776225552650215,0.20789165224360817,0.18317631081424132,0.3562301727742903
31_0922_1000_9M4VCHG,0.6610420334576895,0.41343589677278825,0.5286412717179997,0.5343730673161592
32_0922_1000_9M4VCHG,0.5054768821552469,0.5630351526288947,0.7049416176759618,0.5911512174867011
33_0922_1000_9M4VCHG,0.2853911997210898,0.292863539294745,0.4887065365138987,0.35565375850991116
34_0922_1000_9M4VCHG,0.7115644998093158,0.3385774680850025,0.7455067954572677,0.5985495877838619
35_0922_1000_9M4VCHG,0.7676364946893148,0.24662599587042208,0.5968175115161688,0.5370266673586351
36_0922_1000_9M4VCHG,0.7656774451454756,0.305660261920699,0.41495500974067334,0.4954309056022827
37_0922_1000_9M4VCHG,0.5955443474410674,0.17888734610285303,0.3342725428670758,0.36956807880366543
38_0922_1000_9M4VCHG,0.6877421953181925,0.2695247037980338,0.36644971220655737,0.44123887044092786
39_0922_1000_9M4VCHG,0.6038944473431497,0.37218280241399526,0.73043332247541,0.5688368574108517
40_0922_1000_9M4VCHG,,,,
41_0922_1000_9M4VCHG,0.5216171503408042,0.23447311768847282,0.31598267007924163,0.3573576460361729
42_0922_1000_9M4VCHG,,,,
43_0922_1000_9M4VCHG,0.3975755595202634,0.5147590730122231,0.5914779453367642,0.5012708592897502
44_0922_1000_9M4VCHG,,,,
45_0922_1000_9M4VCHG,0.5971753094798462,0.35548920381059207,0.47265552823831153,0.4751066805095833
46_0922_1000_9M4VCHG,0.6876019432573433,0.3192196966920812,0.26664661770206366,0.4244894192171627
47_0922_1000_9M4VCHG,0.4880227280903282,0.283834474937728,0.45115139110541475,0.40766953137782364
48_0922_1000_9M4VCHG,0.823489197314744,0.2705489816223967,0.3050925794448487,0.4663769194606631
49_0922_1000_9M4VCHG,0.7093114461613994,0.4186054465957376,0.4799845747628355,0.5359671558399909
50_0922_1000_9M4VCHG,0.44350360299103575,0.3296356296886185,0.6883389994414815,0.4871594107070452
51_0922_1000_9M4VCHG,0.47839795403002033,0.34947068115102664,0.6120958140816858,0.4799881497542442
52_0922_1000_9M4VCHG,0.7412409985281597,0.14101358540440279,0.5101357621122471,0.4641301153482698
53_0922_1000_9M4VCHG,0.3906387153518424,0.22401494193190885,0.4599380570629393,0.35819723811556353
54_0922_1000_9M4VCHG,0.5049455808367895,0.32298643077867234,0.8036955240827774,0.5438758452327465
55_0922_1000_9M4VCHG,0.6018404251044216,0.35470622703547866,0.48687768717732993,0.4811414464390767
56_0922_1000_9M4VCHG,0.30010572958217646,0.4260206839396791,0.5796568986694969,0.43526110406378415
57_0922_1000_9M4VCHG,0.40556703179978265,0.41789475197135645,0.520315866509366,0.4479258834268351
58_0922_1000_9M4VCHG,0.3631452268703979,0.4427291194855034,0.8246338073183441,0.5435027178914151
59_0922_1000_9M4VCHG,0.6741563601804742,0.1877731906650909,0.5277469622297563,0.4632255043584405
60_0922_1000_9M4VCHG,0.45627115443872696,0.2889972172660494,0.42085852741037844,0.38870896637171826
61_0922_1000_9M4VCHG,0.5686446982103144,0.13835956880080902,0.4899307712498206,0.39897834608698135
62_0922_1000_9M4VCHG,0.5808024893979812,0.5670880632614209,0.3952920663662128,0.5143942063418716
63_0922_1000_9M4VCHG,0.4695067924690252,0.1906375916314803,0.6425206226205864,0.4342216689070306
64_0922_1000_9M4VCHG,0.2899653445191801,0.3885114324326775,0.7992470681360514,0.49257461502930305
65_0922_1000_9M4VCHG,0.6019320084019365,0.513894684453731,0.22317486156739022,0.4463338514743526
66_0922_1000_9M4VCHG,0.4994997788393158,0.38762177340480397,0.7635088804403444,0.5502101442281547
67_0922_1000_9M4VCHG,0.25268280092410916,0.49007567717081585,0.6123598273405162,0.45170610181181375
68_0922_1000_9M4VCHG,0.5805378541960758,0.5335723012117077,0.7870906846864433,0.6337336133647423
69_0922_1000_9M4VCHG,0.5400504409343335,0.32823277115829225,0.6495102464251793,0.5059311528392684
70_0922_1000_9M4VCHG,0.7888155139664924,0.15471539350329822,0.27147616007966086,0.4050023558498172
71_0922_1000_9M4VCHG,0.7341708842780729,0.31045022725788995,0.7517250652695933,0.5987820589351854
72_0922_1000_9M4VCHG,,,,
73_0922_1000_9M4VCHG,0.5060070891273629,0.28696551497346995,0.4277182486948936,0.40689695093190886
74_0922_1000_9M4VCHG,,,,
75_0922_1000_9M4VCHG,0.45811888756756525,0.4992590488667849,0.697966705837044,0.551781547423798
76_0922_1000_9M4VCHG,0.33479197551348167,0.2619567712845931,0.7047150654637141,0.4338212707539297
77_0922_1000_9M4VCHG,,,,
78_0922_1000_9M4VCHG,0.6357283047012211,0.20908060980755136,0.4744791175024505,0.43976267733707436
79_0922_1000_9M4VCHG,0.6577965495070288,0.21673098369606328,0.23149543139850626,0.36867432153386615
80_0922_1000_9M4VCHG,0.6158298042487438,0.34606395151879243,0.6161635995009639,0.5260191184228334
81_0922_1000_9M4VCHG,0.642452692664708,0.18040588119503856,0.2033641173053792,0.34207423038837526
82_0922_1000_9M4VCHG,0.550726687590488,0.6395471161079217,0.3884916176386734,0.5262551404456944
83_0922_1000_9M4VCHG,0.6675833572344286,0.3408271648098822,0.2046545942373147,0.40435503876054185
84_0922_1000_9M4VCHG,0.5669868217943171,0.4092110690364961,0.5135786607104668,0.4965921838470934
85_0922_1000_9M4VCHG,0.5717712002603702,0.07163953752460718,0.5725952584354382,0.40533533207347183
86_0922_1000_9M4VCHG,0.5836567443797439,0.5204177465198636,0.574793948750674,0.5596228132167606
87_0922_1000_9M4VCHG,,,,
88_0922_1000_9M4VCHG,,,,
89_0922_1000_9M4VCHG,0.31557616796145055,0.28050651711918717,0.5438777109168197,0.37998679866581914
90_0922_1000_9M4VCHG,0.7464128502150101,0.3725600715728459,0.5462765888549072,0.5550831702142545
91_0922_1000_9M4VCHG,,,,
92_0922_1000_9M4VCHG,0.7472000283489552,0.5555200132278942,0.41503087769584535,0.5725836397575649
93_0922_1000_9M4VCHG,0.5911995052673383,0.5553159907675719,0.5878488364852239,0.5781214441733781
95_0922_1000_9M4VCHG,0.5417081418114225,0.4417496289744194,0.6559965815800733,0.5464847841219718
96_0922_1000_9M4VCHG,0.4847877614828919,0.5355384576408019,0.4155648829877783,0.47863036737049064
97_0922_1000_9M4VCHG,,,,
98_0922_1000_9M4VCHG,0.559087575792824,0.47887264904233134,0.6923822915358232,0.5767808387903263
99_0922_1000_9M4VCHG,0.4950426924823468,0.454962841657137,0.7263654766943605,0.5587903369446147
100_0922_1000_9M4VCHG,0.6462553318024953,0.3156609285996248,0.5016640610991073,0.4878601071670758
101_0922_1000_9M4VCHG,0.44736184802234186,0.15544767290747075,0.45489906826054516,0.35256952973011924
102_0922_1000_9M4VCHG,0.6327902847868988,0.2975707869700773,0.803626177294773,0.5779957496839164
103_0922_1000_9M4VCHG,0.5669829404980968,0.33101213227624027,0.39883537288149523,0.4322768152186108
104_0922_1000_9M4VCHG,,,,
105_0922_1000_9M4VCHG,0.6532244437610272,0.19206035266565893,0.6536514063096183,0.4996454009121014
106_0922_1000_9M4VCHG,,,,
107_0922_1000_9M4VCHG,0.5937582041041479,0.5472980305620724,0.7052008173315909,0.6154190173326037
108_0922_1000_9M4VCHG,,,,
109_0922_1000_9M4VCHG,,,,
110_0922_1000_9M4VCHG,,,,
111_0922_1000_9M4VCHG,,,,
112_0922_1000_9M4VCHG,0.6958230794504994,0.22068908739111134,0.5293552067077351,0.4819557911831153
113_0922_1000_9M4VCHG,0.3585422193697411,0.4138186365367626,0.5788010001095539,0.4503872853386859
114_0922_1000_9M4VCHG,0.5711014774535594,0.477251905295252,0.8225458092995744,0.6236330640161286
115_0922_1000_9M4VCHG,0.49388473062323546,0.4306748829698641,0.6241000755236085,0.516219896372236
116_0922_1000_9M4VCHG,,,,
117_0922_1000_9M4VCHG,,,,
118_0922_1000_9M4VCHG,0.2425263242847524,0.44729173500940494,0.834056745798291,0.5079582683641495
119_0922_1000_9M4VCHG,,,,
120_0922_1000_9M4VCHG,0.4033999872131339,0.45402583401645175,0.7149082497759472,0.5241113570018443
121_0922_1000_9M4VCHG,,,,
122_0922_1000_9M4VCHG,0.47871991226141536,0.18416940214416086,0.3931667210269873,0.35201867847752116
123_0922_1000_9M4VCHG,,,,
124_0922_1000_9M4VCHG,,,,
125_0922_1000_9M4VCHG,,,,
126_0922_1000_9M4VCHG,0.6333743741949708,0.18798285591449404,0.6988510389720726,0.5067360896938458
127_0922_1000_9M4VCHG,0.8160230854346097,0.18700704541321725,0.46088076137942585,0.48797029740908426
128_0922_1000_9M4VCHG,0.7972801908778907,0.26028844218024166,0.2634729467699933,0.4403471932760419
129_0922_1000_9M4VCHG,0.2341683983089645,0.5062440963784337,0.7343864250650219,0.4915996399174734
130_0922_1000_9M4VCHG,0.6455403325181273,0.36207587606518815,0.7411778263654271,0.5829313449829141
131_0922_1000_9M4VCHG,,,,
132_0922_1000_9M4VCHG,0.7035001451131548,0.31529911669159244,0.44287312996800093,0.487224130590916
133_0922_1000_9M4VCHG,0.7001794469319101,0.3426988333651513,0.6138455269438993,0.5522412690803202
134_0922_1000_9M4VCHG,0.34868144522120303,0.29019815075138167,0.733383056041013,0.45742088400453257
1_0922_1000_U9TEJGM,0.46785982136412246,0.8375555554274291,0.9727696864604661,0.7593950210840058
2_0922_1000_U9TEJGM,0.15262181494051802,0.41327695084621313,0.9451020567432428,0.5036669408433246
3_0922_1000_U9TEJGM,0.2521347118325847,0.721738614754822,0.9488128067961951,0.6408953777945339
4_0922_1000_U9TEJGM,0.33199769666729034,0.5852855773213542,0.9317095995743839,0.6163309578543429
5_0922_1000_U9TEJGM,0.2918442894698856,0.820890755825673,0.9639818210762302,0.6922389554572629
6_0922_1000_U9TEJGM,0.43209744709967396,0.6710371982298109,0.948563341633883,0.6838993289877893
7_0922_1000_U9TEJGM,0.22854850032527765,0.8124317912968971,0.9681025373570521,0.669694276326409
8_0922_1000_U9TEJGM,0.2495034436734791,0.6354537152079789,0.9245459373499451,0.603167698743801
9_0922_1000_U9TEJGM,0.21212659587268337,0.7190364574422009,0.937821854664592,0.6229949693264921
10_0922_1000_U9TEJGM,0.2255604835338151,0.7242977280975823,0.9601391569095177,0.6366657895136384
11_0922_1000_U9TEJGM,0.35746894321888173,0.8668939354441764,0.9431549898269971,0.7225059561633517
12_0922_1000_U9TEJGM,0.13669545335732092,0.4870725097739957,0.9492515480240625,0.5243398370517931
13_0922_1000_U9TEJGM,0.30610081246869475,0.6447628885123636,0.9837304364066268,0.6448647124625617
14_0922_1000_U9TEJGM,0.32989462789067464,0.703629143270487,0.9604359941001311,0.6646532550870976
16_0922_1000_U9TEJGM,0.12889358718985744,0.713583040602086,0.948947939545182,0.5971415224457085
17_0922_1000_U9TEJGM,0.10142890205907625,0.623552924030847,0.9533070245277937,0.5594296168725723
18_0922_1000_U9TEJGM,0.3759459194275814,0.7562946274802499,0.9675173691661209,0.6999193053579841
19_0922_1000_U9TEJGM,0.13932293096674253,0.7656176209453395,0.9431770380368075,0.6160391966496298
20_0922_1000_U9TEJGM,0.10959511943069472,0.7669637345081729,0.862436576958824,0.5796651436325638
21_0922_1000_U9TEJGM,0.18282608050671278,0.572016754777072,0.9033030128315273,0.552715282705104
22_0922_1000_U9TEJGM,0.2445045419241454,0.737879282632362,0.9289755975223981,0.6371198073596352
23_0922_1000_U9TEJGM,0.30119829146765875,0.625485711196948,0.91555513659566,0.6140797130867556
24_0922_1000_U9TEJGM,0.23413988621585702,0.6550837557873379,0.8737382445948637,0.587653962199353
25_0922_1000_U9TEJGM,0.10751949508583923,0.763733612573709,0.914691862931447,0.5953149901969984
26_0922_1000_U9TEJGM,0.11508298803913634,0.5302347635867478,0.9138153699884292,0.5197110405381045
27_0922_1000_U9TEJGM,,,,
28_0922_1000_U9TEJGM,0.46987045069220396,0.6463254378022906,0.9365711295495319,0.6842556726813421
29_0922_1000_U9TEJGM,0.08060628715463528,0.2505381060624457,0.9209551350912211,0.4173665094361007
30_0922_1000_U9TEJGM,0.20752048542031498,0.6013637694238602,0.9088788050057904,0.5725876866166552
31_0922_1000_U9TEJGM,0.30085139658690013,0.792416113851245,0.8874211166959464,0.6602295423780306
32_0922_1000_U9TEJGM,,,,
34_0922_1000_U9TEJGM,0.19663179826784347,0.8408984517579144,0.9334303362763462,0.6569868621007013
35_0922_1000_U9TEJGM,0.4351798684252574,0.7807072262772978,0.9611524360339855,0.7256798435788469
36_0922_1000_U9TEJGM,0.2672164996513034,0.6851525388050087,0.9448970030416671,0.6324220138326598
37_0922_1000_U9TEJGM,0.22508361614878167,0.7354697138651325,0.8928591245767308,0.617804151530215
38_0922_1000_U9TEJGM,0.27396275746997095,0.7254991682586674,0.9461438408320371,0.6485352555202252
39_0922_1000_U9TEJGM,0.23567166961516897,0.3752455221385869,0.9134466916264105,0.5081212944600555
41_0922_1000_U9TEJGM,0.12540656231618896,0.21618342779332964,0.8500052096168748,0.3971983999087978
42_0922_1000_U9TEJGM,0.14536265505735776,0.5574830362339801,0.9013042657430272,0.5347166523447884
43_0922_1000_U9TEJGM,0.4336572821340156,0.7747114580100547,0.9644709188786388,0.724279886340903
44_0922_1000_U9TEJGM,0.26206065999793354,0.7321807014301948,0.9277271312412823,0.6406561642231369
45_0922_1000_U9TEJGM,0.28216047762197793,0.7418569538683544,0.9260746842899125,0.6500307052600816
46_0922_1000_U9TEJGM,0.19467708336296352,0.7010277795377128,0.9809287741604592,0.6255445456870451
47_0922_1000_U9TEJGM,0.21065687609054404,0.7397474893140329,0.9218520654092845,0.6240854769379539
48_0922_1000_U9TEJGM,0.13893045334361886,0.7305821516146587,0.9274784450332015,0.5989970166638264
49_0922_1000_U9TEJGM,0.20254986753341087,0.6117798406355113,0.9426042806370317,0.5856446629353179
50_0922_1000_U9TEJGM,0.11344942496165537,0.3420628781929591,0.668804515345855,0.37477227283348985
51_0922_1000_U9TEJGM,0.2383990589394314,0.7271524610217018,0.9622121776473609,0.6425878992028314
52_0922_1000_U9TEJGM,0.28581245743006284,0.6156563801241463,0.9525389629473177,0.6180026001671756
53_0922_1000_U9TEJGM,0.16157008095795056,0.2792122799949656,0.952794680268092,0.46452568040700276
54_0922_1000_U9TEJGM,0.11261289267328722,0.6218466938245236,0.9646097341421949,0.5663564402133353
55_0922_1000_U9TEJGM,0.2287697938701586,0.7676234175597233,0.9655951639439172,0.6539961251245997
56_0922_1000_U9TEJGM,0.20256212741507532,0.5612318019810223,0.951808102408879,0.5718673439349922
57_0922_1000_U9TEJGM,0.4425348802255405,0.5671377840978736,0.9426190417256418,0.6507639020163519
58_0922_1000_U9TEJGM,0.04618188889632388,0.3415791037297318,0.9526986161620883,0.44681986959604797
60_0922_1000_U9TEJGM,0.051641166785213855,0.5965116150450872,0.9322726155536754,0.5268084657946588
61_0922_1000_U9TEJGM,0.1674125731649991,0.5740757055521458,0.9617746269437983,0.5677543018869811
62_0922_1000_U9TEJGM,0.22042210822012853,0.7085534776016162,0.9475935555557301,0.625523047125825
63_0922_1000_U9TEJGM,0.45941150108177514,0.8581614725899399,0.9185562720750546,0.7453764152489232
65_0922_1000_U9TEJGM,0.3562970307834465,0.7622026733562116,0.9620117814609243,0.6935038285335274
67_0922_1000_U9TEJGM,0.23549725296380064,0.21756922484325067,0.8801638563764738,0.4444101113945084
68_0922_1000_U9TEJGM,0.24387407121981372,0.6608878301857253,0.9474706682939745,0.6174108565665045
70_0922_1000_U9TEJGM,0.2070204930779227,0.34393475269355284,0.8600142342122862,0.47032315999458724
73_0922_1000_U9TEJGM,0.18654979542820094,0.5099435174631389,0.8750068560236564,0.523833389638332
74_0922_1000_U9TEJGM,0.13699891134153788,0.5499853131216622,0.971771094396598,0.5529184396199327
75_0922_1000_U9TEJGM,0.06481733590658072,0.5346334566077936,0.8977621837969832,0.49907099210378586
77_0922_1000_U9TEJGM,0.06631206240271897,0.7703949756088587,0.9111705881736016,0.5826258753950598
78_0922_1000_U9TEJGM,0.30673797837673167,0.7931282355900372,0.9776106992717423,0.6924923044128369
80_0922_1000_U9TEJGM,0.24881690872899284,0.7479077253039593,0.9344348466871243,0.6437198269066922
81_0922_1000_U9TEJGM,0.06631515889303331,0.5255841476531702,0.9652037826489765,0.51903436306506
82_0922_1000_U9TEJGM,0.2429494358643213,0.6213465995755364,0.9461169349634063,0.6034709901344213
83_0922_1000_U9TEJGM,0.23395681934512158,0.7264513875407573,0.9782747376816943,0.646227648189191
84_0922_1000_U9TEJGM,0.3356420420330907,0.7510420675298549,0.9457444235842152,0.6774761777157202
85_0922_1000_U9TEJGM,0.23381039636567333,0.8196770743509686,0.9572610241435623,0.6702494982867347
86_0922_1000_U9TEJGM,0.1621534307933503,0.5189845844175982,0.9467076847496431,0.5426152333201971
88_0922_1000_U9TEJGM,0.08776262995998346,0.6356514266933847,0.9007365354657768,0.5413835307063817
89_0922_1000_U9TEJGM,0.30184993303352065,0.7673830730664272,0.962609801576773,0.6772809358922403
90_0922_1000_U9TEJGM,0.2034017605436805,0.7388464274048214,0.9249685211257219,0.6224055696914079
91_0922_1000_U9TEJGM,0.3361558887266771,0.7757120685017668,0.9620485493927419,0.6913055022070619
93_0922_1000_U9TEJGM,0.3493625195399708,0.664672034183905,0.9416969298160082,0.6519104945132946
94_0922_1000_U9TEJGM,0.16029162155234797,0.7433687940228951,0.9082301971264396,0.6039635375672275
96_0922_1000_U9TEJGM,0.39242956092008824,0.798280014098531,0.9553751118573702,0.7153615622919965
97_0922_1000_U9TEJGM,0.453190358704654,0.7669288823901423,0.9532975981622376,0.7244722797523447
98_0922_1000_U9TEJGM,0.08814339684453376,0.6116013100885731,0.9415394139788288,0.5470947069706452
99_0922_1000_U9TEJGM,0.23654598328573237,0.5922229616740615,0.8839541489246305,0.5709076979614748
100_0922_1000_U9TEJGM,0.13495529804751136,0.6169615563404937,0.9055437231987836,0.5524868591955961
101_0922_1000_U9TEJGM,0.38668545650276376,0.8115271571990857,0.9716971810939633,0.7233032649319376
102_0922_1000_U9TEJGM,0.11715763973459077,0.6635307778883405,0.9501765888942136,0.5769550021723816
103_0922_1000_U9TEJGM,0.14719306526687706,0.49879162790313236,0.7957563589891739,0.4805803507197277
104_0922_1000_U9TEJGM,0.4665351565696056,0.6765719487129513,0.9277346175582023,0.6902805742802531
105_0922_1000_U9TEJGM,0.2777659513116735,0.6507519754742975,0.9596904930511108,0.6294028066123606
106_0922_1000_U9TEJGM,0.08941887519150045,0.5430737700882414,0.9644772116294512,0.5323232856363976
108_0922_1000_U9TEJGM,0.2511123454162412,0.6777742297388335,0.9199829370621005,0.6162898374057252
109_0922_1000_U9TEJGM,0.24816650558575812,0.7386511726834469,0.9493325961523489,0.6453834248071847
111_0922_1000_U9TEJGM,0.12011512309909206,0.7498323075509896,0.951304491467933,0.6070839740393382
112_0922_1000_U9TEJGM,0.23453147746742853,0.5119019167616379,0.938077249328927,0.5615035478526645
113_0922_1000_U9TEJGM,0.14133373426764512,0.7790826147087797,0.9266296915283342,0.6156820135015862
114_0922_1000_U9TEJGM,0.36595107469855476,0.7349775228368601,0.9597877356419889,0.6869054443924679
115_0922_1000_U9TEJGM,0.4463965098492104,0.7589327755735592,0.9426632341232118,0.7159975065153272
116_0922_1000_U9TEJGM,0.16510916330751202,0.5321096570522964,0.968552991714745,0.5552572706915178
117_0922_1000_U9TEJGM,0.11961340431135718,0.6290998201669816,0.9492787882440489,0.5659973375741293
118_0922_1000_U9TEJGM,0.2673923591845114,0.8253142859511687,0.9506777645128176,0.6811281365494993
119_0922_1000_U9TEJGM,0.1829971933125735,0.5149382086767788,0.9430878686903418,0.5470077568932313
120_0922_1000_U9TEJGM,0.41468570414282313,0.7548270187702818,0.9659523700495724,0.7118216976542259
121_0922_1000_U9TEJGM,0.3148687026240932,0.6220273693904097,0.9677810024487101,0.6348923581544044
123_0922_1000_U9TEJGM,0.2558506922438974,0.7132284140863856,0.9422559029565017,0.6371116697622616
124_0922_1000_U9TEJGM,0.3272920532685785,0.9275593741742346,0.9615404246261313,0.7387972840229815
125_0922_1000_U9TEJGM,0.10349455514707817,0.5602798782091526,0.9088219378226013,0.524198790392944
126_0922_1000_U9TEJGM,0.2366283008259545,0.7879875125920911,0.9537603783463426,0.6594587305881294
128_0922_1000_U9TEJGM,0.1511341000704374,0.6268541598209749,0.9232997625777664,0.5670960074897262
129_0922_1000_U9TEJGM,0.19336257854254538,0.7332879199456919,0.9686585970942234,0.6317696985274869
130_0922_1000_U9TEJGM,0.15697589882658125,0.770800962354541,0.8952865491203185,0.6076878034338136
131_0922_1000_U9TEJGM,0.11732903774110925,0.8353261702426021,0.9309551583863199,0.6278701221233437
132_0922_1000_U9TEJGM,0.21733082611403898,0.7288574507200295,0.923868086033368,0.6233521209558122
133_0922_1000_U9TEJGM,0.2685714431330738,0.8112183348393659,0.9431382224383752,0.6743093334702716
134_0922_1000_U9TEJGM,0.2611536858477645,0.659574698934725,0.937342238277146,0.6193568743532119
135_0922_1000_U9TEJGM,0.23594945398182784,0.6905026877802273,0.9547024779516925,0.6270515399045825
136_0922_1000_U9TEJGM,0.18380113325844408,0.7503276996019067,0.951436147901139,0.6285216602538299
137_0922_1000_U9TEJGM,0.26501267787903465,0.7963746923699597,0.9433605162904072,0.6682492955131338
138_0922_1000_U9TEJGM,0.30603709778419813,0.6518541475369574,0.9240286738642801,0.6273066397284786
139_0922_1000_U9TEJGM,0.2655738473306494,0.8789308209517617,0.950600502639069,0.6983683903071601
0_0923_1000_539136F,0.592555588290386,0.9025238046104382,0.46470069357021654,0.6532600288236803
1_0923_1000_539136F,,,,
2_0923_1000_539136F,,,,
3_0923_1000_539136F,,,,
4_0923_1000_539136F,,,,
5_0923_1000_539136F,0.7876485538908193,0.9029361803536818,0.3000397859910933,0.6635415067451981
6_0923_1000_539136F,,,,
7_0923_1000_539136F,,,,
8_0923_1000_539136F,0.8637488682747329,0.9724890598662164,0.518062185828721,0.7847667046565566
9_0923_1000_539136F,,,,
10_0923_1000_539136F,,,,
11_0923_1000_539136F,,,,
12_0923_1000_539136F,,,,
13_0923_1000_539136F,,,,
14_0923_1000_539136F,,,,
15_0923_1000_539136F,,,,
16_0923_1000_539136F,,,,
17_0923_1000_539136F,,,,
18_0923_1000_539136F,,,,
19_0923_1000_539136F,,,,
20_0923_1000_539136F,0.7750272987600821,0.886551044927605,0.6457300838924201,0.769102809193369
21_0923_1000_539136F,,,,
22_0923_1000_539136F,,,,
23_0923_1000_539136F,,,,
24_0923_1000_539136F,,,,
25_0923_1000_539136F,,,,
26_0923_1000_539136F,,,,
27_0923_1000_539136F,0.704991804698108,0.8695101163970049,0.17638065722630095,0.5836275261071379
28_0923_1000_539136F,,,,
29_0923_1000_539136F,,,,
30_0923_1000_539136F,,,,
31_0923_1000_539136F,,,,
32_0923_1000_539136F,,,,
33_0923_1000_539136F,,,,
34_0923_1000_539136F,,,,
35_0923_1000_539136F,,,,
36_0923_1000_539136F,,,,
37_0923_1000_539136F,,,,
38_0923_1000_539136F,0.7523392510825841,0.9428009589823035,0.13386338716132018,0.6096678657420692
39_0923_1000_539136F,,,,
40_0923_1000_539136F,,,,
41_0923_1000_539136F,,,,
42_0923_1000_539136F,,,,
43_0923_1000_539136F,,,,
44_0923_1000_539136F,,,,
46_0923_1000_539136F,,,,
47_0923_1000_539136F,,,,
48_0923_1000_539136F,,,,
49_0923_1000_539136F,,,,
50_0923_1000_539136F,,,,
51_0923_1000_539136F,,,,
52_0923_1000_539136F,,,,
53_0923_1000_539136F,,,,
54_0923_1000_539136F,,,,
55_0923_1000_539136F,,,,
56_0923_1000_539136F,,,,
57_0923_1000_539136F,,,,
58_0923_1000_539136F,,,,
59_0923_1000_539136F,,,,
60_0923_1000_539136F,,,,
61_0923_1000_539136F,,,,
62_0923_1000_539136F,,,,
63_0923_1000_539136F,,,,
64_0923_1000_539136F,,,,
65_0923_1000_539136F,,,,
66_0923_1000_539136F,,,,
67_0923_1000_539136F,0.41973187256523853,0.8594740705554272,0.3748309647130627,0.5513456359445762
68_0923_1000_539136F,,,,
69_0923_1000_539136F,0.5923799746476657,0.8604554004161434,0.13836970272802418,0.5304016925972778
70_0923_1000_539136F,,,,
71_0923_1000_539136F,,,,
72_0923_1000_539136F,,,,
73_0923_1000_539136F,,,,
74_0923_1000_539136F,,,,
75_0923_1000_539136F,,,,
76_0923_1000_539136F,,,,
77_0923_1000_539136F,,,,
78_0923_1000_539136F,,,,
79_0923_1000_539136F,0.7465170857413245,0.8589388332428965,0.2909515952783261,0.6321358380875157
80_0923_1000_539136F,,,,
81_0923_1000_539136F,,,,
82_0923_1000_539136F,,,,
83_0923_1000_539136F,,,,
84_0923_1000_539136F,,,,
85_0923_1000_539136F,,,,
86_0923_1000_539136F,,,,
87_0923_1000_539136F,,,,
88_0923_1000_539136F,,,,
89_0923_1000_539136F,,,,
90_0923_1000_539136F,,,,
91_0923_1000_539136F,,,,
92_0923_1000_539136F,0.8930202994156057,0.8688605268607308,0.4181850207208713,0.726688615665736
93_0923_1000_539136F,0.726665414749275,0.9366403463262394,0.052429759560544666,0.5719118402120197
94_0923_1000_539136F,,,,
95_0923_1000_539136F,,,,
96_0923_1000_539136F,,,,
97_0923_1000_539136F,,,,
98_0923_1000_539136F,,,,
99_0923_1000_539136F,,,,
100_0923_1000_539136F,,,,
101_0923_1000_539136F,,,,
102_0923_1000_539136F,0.7218114946601214,0.9200691690509223,0.6751894821179253,0.772356715276323
103_0923_1000_539136F,,,,
104_0923_1000_539136F,,,,
105_0923_1000_539136F,0.31672728141384393,0.718852480153223,0.1938947448251888,0.40982483546408527
106_0923_1000_539136F,,,,
107_0923_1000_539136F,,,,
108_0923_1000_539136F,,,,
109_0923_1000_539136F,,,,
110_0923_1000_539136F,,,,
111_0923_1000_539136F,,,,
112_0923_1000_539136F,,,,
113_0923_1000_539136F,,,,
114_0923_1000_539136F,,,,
115_0923_1000_539136F,,,,
116_0923_1000_539136F,,,,
117_0923_1000_539136F,,,,
118_0923_1000_539136F,,,,
119_0923_1000_539136F,,,,
120_0923_1000_539136F,,,,
121_0923_1000_539136F,,,,
122_0923_1000_539136F,,,,
123_0923_1000_539136F,,,,
124_0923_1000_539136F,,,,
125_0923_1000_539136F,,,,
126_0923_1000_539136F,,,,
127_0923_1000_539136F,,,,
128_0923_1000_539136F,,,,
129_0923_1000_539136F,,,,
130_0923_1000_539136F,0.3750912216319417,0.8041161287937345,0.21955478983669485,0.4662540467541237
131_0923_1000_539136F,,,,
0_0923_1000_9M4VCHG,0.19033552867741885,0.561489556268673,0.21309251162874698,0.32163919885827963
1_0923_1000_9M4VCHG,,,,
2_0923_1000_9M4VCHG,,,,
3_0923_1000_9M4VCHG,,,,
4_0923_1000_9M4VCHG,0.28928015634803583,0.5981599767588769,0.2900140954751494,0.3924847428606874
5_0923_1000_9M4VCHG,0.24604531924862086,0.7038370450048695,0.26357309152982505,0.40448515192777185
6_0923_1000_9M4VCHG,,,,
7_0923_1000_9M4VCHG,0.16731954817005232,0.6413055137603717,0.07424125209420077,0.2942887713415416
8_0923_1000_9M4VCHG,0.21065415689493736,0.5805468288200653,0.17601079788648924,0.32240392786716393
9_0923_1000_9M4VCHG,,,,
10_0923_1000_9M4VCHG,0.3658618132001726,0.6626613502940746,0.43488471473230067,0.48780262607551594
11_0923_1000_9M4VCHG,,,,
12_0923_1000_9M4VCHG,0.1361374225938764,0.6827526807487513,0.2087943332602752,0.34256147886763433
13_0923_1000_9M4VCHG,0.6212593013292322,0.6079757438004176,0.2509924267630051,0.49340915729755164
14_0923_1000_9M4VCHG,0.24384534374481423,0.5585132796528748,0.15949884399006872,0.32061915579591926
15_0923_1000_9M4VCHG,,,,
16_0923_1000_9M4VCHG,,,,
17_0923_1000_9M4VCHG,,,,
18_0923_1000_9M4VCHG,,,,
19_0923_1000_9M4VCHG,0.26082103166925874,0.7406110602672894,0.21447607358174323,0.40530272183943045
20_0923_1000_9M4VCHG,,,,
21_0923_1000_9M4VCHG,0.1820453879707952,0.6468104588542614,0.2132024088218202,0.34735275188229225
22_0923_1000_9M4VCHG,,,,
23_0923_1000_9M4VCHG,,,,
24_0923_1000_9M4VCHG,0.4106928942270462,0.6893444182307927,0.09678782874448717,0.3989417137341087
25_0923_1000_9M4VCHG,,,,
26_0923_1000_9M4VCHG,,,,
27_0923_1000_9M4VCHG,0.7650919060125471,0.28645353074053004,0.07928333140174519,0.3769429227182741
28_0923_1000_9M4VCHG,,,,
29_0923_1000_9M4VCHG,0.20286178436764332,0.7414569632539934,0.22144806100813497,0.3885889362099239
30_0923_1000_9M4VCHG,0.27463957034352937,0.6780920109323806,0.12992344534979167,0.36088500887523384
31_0923_1000_9M4VCHG,,,,
32_0923_1000_9M4VCHG,,,,
33_0923_1000_9M4VCHG,0.484096501662098,0.293532716707355,0.11105929508993813,0.29622950448646374
34_0923_1000_9M4VCHG,,,,
35_0923_1000_9M4VCHG,,,,
36_0923_1000_9M4VCHG,,,,
37_0923_1000_9M4VCHG,,,,
38_0923_1000_9M4VCHG,,,,
39_0923_1000_9M4VCHG,,,,
40_0923_1000_9M4VCHG,,,,
41_0923_1000_9M4VCHG,,,,
42_0923_1000_9M4VCHG,,,,
43_0923_1000_9M4VCHG,0.11049873024820545,0.704317706191166,0.195193416586095,0.3366699510084888
44_0923_1000_9M4VCHG,0.19821452052989516,0.39749805432166974,0.03806231444316032,0.2112582964315751
45_0923_1000_9M4VCHG,,,,
46_0923_1000_9M4VCHG,,,,
47_0923_1000_9M4VCHG,,,,
48_0923_1000_9M4VCHG,,,,
49_0923_1000_9M4VCHG,0.3095215995271508,0.6902045457176232,0.26899554998339675,0.4229072317427236
50_0923_1000_9M4VCHG,0.37025755459835547,0.6293065069138731,0.19666602432467686,0.39874336194563514
52_0923_1000_9M4VCHG,0.5606547761668471,0.35132245543144824,0.21124268910243713,0.3744066402335775
53_0923_1000_9M4VCHG,,,,
54_0923_1000_9M4VCHG,,,,
55_0923_1000_9M4VCHG,0.17125163348808406,0.6392533571391733,0.13027490353131346,0.3135932980528569
56_0923_1000_9M4VCHG,,,,
57_0923_1000_9M4VCHG,,,,
58_0923_1000_9M4VCHG,,,,
59_0923_1000_9M4VCHG,,,,
60_0923_1000_9M4VCHG,0.14753871648550287,0.7892964373729305,0.12435186825952155,0.3537290073726516
61_0923_1000_9M4VCHG,0.16094310731584224,0.7832747164093178,0.1077678167060606,0.3506618801437402
62_0923_1000_9M4VCHG,,,,
63_0923_1000_9M4VCHG,,,,
64_0923_1000_9M4VCHG,0.3106807546520061,0.4706043010236461,0.2673333482616386,0.3495394679790969
65_0923_1000_9M4VCHG,,,,
66_0923_1000_9M4VCHG,,,,
67_0923_1000_9M4VCHG,,,,
68_0923_1000_9M4VCHG,0.17687214152646571,0.7691783150009556,0.24572315861564342,0.3972578717143549
69_0923_1000_9M4VCHG,,,,
70_0923_1000_9M4VCHG,,,,
71_0923_1000_9M4VCHG,,,,
72_0923_1000_9M4VCHG,,,,
73_0923_1000_9M4VCHG,0.14125727909807087,0.6286332782238134,0.32220686493208156,0.3640324740846553
74_0923_1000_9M4VCHG,,,,
75_0923_1000_9M4VCHG,,,,
76_0923_1000_9M4VCHG,,,,
77_0923_1000_9M4VCHG,0.17364392733688636,0.8242595444768906,0.4154600320533908,0.4711211679557226
78_0923_1000_9M4VCHG,0.4868477517495661,0.41227962521234834,0.24669154179986377,0.3819396395872594
79_0923_1000_9M4VCHG,0.2823620629978342,0.8058847821661831,0.283970361729596,0.45740573563120446
80_0923_1000_9M4VCHG,,,,
81_0923_1000_9M4VCHG,,,,
82_0923_1000_9M4VCHG,,,,
83_0923_1000_9M4VCHG,,,,
84_0923_1000_9M4VCHG,0.07212956765127249,0.8542769004569215,0.175032460868352,0.3671463096588487
85_0923_1000_9M4VCHG,0.14343407483734197,0.6725886403175956,0.08697974737329972,0.30100082084274576
86_0923_1000_9M4VCHG,0.024042311771645147,0.5966382633878716,0.07150703890508604,0.23072920468820093
87_0923_1000_9M4VCHG,,,,
88_0923_1000_9M4VCHG,0.19628737342145205,0.7323502458561361,0.11565139592543065,0.3480963384010063
89_0923_1000_9M4VCHG,0.1768896921960744,0.5352002137404048,0.0689867732436689,0.2603588930600494
90_0923_1000_9M4VCHG,0.18762810486153347,0.5386157320800514,0.08025507267354516,0.26883296987171
91_0923_1000_9M4VCHG,0.43277054664673614,0.5426537395205269,0.06735136481117059,0.34759188365947785
92_0923_1000_9M4VCHG,,,,
93_0923_1000_9M4VCHG,,,,
94_0923_1000_9M4VCHG,0.31456383906335067,0.794674499365413,0.11341418429337534,0.40755084090737964
95_0923_1000_9M4VCHG,0.39669700536119845,0.638082052525781,0.24695893906644684,0.42724599898447546
96_0923_1000_9M4VCHG,,,,
97_0923_1000_9M4VCHG,0.09307677016567793,0.8023894521714424,0.2147217328522875,0.3700626517298026
98_0923_1000_9M4VCHG,,,,
99_0923_1000_9M4VCHG,,,,
100_0923_1000_9M4VCHG,,,,
101_0923_1000_9M4VCHG,,,,
102_0923_1000_9M4VCHG,,,,
103_0923_1000_9M4VCHG,0.4823043752550949,0.5404630948657276,0.14874596975218166,0.390504479957668
104_0923_1000_9M4VCHG,0.6063645503469021,0.694073443443738,0.19144255066775237,0.49729351481946416
105_0923_1000_9M4VCHG,,,,
106_0923_1000_9M4VCHG,0.30495773568414064,0.6177448102165454,0.11890018517197147,0.34720091035755246
107_0923_1000_9M4VCHG,0.18599733183928543,0.7353128741314566,0.13291348957896096,0.3514078985165677
108_0923_1000_9M4VCHG,,,,
109_0923_1000_9M4VCHG,,,,
110_0923_1000_9M4VCHG,,,,
111_0923_1000_9M4VCHG,,,,
112_0923_1000_9M4VCHG,,,,
113_0923_1000_9M4VCHG,,,,
114_0923_1000_9M4VCHG,,,,
115_0923_1000_9M4VCHG,0.18447623936595955,0.7688366464908372,0.2223313777628481,0.3918814212065483
116_0923_1000_9M4VCHG,0.1555354557697615,0.563665667065344,0.06950301582119388,0.2629013795520998
117_0923_1000_9M4VCHG,,,,
118_0923_1000_9M4VCHG,,,,
119_0923_1000_9M4VCHG,0.2434650936856295,0.7346402508190989,0.20575118409816337,0.39461884286763055
120_0923_1000_9M4VCHG,0.11786593349524632,0.7777112111168494,0.3049647103709241,0.40018061832767327
121_0923_1000_9M4VCHG,0.19815734988852188,0.6193189360941972,0.13408244210323408,0.3171862426953177
122_0923_1000_9M4VCHG,0.3023045555621297,0.4239942071171256,0.2065094427900823,0.3109360684897792
123_0923_1000_9M4VCHG,0.13814177056780322,0.6711294766618089,0.21242018525428352,0.34056381082796516
124_0923_1000_9M4VCHG,0.2916994953488828,0.7573540206216629,0.1555461902992585,0.4015332354232681
125_0923_1000_9M4VCHG,0.1381443061749623,0.7289877354131095,0.1419714330123956,0.3363678248668225
126_0923_1000_9M4VCHG,,,,
127_0923_1000_9M4VCHG,0.16070437635155507,0.8215051508187744,0.25895463716247386,0.41372138811093445
128_0923_1000_9M4VCHG,0.12960523876019805,0.8046070781811689,0.1263860247957066,0.3535327805790245
129_0923_1000_9M4VCHG,0.32588591517768073,0.8263807213889418,0.1644966340287972,0.43892109019847325
130_0923_1000_9M4VCHG,,,,
131_0923_1000_9M4VCHG,0.16412650979335233,0.7484679400485018,0.2523225050365134,0.3883056516261225
132_0923_1000_9M4VCHG,0.37442105863447,0.6689628583075186,0.21568648555086903,0.41969013416428586
0_0923_1000_U9TEJGM,0.6438982796807374,0.7390864985521022,0.03392584766452792,0.4723035419657891
1_0923_1000_U9TEJGM,0.4302034062093251,0.5496493938973495,0.18636985187246222,0.38874088399304557
2_0923_1000_U9TEJGM,0.5238375750120191,0.8065516348718749,0.17519363700194843,0.5018609489619476
3_0923_1000_U9TEJGM,0.09777757118230551,0.38955340671041355,0.24495023307100197,0.244093736987907
4_0923_1000_U9TEJGM,0.27483720609755924,0.4590958241229233,0.14050189388804268,0.2914783080361751
5_0923_1000_U9TEJGM,0.28497197858309736,0.41073667784346307,0.43104172682259395,0.37558346108305146
6_0923_1000_U9TEJGM,0.46616758905444106,0.6001489487743906,0.04701527613601051,0.37111060465494744
8_0923_1000_U9TEJGM,0.6017503501907863,0.6545040699498181,0.1776939276498425,0.47798278259681554
9_0923_1000_U9TEJGM,0.4150024830339845,0.45772175080094996,0.25816898237521935,0.37696440540338455
10_0923_1000_U9TEJGM,0.4069155367154331,0.6116793917625148,0.08334948833809284,0.36731480560534696
11_0923_1000_U9TEJGM,0.331443485552333,0.4665897668467471,0.20242200667645005,0.33348508635851
12_0923_1000_U9TEJGM,0.4944263353348366,0.7109510127693338,0.12627195514200715,0.44388310108205914
13_0923_1000_U9TEJGM,0.2276640033928319,0.36767630902870535,0.19634090810331006,0.2638937401749491
14_0923_1000_U9TEJGM,0.44058728332648367,0.6011400082072047,0.376901638447435,0.47287630999370783
15_0923_1000_U9TEJGM,0.34311861475523053,0.628028905381782,0.3559613802347055,0.44236963345723934
16_0923_1000_U9TEJGM,0.629003818661997,0.7654802765103059,0.04134308706475249,0.47860906074568504
17_0923_1000_U9TEJGM,0.38128915705142247,0.5827685867923259,0.2577618545939875,0.4072731994792453
18_0923_1000_U9TEJGM,0.4839084217084662,0.66759630050564,0.07784672421424128,0.4097838154761158
19_0923_1000_U9TEJGM,0.4931387730215444,0.5245097428377176,0.18905443705469802,0.4022343176379866
20_0923_1000_U9TEJGM,0.2249300523085962,0.4180110218699326,0.30521800743410316,0.31605302720421063
21_0923_1000_U9TEJGM,0.36815541091801873,0.6087227984075353,0.16115248949503508,0.37934356627352966
22_0923_1000_U9TEJGM,0.6579338660157926,0.7324827775650155,0.252588404290283,0.5476683492903637
23_0923_1000_U9TEJGM,0.2534677669584699,0.6745166430501023,0.19891219993077472,0.37563220331311564
24_0923_1000_U9TEJGM,0.37685071502274275,0.5792915201310325,0.24477342565178403,0.4003052202685197
25_0923_1000_U9TEJGM,0.4069616744560469,0.6926257147454611,0.13110390231147354,0.41023043050432717
26_0923_1000_U9TEJGM,0.33106085103196176,0.4778786933973467,0.30287929516175,0.37060627986368616
27_0923_1000_U9TEJGM,0.428625525039611,0.5719858215354852,0.1431425248895903,0.3812512904882288
28_0923_1000_U9TEJGM,0.33196608918461146,0.5435890260915891,0.13866633708104917,0.33807381745241655
29_0923_1000_U9TEJGM,0.4813116080809712,0.764015385655125,0.5379445014105307,0.5944238317155423
30_0923_1000_U9TEJGM,0.3411260382796417,0.5161347569263729,0.1857011193678886,0.34765397152463445
32_0923_1000_U9TEJGM,0.6326454471258308,0.7602714376390991,0.05881289122327446,0.4839099253294014
33_0923_1000_U9TEJGM,0.692885755706032,0.8333906622728545,0.23431555700392545,0.5868639916609373
34_0923_1000_U9TEJGM,0.5853793168969772,0.8264872159926263,0.07090591441821967,0.494257482435941
35_0923_1000_U9TEJGM,0.35399987204570066,0.5684276123732622,0.24128239013592492,0.3879032915182959
36_0923_1000_U9TEJGM,0.6021622413098989,0.7823472561663366,0.12252886649919019,0.5023461213251419
37_0923_1000_U9TEJGM,0.2575469879447851,0.5462289408564548,0.2083207518754057,0.33736556022554853
38_0923_1000_U9TEJGM,0.3841388503967244,0.638292495433438,0.23575650722909933,0.41939595101975385
39_0923_1000_U9TEJGM,0.9664449775088156,0.22833205761726147,0.7845723393321862,0.6597831248194211
40_0923_1000_U9TEJGM,,,,
41_0923_1000_U9TEJGM,0.6394050787469769,0.7057137576901851,0.4522406901539122,0.5991198421970247
42_0923_1000_U9TEJGM,0.32586973548330733,0.4013625363128132,0.38331362240484057,0.3701819647336537
43_0923_1000_U9TEJGM,0.5660730234155926,0.7701478015268758,0.26230496679306164,0.53284193057851
44_0923_1000_U9TEJGM,0.48953432530776936,0.5856629279978606,0.05723190605347065,0.37747638645303355
46_0923_1000_U9TEJGM,0.4182664800477541,0.6735368720950765,0.15472765957497306,0.4155103372392679
47_0923_1000_U9TEJGM,0.3610242748283971,0.4400168197775433,0.25137250272355427,0.35080453244316495
48_0923_1000_U9TEJGM,0.5420599987764223,0.725544820651285,0.3440163614303609,0.5372070602860227
49_0923_1000_U9TEJGM,0.22852937512925497,0.3689122018877031,0.10958057316610566,0.23567405006102127
51_0923_1000_U9TEJGM,0.22204642776692748,0.49376807495012826,0.49234011190283483,0.40271820487329685
52_0923_1000_U9TEJGM,0.5099854200737972,0.6940996070696763,0.31092709232137467,0.5050040398216161
53_0923_1000_U9TEJGM,0.3768246795003547,0.5131612440664565,0.2735117613912134,0.3878325616526748
54_0923_1000_U9TEJGM,0.4887230969723542,0.6425562711281532,0.045358051363304674,0.392212473154604
55_0923_1000_U9TEJGM,0.4155301114155461,0.6014560617025461,0.13732618979548772,0.3847707876378599
57_0923_1000_U9TEJGM,0.5275533370244273,0.6766533019840869,0.230265053012262,0.4781572306735921
58_0923_1000_U9TEJGM,0.5871445058894113,0.7082678760509608,0.1328151064271408,0.4760758294558376
59_0923_1000_U9TEJGM,0.2998646482150345,0.6579499079857266,0.23451942107678214,0.3974446590925145
60_0923_1000_U9TEJGM,0.46183196886799455,0.6031479809251605,0.3927816045718006,0.48592051812165193
61_0923_1000_U9TEJGM,0.5705034388185424,0.7362915375382482,0.17679313913013547,0.49452937182897533
62_0923_1000_U9TEJGM,0.2638088146234043,0.4609649848779143,0.3398063862403075,0.35486006191387537
63_0923_1000_U9TEJGM,0.3749627635158566,0.6356396299260355,0.22903359459460337,0.4132119960121652
66_0923_1000_U9TEJGM,0.4763502413283163,0.5940747301987673,0.2635376803761381,0.4446542173010739
67_0923_1000_U9TEJGM,0.6128979362897066,0.7302006569284677,0.263538819430765,0.5355458042163131
68_0923_1000_U9TEJGM,0.5471543018501642,0.7852463810449127,0.183046482236585,0.5051490550438873
69_0923_1000_U9TEJGM,0.24039899043024793,0.1883624787314083,0.17629037117004995,0.20168394677723542
71_0923_1000_U9TEJGM,0.4011738342934881,0.7253223170607234,0.40068186510587617,0.5090593388200292
72_0923_1000_U9TEJGM,0.1290615708156638,0.46480030661626265,0.5050572131294008,0.36630636352044244
73_0923_1000_U9TEJGM,0.4735433945667613,0.6420808753531498,0.4268912744495655,0.5141718481231589
74_0923_1000_U9TEJGM,0.3483752165000906,0.7419424168321459,0.24280582795395259,0.44437448709539645
75_0923_1000_U9TEJGM,0.25894024277736566,0.4910994892216358,0.1288645553469816,0.2929680957819944
76_0923_1000_U9TEJGM,0.4628698969467666,0.7656838604160451,0.2097863361770983,0.47944669784663674
77_0923_1000_U9TEJGM,0.38109522667710544,0.6801132498859443,0.1745056148133971,0.41190469712548233
78_0923_1000_U9TEJGM,0.38963162066188567,0.6166653376875045,0.21328160589122347,0.4065261880802045
79_0923_1000_U9TEJGM,0.31547298419623326,0.5769848822468651,0.31361410471255075,0.40202399038521636
80_0923_1000_U9TEJGM,0.49967477623495643,0.7641728601208125,0.23965510875200435,0.5011675817025911
82_0923_1000_U9TEJGM,0.198964567518935,0.5800756409597483,0.21094660567544907,0.3299956047180441
83_0923_1000_U9TEJGM,0.5469416886756152,0.7696433863270414,0.12280674435290351,0.47979727311852005
84_0923_1000_U9TEJGM,0.21401018321677845,0.41418210289296775,0.33060875477662194,0.3196003469621227
85_0923_1000_U9TEJGM,0.4588187288177143,0.47166314556102296,0.40737207553662613,0.4459513166384545
87_0923_1000_U9TEJGM,0.2599802583137521,0.48437139118048816,0.3191370550620935,0.35449623485211124
88_0923_1000_U9TEJGM,0.2977466338893085,0.5005082464623197,0.18793493805278835,0.3287299394681389
89_0923_1000_U9TEJGM,0.5740837709328896,0.7270145556316034,0.02160067393990363,0.4408996668347989
90_0923_1000_U9TEJGM,0.5166124089692662,0.6685861123139927,0.1730071322842758,0.452735217855845
91_0923_1000_U9TEJGM,0.6339103898281727,0.816416350605785,0.18803398345179848,0.546120241295252
92_0923_1000_U9TEJGM,0.418339378865243,0.416948865812603,0.36763973093484587,0.4009759918708973
93_0923_1000_U9TEJGM,0.10477617960586273,0.09615794870869865,0.32581280334346746,0.17558231055267629
94_0923_1000_U9TEJGM,0.4425580604363078,0.6152675000217671,0.21929230822903648,0.4257059562290371
95_0923_1000_U9TEJGM,0.33780128230941414,0.4684964998016057,0.1063124549135493,0.30420341234152304
96_0923_1000_U9TEJGM,0.6502506641608182,0.7121772005646466,0.08027630993583985,0.48090139155376826
97_0923_1000_U9TEJGM,0.4074532863078486,0.6892120192663578,0.31420092332642585,0.4702887429668774
98_0923_1000_U9TEJGM,0.5318386826380137,0.8054614261019094,0.12526904763978808,0.4875230521265704
99_0923_1000_U9TEJGM,0.3189577234198888,0.5037331341716974,0.26384951929842865,0.36218012563000496
100_0923_1000_U9TEJGM,0.4958710404739872,0.5798993642228455,0.11917023573225079,0.39831354680969455
101_0923_1000_U9TEJGM,0.6265386595269367,0.7677550973841374,0.16341120900987766,0.5192349886403173
102_0923_1000_U9TEJGM,0.23120815510053536,0.3498551822625629,0.24775213291058049,0.2762718234245596
103_0923_1000_U9TEJGM,0.38614424994699564,0.4900174176751472,0.12498754353940426,0.33371640372051575
104_0923_1000_U9TEJGM,0.2767528910670714,0.5013597501230893,0.3775405670643597,0.3852177360848401
105_0923_1000_U9TEJGM,0.23140470357322376,0.6267773224207042,0.4919543624578495,0.45004546281725916
106_0923_1000_U9TEJGM,0.28464800594400846,0.5277290626475161,0.305390975131328,0.3725893479076175
107_0923_1000_U9TEJGM,0.06894999907279356,0.20545628711438238,0.29317289862072365,0.1891930616026332
108_0923_1000_U9TEJGM,0.3314261483488219,0.6041403136894693,0.43882634944411963,0.4581309371608036
109_0923_1000_U9TEJGM,0.11976539951982164,0.2912446858264159,0.29828088432951594,0.23643032322525115
110_0923_1000_U9TEJGM,0.37430360009503855,0.5572919926532155,0.06394529429426624,0.3318469623475067
111_0923_1000_U9TEJGM,0.29140858876698755,0.5073227353998205,0.4786005561078272,0.42577729342487847
112_0923_1000_U9TEJGM,0.626024191403436,0.7589114789543832,0.3295048298975259,0.5714801667517816
113_0923_1000_U9TEJGM,0.40844122954633794,0.6604934490788432,0.3367470090641859,0.4685605625631224
114_0923_1000_U9TEJGM,0.3546703037960052,0.5676142056503326,0.2122188682676982,0.37816779257134536
115_0923_1000_U9TEJGM,0.3963490748590061,0.691702657436018,0.37631045338648644,0.48812072856050354
116_0923_1000_U9TEJGM,0.36461407242841765,0.59705907265724,0.530928654622631,0.4975339332360962
117_0923_1000_U9TEJGM,0.38048506349841027,0.6471065913224717,0.20111575204197152,0.4095691356209512
118_0923_1000_U9TEJGM,0.4840013248288126,0.7273177568736715,0.13426201129255458,0.44852703099834623
119_0923_1000_U9TEJGM,0.6879649826817866,0.7876563981293607,0.17633498980620765,0.5506521235391183
120_0923_1000_U9TEJGM,0.3752796017902618,0.5772008431746324,0.17392411613121964,0.375468187032038
121_0923_1000_U9TEJGM,0.45268435263190226,0.5647999881678906,0.25205581204080074,0.42318005094686456
122_0923_1000_U9TEJGM,0.2170724219584208,0.543288185524191,0.17992390956852403,0.3134281723503786
123_0923_1000_U9TEJGM,0.33073107402937824,0.4217313214785096,0.10677664557205642,0.2864130136933148
124_0923_1000_U9TEJGM,0.2721553116854952,0.5182796591562587,0.6150024847554217,0.4684791518657252
125_0923_1000_U9TEJGM,0.4442738708754985,0.5854777048504546,0.2569863742882666,0.42891265000473994
126_0923_1000_U9TEJGM,0.38875447393902834,0.5237773694324793,0.19637034232109132,0.36963406189753306
127_0923_1000_U9TEJGM,0.5673625595036197,0.6852333939818368,0.08170860973964521,0.4447681877417005
128_0923_1000_U9TEJGM,0.10581068191144616,0.5017253720820735,0.16603132436995424,0.2578557927878246
129_0923_1000_U9TEJGM,0.41596427213662274,0.5768461771878712,0.09696986966832633,0.36326010633094014
130_0923_1000_U9TEJGM,0.3799397379122475,0.6560438852682503,0.2656363333867459,0.4338733188557479
131_0923_1000_U9TEJGM,0.2971362428734698,0.5584994367138224,0.048502280862727176,0.3013793201500064
132_0923_1000_U9TEJGM,0.4290994798009498,0.5519775107964117,0.24844996028853536,0.4098423169619656
133_0923_1000_U9TEJGM,0.4466196831959161,0.7173628014897365,0.08808536831045329,0.41735595099870193
134_0923_1000_U9TEJGM,0.3499272200009387,0.5128991930910339,0.04580904181242004,0.3028784849681309
135_0923_1000_U9TEJGM,0.22475698443557082,0.45990868002725555,0.12524123058745026,0.2699689650167589
0_0923_1600_539136F,0.21756092826156745,0.3234542400285621,0.1619800484396319,0.23433173890992046
1_0923_1600_539136F,0.08160854507392303,0.30170548472117165,0.4558627086819369,0.27972557949234383
2_0923_1600_539136F,0.05451004919212638,0.5512934006666542,0.20919243754464809,0.2716652958011429
3_0923_1600_539136F,,,,
4_0923_1600_539136F,,,,
5_0923_1600_539136F,,,,
6_0923_1600_539136F,0.15548718935099923,0.2708612991296124,0.3889669703049421,0.27177181959518454
7_0923_1600_539136F,0.038459295009577066,0.2531106614302926,0.2511244667806629,0.18089814107351088
8_0923_1600_539136F,0.1727019218701901,0.42157660679273756,0.2719789653390584,0.288752498000662
9_0923_1600_539136F,,,,
10_0923_1600_539136F,,,,
11_0923_1600_539136F,,,,
12_0923_1600_539136F,,,,
13_0923_1600_539136F,0.04311135003230807,0.46357440272353384,0.20461419718559115,0.23709998331381102
14_0923_1600_539136F,,,,
15_0923_1600_539136F,0.1700213506924837,0.4490134659528104,0.1598075986610224,0.25961413843543885
16_0923_1600_539136F,0.1819963819937878,0.4355398651168902,0.42722684186538057,0.34825436299201956
17_0923_1600_539136F,,,,
18_0923_1600_539136F,0.5338446147093755,0.6293189360853394,0.5909101128103549,0.5846912212016899
19_0923_1600_539136F,,,,
20_0923_1600_539136F,,,,
21_0923_1600_539136F,,,,
22_0923_1600_539136F,,,,
23_0923_1600_539136F,0.08948257760090246,0.5657361369602918,0.37014880785497944,0.3417891741387246
24_0923_1600_539136F,,,,
25_0923_1600_539136F,,,,
26_0923_1600_539136F,,,,
27_0923_1600_539136F,,,,
28_0923_1600_539136F,,,,
29_0923_1600_539136F,,,,
30_0923_1600_539136F,,,,
31_0923_1600_539136F,,,,
32_0923_1600_539136F,,,,
33_0923_1600_539136F,,,,
34_0923_1600_539136F,,,,
35_0923_1600_539136F,,,,
36_0923_1600_539136F,,,,
37_0923_1600_539136F,,,,
38_0923_1600_539136F,,,,
39_0923_1600_539136F,,,,
40_0923_1600_539136F,0.28555762425279785,0.5597027171142199,0.29229878100199846,0.37918637412300543
41_0923_1600_539136F,,,,
42_0923_1600_539136F,,,,
43_0923_1600_539136F,,,,
44_0923_1600_539136F,,,,
45_0923_1600_539136F,,,,
46_0923_1600_539136F,0.4754716583649352,0.20041504648094585,0.4778482880264439,0.3845783309574417
47_0923_1600_539136F,,,,
48_0923_1600_539136F,,,,
49_0923_1600_539136F,0.034436120788279526,0.5226237812518121,0.35625702910858187,0.30443897704955786
50_0923_1600_539136F,0.18257363280837421,0.3352647330220289,0.22151867447258003,0.24645234676766103
51_0923_1600_539136F,,,,
52_0923_1600_539136F,,,,
53_0923_1600_539136F,,,,
54_0923_1600_539136F,,,,
55_0923_1600_539136F,,,,
56_0923_1600_539136F,,,,
57_0923_1600_539136F,,,,
58_0923_1600_539136F,,,,
59_0923_1600_539136F,,,,
60_0923_1600_539136F,,,,
61_0923_1600_539136F,,,,
62_0923_1600_539136F,,,,
63_0923_1600_539136F,,,,
64_0923_1600_539136F,,,,
65_0923_1600_539136F,0.09753213422966489,0.4315627734934062,0.14786478577319342,0.2256532311654215
66_0923_1600_539136F,,,,
67_0923_1600_539136F,,,,
68_0923_1600_539136F,,,,
69_0923_1600_539136F,,,,
70_0923_1600_539136F,0.08310263568180205,0.7157365189054241,0.22088871697545887,0.3399092905208951
71_0923_1600_539136F,0.1534796237720609,0.4241248711291929,0.4011258551333084,0.3262434500115207
72_0923_1600_539136F,0.0913053734871972,0.32359855364601703,0.38683962358862917,0.2672478502406144
73_0923_1600_539136F,0.35880256437380115,0.06234711757038073,0.2637584207077254,0.2283027008839691
74_0923_1600_539136F,0.24578962628570855,0.662838381597688,0.14636291437855656,0.3516636407539844
75_0923_1600_539136F,0.17121627110283197,0.276765944204877,0.43902273082055826,0.29566831537608906
76_0923_1600_539136F,0.2408375919228292,0.419395900357314,0.5966255949064841,0.41895302906220905
77_0923_1600_539136F,,,,
78_0923_1600_539136F,,,,
79_0923_1600_539136F,,,,
80_0923_1600_539136F,,,,
81_0923_1600_539136F,0.17580709894325416,0.500018558458691,0.3577370509848756,0.34452090279560693
82_0923_1600_539136F,,,,
83_0923_1600_539136F,,,,
84_0923_1600_539136F,,,,
85_0923_1600_539136F,0.3412592722317565,0.3002353692108957,0.44302414501900333,0.36150626215388515
86_0923_1600_539136F,0.23349005287085112,0.3859667894241761,0.1814976281139806,0.2669848234696693
87_0923_1600_539136F,,,,
88_0923_1600_539136F,,,,
89_0923_1600_539136F,0.33146855412167564,0.4459525216140543,0.6327611578850707,0.4700607445402669
90_0923_1600_539136F,,,,
91_0923_1600_539136F,0.07499440376777018,0.15115090771855624,0.3835932755692766,0.203246195685201
92_0923_1600_539136F,0.0540069228528012,0.38256200084672026,0.08170977039609709,0.1727595646985395
93_0923_1600_539136F,,,,
94_0923_1600_539136F,0.06696240851911882,0.39716437269100097,0.11781441954905357,0.19398040025305777
95_0923_1600_539136F,,,,
96_0923_1600_539136F,,,,
97_0923_1600_539136F,0.315872293432301,0.5148863285074644,0.604301720374781,0.47835344743818214
98_0923_1600_539136F,,,,
99_0923_1600_539136F,,,,
100_0923_1600_539136F,,,,
101_0923_1600_539136F,0.3957325530879201,0.5820909113929843,0.586014456285331,0.5212793069220785
102_0923_1600_539136F,,,,
103_0923_1600_539136F,,,,
104_0923_1600_539136F,,,,
105_0923_1600_539136F,0.36373618412832104,0.23257048231939395,0.31082454933176096,0.302377071926492
106_0923_1600_539136F,,,,
107_0923_1600_539136F,0.2496975268868881,0.4203116865101602,0.35123208263277556,0.3404137653432746
108_0923_1600_539136F,0.12196456158775433,0.30424562609445066,0.41363509375642726,0.27994842714621077
109_0923_1600_539136F,0.07305851182408334,0.44198372414422676,0.0978041444565829,0.2042821268082977
110_0923_1600_539136F,,,,
111_0923_1600_539136F,0.2681609318773646,0.2648791264626082,0.4671555795800859,0.3333985459733529
112_0923_1600_539136F,0.16407793974848792,0.185474196132393,0.4757021845013932,0.27508477346075805
113_0923_1600_539136F,0.15501959342202065,0.17415107104251049,0.2067703837247327,0.17864701606308794
114_0923_1600_539136F,,,,
115_0923_1600_539136F,0.1303650615516067,0.4373642687351471,0.14785189750452804,0.2385270759304273
116_0923_1600_539136F,,,,
117_0923_1600_539136F,,,,
118_0923_1600_539136F,,,,
119_0923_1600_539136F,,,,
120_0923_1600_539136F,,,,
121_0923_1600_539136F,,,,
122_0923_1600_539136F,,,,
123_0923_1600_539136F,,,,
124_0923_1600_539136F,,,,
125_0923_1600_539136F,,,,
126_0923_1600_539136F,0.09012241842559071,0.27165848339428184,0.19421762127036182,0.1853328410300781
127_0923_1600_539136F,,,,
128_0923_1600_539136F,0.17537285851792128,0.3752079524925443,0.3473068117351421,0.2992958742485359
129_0923_1600_539136F,,,,
130_0923_1600_539136F,,,,
131_0923_1600_539136F,,,,
0_0923_1600_U9TEJGM,0.36475191379058064,0.7162151826496999,0.5082458500136163,0.5297376488179656
2_0923_1600_U9TEJGM,0.14032471576159808,0.7454945101397144,0.17074454589864388,0.35218792393331877
3_0923_1600_U9TEJGM,0.22022951341960018,0.5221639523839895,0.09232726178709882,0.2782402425302295
4_0923_1600_U9TEJGM,,,,
5_0923_1600_U9TEJGM,0.08905370113064492,0.6757297376634646,0.19815234738381982,0.3209785953926431
6_0923_1600_U9TEJGM,0.1953141438706808,0.7362871473638775,0.27275567388026906,0.40145232170494244
7_0923_1600_U9TEJGM,0.13629318069756385,0.520168173404833,0.1951804366016632,0.28388059690135337
8_0923_1600_U9TEJGM,0.10840359371264645,0.6124860368317037,0.12378979765680476,0.28155980940038494
9_0923_1600_U9TEJGM,0.14317788859353672,0.544583856939333,0.37887928502726087,0.3555470101867102
10_0923_1600_U9TEJGM,0.10106012775002728,0.7548081555180586,0.3780601863598609,0.4113094898759822
11_0923_1600_U9TEJGM,0.29265988059222936,0.5905921425597862,0.32802042313664603,0.4037574820962206
12_0923_1600_U9TEJGM,0.033108232774390726,0.5939920089229909,0.10390874860654226,0.24366966343464128
13_0923_1600_U9TEJGM,,,,
14_0923_1600_U9TEJGM,,,,
15_0923_1600_U9TEJGM,0.11599987462365179,0.6892823154530169,0.08062162016469034,0.295301270080453
16_0923_1600_U9TEJGM,,,,
17_0923_1600_U9TEJGM,0.25133003634533807,0.7033868513501963,0.3689696183513275,0.44122883534895396
18_0923_1600_U9TEJGM,,,,
19_0923_1600_U9TEJGM,0.11635798677237208,0.5401136530115359,0.14168485146219104,0.26605216374869967
20_0923_1600_U9TEJGM,,,,
21_0923_1600_U9TEJGM,0.14615602435195854,0.5376595795140257,0.28691611881099804,0.3235772408923274
22_0923_1600_U9TEJGM,,,,
23_0923_1600_U9TEJGM,,,,
24_0923_1600_U9TEJGM,0.30546882202065057,0.7087202169826553,0.3754331526436287,0.4632073972156449
25_0923_1600_U9TEJGM,0.2974808307512526,0.5746943145622486,0.4209169716042152,0.4310307056392388
26_0923_1600_U9TEJGM,,,,
27_0923_1600_U9TEJGM,0.23247390757139672,0.6177203797237593,0.3562700645295504,0.40215478394156884
28_0923_1600_U9TEJGM,,,,
29_0923_1600_U9TEJGM,0.19917136559303342,0.47841833151460306,0.4407990373437672,0.3727962448171345
30_0923_1600_U9TEJGM,0.1252886544192476,0.7328538610483227,0.2117982016142266,0.3566469056939323
31_0923_1600_U9TEJGM,0.10201070344665182,0.6356871010500985,0.35862530222521444,0.36544103557398827
32_0923_1600_U9TEJGM,0.23016882085237725,0.6472027801927973,0.0240207777043392,0.3004641262498379
33_0923_1600_U9TEJGM,,,,
34_0923_1600_U9TEJGM,0.08872872879369502,0.6513832049454155,0.4262524253653625,0.388788119701491
35_0923_1600_U9TEJGM,,,,
36_0923_1600_U9TEJGM,0.12181027535171501,0.6884722123942059,0.40612231925867054,0.4054682690015305
37_0923_1600_U9TEJGM,0.2854619251658864,0.5953549830457631,0.4917175384127324,0.45751148220812726
38_0923_1600_U9TEJGM,,,,
39_0923_1600_U9TEJGM,0.15974889772404618,0.6929762474730808,0.04204852213352215,0.2982578891102164
40_0923_1600_U9TEJGM,0.30946986575582897,0.43964460004813644,0.3387119671163856,0.3626088109734504
41_0923_1600_U9TEJGM,,,,
42_0923_1600_U9TEJGM,0.07244851705487661,0.853790230340785,0.4513001988342144,0.45917964874329203
43_0923_1600_U9TEJGM,0.2060297513412582,0.3959108048954849,0.3254718784294141,0.3091374782220524
44_0923_1600_U9TEJGM,0.12157769937018222,0.7545972009558252,0.3115183290153467,0.39589774311378473
45_0923_1600_U9TEJGM,0.1782755623227625,0.7863163710117046,0.554787750741904,0.5064598946921237
46_0923_1600_U9TEJGM,,,,
47_0923_1600_U9TEJGM,,,,
48_0923_1600_U9TEJGM,,,,
49_0923_1600_U9TEJGM,0.10783423297026422,0.7812471708385204,0.516335905722007,0.4684724365102639
50_0923_1600_U9TEJGM,0.3179695733426661,0.6646544045317831,0.4316272750216414,0.4714170842986969
51_0923_1600_U9TEJGM,0.12225751566311392,0.680430965496922,0.3935568449731191,0.398748442044385
52_0923_1600_U9TEJGM,,,,
53_0923_1600_U9TEJGM,0.07359926769176993,0.8162829731654214,0.17853043385902975,0.3561375582387403
54_0923_1600_U9TEJGM,,,,
55_0923_1600_U9TEJGM,0.08611086570588379,0.7612170039506284,0.2902400350265389,0.37918930156101704
56_0923_1600_U9TEJGM,0.18622504310838395,0.6349405816125997,0.10340642035559001,0.3081906816921912
57_0923_1600_U9TEJGM,,,,
58_0923_1600_U9TEJGM,0.18583621225129465,0.4970297528417336,0.32413885082126487,0.335668271971431
59_0923_1600_U9TEJGM,0.12364915123682886,0.62559631363789,0.19377500586038657,0.3143401569117018
60_0923_1600_U9TEJGM,,,,
61_0923_1600_U9TEJGM,,,,
62_0923_1600_U9TEJGM,0.06408609107802783,0.7800072438827043,0.19585156185856226,0.3466482989397648
63_0923_1600_U9TEJGM,,,,
64_0923_1600_U9TEJGM,,,,
65_0923_1600_U9TEJGM,0.13235682391351292,0.6828876852984972,0.40284210394215014,0.4060288710513868
66_0923_1600_U9TEJGM,0.0568038279174267,0.6921190282649441,0.09240051938401013,0.28044112518879366
67_0923_1600_U9TEJGM,0.06494813304386544,0.799169366546816,0.20087551098816325,0.35499767019294826
68_0923_1600_U9TEJGM,0.3902116428209867,0.15677790170688774,0.35672501271083873,0.3012381857462377
69_0923_1600_U9TEJGM,0.09147428612059927,0.786406496742508,0.3448569211486073,0.4075792346705715
70_0923_1600_U9TEJGM,0.3109979533868927,0.790987117287433,0.37865397355577013,0.4935463480766986
71_0923_1600_U9TEJGM,0.0777977341413136,0.5434109007913378,0.25528940723713034,0.2921660140565939
72_0923_1600_U9TEJGM,0.3167256855574759,0.4825054661644603,0.18787349247416282,0.3290348813986997
73_0923_1600_U9TEJGM,0.11565125692092386,0.8202835454823149,0.2276725177766841,0.38786910672664093
74_0923_1600_U9TEJGM,,,,
75_0923_1600_U9TEJGM,,,,
76_0923_1600_U9TEJGM,,,,
77_0923_1600_U9TEJGM,0.07942621391350589,0.7702757957525574,0.3141333483125753,0.3879451193262129
78_0923_1600_U9TEJGM,0.14554552455867806,0.6240325505127465,0.2516219255826034,0.34040000021800937
79_0923_1600_U9TEJGM,,,,
80_0923_1600_U9TEJGM,,,,
81_0923_1600_U9TEJGM,,,,
83_0923_1600_U9TEJGM,0.15850560372944403,0.8869023293030699,0.20996090182589425,0.4184562782861361
84_0923_1600_U9TEJGM,0.5690500202903047,0.9345345440521208,0.5727472192354774,0.6921105945259676
85_0923_1600_U9TEJGM,,,,
87_0923_1600_U9TEJGM,,,,
88_0923_1600_U9TEJGM,0.2800757248044105,0.5184458394151862,0.1630699531036831,0.3205305057744266
89_0923_1600_U9TEJGM,0.1648295580505821,0.836226523767366,0.29403483100101746,0.4316969709396552
90_0923_1600_U9TEJGM,0.21047629939667847,0.7795240969837645,0.32790355042891106,0.43930131560311797
91_0923_1600_U9TEJGM,,,,
92_0923_1600_U9TEJGM,0.35476068110052655,0.8113569297264491,0.4153901609765453,0.5271692572678404
94_0923_1600_U9TEJGM,0.18601112348125662,0.7608254679792584,0.3423374668353542,0.4297246860986231
97_0923_1600_U9TEJGM,0.22232202110942123,0.732610002010087,0.1700461941997,0.37499273910640274
98_0923_1600_U9TEJGM,,,,
99_0923_1600_U9TEJGM,,,,
100_0923_1600_U9TEJGM,0.2246279041067691,0.7530154374279782,0.18326087959189089,0.3869680737088794
101_0923_1600_U9TEJGM,0.08722800351271139,0.7573926369921335,0.25865112551605707,0.36775725534030074
102_0923_1600_U9TEJGM,0.21323754077433454,0.8104974333359154,0.28571603536843004,0.43648366982622666
104_0923_1600_U9TEJGM,0.19895568618691914,0.8043746796274288,0.3649059570249639,0.45607877427977067
105_0923_1600_U9TEJGM,0.21177544069148344,0.7277206979090233,0.236360196340621,0.3919521116470426
106_0923_1600_U9TEJGM,0.15692462728832848,0.5820289057044877,0.23312413207380941,0.32402588835554186
107_0923_1600_U9TEJGM,0.0638253021623143,0.5333787998769665,0.08513597106002212,0.22744669103310097
108_0923_1600_U9TEJGM,0.2083614404504848,0.7773849279085447,0.4229100831782137,0.46955215051241445
109_0923_1600_U9TEJGM,0.35452186481411213,0.7300931067266448,0.1696870600817122,0.4181006772074897
110_0923_1600_U9TEJGM,,,,
111_0923_1600_U9TEJGM,0.31137624572503547,0.5917293299545808,0.2806587812550043,0.39458811897820684
112_0923_1600_U9TEJGM,0.1776375730347818,0.8203040140905219,0.1574202769151625,0.38512062134682207
113_0923_1600_U9TEJGM,0.044450018777045214,0.5733498182287531,0.1348322459691957,0.2508773609916647
114_0923_1600_U9TEJGM,0.08725403145008397,0.6934347860188348,0.26844100283290223,0.34970994010060696
116_0923_1600_U9TEJGM,0.10641988666981218,0.7703663623357727,0.46946357850885895,0.44874994250481465
117_0923_1600_U9TEJGM,0.12068474332197278,0.35083909561668064,0.2347876640133689,0.2354371676506741
118_0923_1600_U9TEJGM,0.3409336652827626,0.766484544176004,0.26132739156031165,0.45624853367302604
119_0923_1600_U9TEJGM,0.15303387188094433,0.8270722896766021,0.2748801182795618,0.4183287599457028
120_0923_1600_U9TEJGM,0.15656883659139906,0.572626499049732,0.32588336876648244,0.3516929014692045
121_0923_1600_U9TEJGM,0.1463271407822798,0.702506731830366,0.28998052876656205,0.37960480045973594
122_0923_1600_U9TEJGM,0.14009416398104582,0.7566440636838684,0.17563986165836187,0.35745936310775867
123_0923_1600_U9TEJGM,0.16852856324744472,0.8755632371282004,0.43584687945017614,0.4933128932752738
124_0923_1600_U9TEJGM,,,,
125_0923_1600_U9TEJGM,,,,
126_0923_1600_U9TEJGM,,,,
127_0923_1600_U9TEJGM,0.11227832580378101,0.6089805030632399,0.18859348955419641,0.3032841061404058
129_0923_1600_U9TEJGM,0.029451448657644902,0.7658381549716955,0.13109154804646542,0.3087937172252686
130_0923_1600_U9TEJGM,,,,
131_0923_1600_U9TEJGM,0.07149589892770004,0.6525284998946711,0.16743580746555242,0.2971534020959745
132_0923_1600_U9TEJGM,,,,
0_0924_1000_539136F,0.992963326695274,0.9173823821426547,0.994659227342594,0.9683349787268409
1_0924_1000_539136F,0.9925175856710949,0.8779964421297605,0.994226266489678,0.9549134314301778
2_0924_1000_539136F,,,,
3_0924_1000_539136F,,,,
4_0924_1000_539136F,,,,
5_0924_1000_539136F,,,,
6_0924_1000_539136F,,,,
7_0924_1000_539136F,0.9644504406997713,0.805541219114973,0.9835785220080596,0.9178567272742679
8_0924_1000_539136F,,,,
9_0924_1000_539136F,,,,
10_0924_1000_539136F,,,,
11_0924_1000_539136F,,,,
12_0924_1000_539136F,,,,
13_0924_1000_539136F,,,,
14_0924_1000_539136F,,,,
15_0924_1000_539136F,0.9853464586164585,0.8367183480544563,0.9917363725544722,0.9379337264084624
16_0924_1000_539136F,,,,
17_0924_1000_539136F,,,,
18_0924_1000_539136F,0.9860512868810797,0.8979153757454862,0.9846912978582948,0.9562193201616203
19_0924_1000_539136F,,,,
20_0924_1000_539136F,,,,
21_0924_1000_539136F,,,,
22_0924_1000_539136F,,,,
23_0924_1000_539136F,,,,
24_0924_1000_539136F,,,,
25_0924_1000_539136F,,,,
26_0924_1000_539136F,,,,
27_0924_1000_539136F,,,,
28_0924_1000_539136F,,,,
29_0924_1000_539136F,,,,
30_0924_1000_539136F,,,,
31_0924_1000_539136F,,,,
32_0924_1000_539136F,,,,
33_0924_1000_539136F,,,,
34_0924_1000_539136F,,,,
35_0924_1000_539136F,,,,
36_0924_1000_539136F,,,,
37_0924_1000_539136F,,,,
38_0924_1000_539136F,,,,
39_0924_1000_539136F,,,,
40_0924_1000_539136F,,,,
41_0924_1000_539136F,,,,
42_0924_1000_539136F,,,,
43_0924_1000_539136F,,,,
44_0924_1000_539136F,,,,
45_0924_1000_539136F,,,,
47_0924_1000_539136F,,,,
48_0924_1000_539136F,,,,
49_0924_1000_539136F,,,,
50_0924_1000_539136F,,,,
51_0924_1000_539136F,0.987413006430609,0.8543853218786261,0.9927795241095746,0.9448592841396032
52_0924_1000_539136F,,,,
53_0924_1000_539136F,0.9737651970060147,0.7573521072746866,0.9819503893123098,0.904355897864337
54_0924_1000_539136F,,,,
55_0924_1000_539136F,0.9933586299726418,0.8851879343192737,0.9960707252645724,0.958205763185496
56_0924_1000_539136F,0.9809451863100258,0.872699022293804,0.9820535519871566,0.9452325868636621
57_0924_1000_539136F,,,,
58_0924_1000_539136F,,,,
59_0924_1000_539136F,,,,
60_0924_1000_539136F,,,,
61_0924_1000_539136F,,,,
62_0924_1000_539136F,,,,
63_0924_1000_539136F,,,,
64_0924_1000_539136F,,,,
65_0924_1000_539136F,,,,
66_0924_1000_539136F,,,,
67_0924_1000_539136F,,,,
68_0924_1000_539136F,,,,
69_0924_1000_539136F,,,,
70_0924_1000_539136F,0.989738489907833,0.8936673989590299,0.9907636405771475,0.9580565098146702
71_0924_1000_539136F,,,,
72_0924_1000_539136F,,,,
73_0924_1000_539136F,,,,
74_0924_1000_539136F,,,,
75_0924_1000_539136F,,,,
76_0924_1000_539136F,,,,
77_0924_1000_539136F,,,,
78_0924_1000_539136F,,,,
79_0924_1000_539136F,,,,
80_0924_1000_539136F,,,,
81_0924_1000_539136F,,,,
82_0924_1000_539136F,,,,
83_0924_1000_539136F,,,,
84_0924_1000_539136F,0.9908282884319911,0.8385055378486147,0.9965557062516955,0.9419631775107672
85_0924_1000_539136F,,,,
86_0924_1000_539136F,,,,
87_0924_1000_539136F,0.9855081850627568,0.7755976275379292,0.9886825836308374,0.9165961320771744
88_0924_1000_539136F,0.9928317615895287,0.9183046538417895,0.9935155213999961,0.9682173122771047
89_0924_1000_539136F,0.9812487629047689,0.8381981363943528,0.9879161361900923,0.9357876784964047
90_0924_1000_539136F,,,,
91_0924_1000_539136F,0.9913687786011695,0.8874723145716051,0.9446185624729383,0.941153218548571
92_0924_1000_539136F,,,,
93_0924_1000_539136F,0.9898199587349268,0.9116774157481259,0.9946864145197868,0.9653945963342797
94_0924_1000_539136F,,,,
95_0924_1000_539136F,,,,
96_0924_1000_539136F,,,,
97_0924_1000_539136F,,,,
98_0924_1000_539136F,,,,
99_0924_1000_539136F,,,,
100_0924_1000_539136F,,,,
101_0924_1000_539136F,,,,
102_0924_1000_539136F,,,,
103_0924_1000_539136F,0.9835141426844157,0.8280890268597201,0.9862017399753777,0.9326016365065045
104_0924_1000_539136F,,,,
105_0924_1000_539136F,,,,
106_0924_1000_539136F,,,,
107_0924_1000_539136F,,,,
108_0924_1000_539136F,,,,
109_0924_1000_539136F,,,,
110_0924_1000_539136F,,,,
111_0924_1000_539136F,,,,
112_0924_1000_539136F,0.9895691065523406,0.8527205683088367,0.9949567940392715,0.9457488229668162
113_0924_1000_539136F,,,,
114_0924_1000_539136F,0.9631379930341964,0.8901234009626381,0.9662966879073527,0.9398526939680624
115_0924_1000_539136F,0.9856428680472386,0.9007779062494031,0.9803775445392439,0.9555994396119618
116_0924_1000_539136F,,,,
117_0924_1000_539136F,,,,
118_0924_1000_539136F,,,,
119_0924_1000_539136F,,,,
120_0924_1000_539136F,,,,
121_0924_1000_539136F,,,,
122_0924_1000_539136F,,,,
123_0924_1000_539136F,,,,
124_0924_1000_539136F,,,,
125_0924_1000_539136F,,,,
126_0924_1000_539136F,,,,
127_0924_1000_539136F,,,,
128_0924_1000_539136F,,,,
129_0924_1000_539136F,,,,
130_0924_1000_539136F,,,,
131_0924_1000_539136F,,,,
0_0924_1000_9M4VCHG,0.7415767446084827,0.1996428993789763,0.4088030618114358,0.4500075685996316
1_0924_1000_9M4VCHG,0.6942219308953711,0.2648814471373174,0.6768099067608428,0.5453044282645104
2_0924_1000_9M4VCHG,0.6623700368667821,0.20715510336055484,0.39572146206812403,0.42174886743182033
3_0924_1000_9M4VCHG,,,,
4_0924_1000_9M4VCHG,,,,
5_0924_1000_9M4VCHG,,,,
6_0924_1000_9M4VCHG,,,,
7_0924_1000_9M4VCHG,,,,
8_0924_1000_9M4VCHG,,,,
9_0924_1000_9M4VCHG,,,,
10_0924_1000_9M4VCHG,,,,
11_0924_1000_9M4VCHG,,,,
12_0924_1000_9M4VCHG,0.6340118078257558,0.2583257298546687,0.6647567107737901,0.5190314161514049
13_0924_1000_9M4VCHG,,,,
14_0924_1000_9M4VCHG,,,,
15_0924_1000_9M4VCHG,0.5460940223074956,0.2859207775261852,0.4063304743507803,0.41278175806148704
16_0924_1000_9M4VCHG,,,,
17_0924_1000_9M4VCHG,,,,
18_0924_1000_9M4VCHG,0.46352451885169216,0.15719006661492177,0.7486649081425952,0.4564598312030697
19_0924_1000_9M4VCHG,,,,
20_0924_1000_9M4VCHG,,,,
21_0924_1000_9M4VCHG,,,,
22_0924_1000_9M4VCHG,,,,
23_0924_1000_9M4VCHG,0.6106872775756064,0.38893105081799906,0.6435766306674745,0.54773165302036
24_0924_1000_9M4VCHG,,,,
25_0924_1000_9M4VCHG,,,,
26_0924_1000_9M4VCHG,,,,
27_0924_1000_9M4VCHG,,,,
28_0924_1000_9M4VCHG,,,,
29_0924_1000_9M4VCHG,,,,
30_0924_1000_9M4VCHG,,,,
31_0924_1000_9M4VCHG,,,,
32_0924_1000_9M4VCHG,,,,
33_0924_1000_9M4VCHG,,,,
34_0924_1000_9M4VCHG,,,,
35_0924_1000_9M4VCHG,,,,
36_0924_1000_9M4VCHG,0.6375372557757459,0.3115598764729076,0.4693390512970528,0.47281206118190217
37_0924_1000_9M4VCHG,,,,
38_0924_1000_9M4VCHG,,,,
39_0924_1000_9M4VCHG,,,,
40_0924_1000_9M4VCHG,0.6738565964844297,0.0820662619736839,0.37835582775266063,0.3780928954035914
41_0924_1000_9M4VCHG,,,,
42_0924_1000_9M4VCHG,0.4913210366894043,0.3025987125023069,0.733931518509484,0.5092837559003983
43_0924_1000_9M4VCHG,,,,
44_0924_1000_9M4VCHG,,,,
45_0924_1000_9M4VCHG,,,,
46_0924_1000_9M4VCHG,,,,
47_0924_1000_9M4VCHG,,,,
48_0924_1000_9M4VCHG,,,,
49_0924_1000_9M4VCHG,,,,
50_0924_1000_9M4VCHG,0.6451551058265179,0.26165381977195895,0.6181075246731726,0.5083054834238832
51_0924_1000_9M4VCHG,,,,
52_0924_1000_9M4VCHG,0.517145327285753,0.23069186409725606,0.6160690369700833,0.4546354094510308
53_0924_1000_9M4VCHG,,,,
54_0924_1000_9M4VCHG,,,,
55_0924_1000_9M4VCHG,,,,
56_0924_1000_9M4VCHG,,,,
57_0924_1000_9M4VCHG,,,,
58_0924_1000_9M4VCHG,,,,
59_0924_1000_9M4VCHG,,,,
60_0924_1000_9M4VCHG,,,,
61_0924_1000_9M4VCHG,,,,
62_0924_1000_9M4VCHG,,,,
63_0924_1000_9M4VCHG,,,,
64_0924_1000_9M4VCHG,,,,
65_0924_1000_9M4VCHG,0.5999428185593935,0.07148508408768638,0.5933923515920347,0.42160675141303816
66_0924_1000_9M4VCHG,,,,
67_0924_1000_9M4VCHG,,,,
68_0924_1000_9M4VCHG,,,,
69_0924_1000_9M4VCHG,,,,
70_0924_1000_9M4VCHG,,,,
71_0924_1000_9M4VCHG,,,,
72_0924_1000_9M4VCHG,,,,
73_0924_1000_9M4VCHG,,,,
74_0924_1000_9M4VCHG,,,,
75_0924_1000_9M4VCHG,,,,
76_0924_1000_9M4VCHG,0.5439679418933575,0.5284885389775754,0.6252493569520543,0.5659019459409957
77_0924_1000_9M4VCHG,,,,
78_0924_1000_9M4VCHG,,,,
79_0924_1000_9M4VCHG,,,,
80_0924_1000_9M4VCHG,,,,
81_0924_1000_9M4VCHG,,,,
82_0924_1000_9M4VCHG,,,,
83_0924_1000_9M4VCHG,,,,
84_0924_1000_9M4VCHG,0.6326089648504155,0.2572191074302228,0.3797636625277938,0.423197244936144
85_0924_1000_9M4VCHG,,,,
86_0924_1000_9M4VCHG,,,,
87_0924_1000_9M4VCHG,,,,
88_0924_1000_9M4VCHG,,,,
89_0924_1000_9M4VCHG,,,,
90_0924_1000_9M4VCHG,,,,
91_0924_1000_9M4VCHG,0.8513751563815021,0.028992942636312483,0.6182516966398609,0.4995399318858918
92_0924_1000_9M4VCHG,,,,
93_0924_1000_9M4VCHG,,,,
94_0924_1000_9M4VCHG,,,,
95_0924_1000_9M4VCHG,,,,
96_0924_1000_9M4VCHG,,,,
97_0924_1000_9M4VCHG,,,,
98_0924_1000_9M4VCHG,,,,
99_0924_1000_9M4VCHG,0.4275808806557237,0.35093109757223434,0.5349509292111841,0.43782096914638075
100_0924_1000_9M4VCHG,,,,
101_0924_1000_9M4VCHG,,,,
102_0924_1000_9M4VCHG,,,,
103_0924_1000_9M4VCHG,0.47014279101342243,0.24486967985821204,0.7400544946231916,0.4850223218316087
104_0924_1000_9M4VCHG,,,,
105_0924_1000_9M4VCHG,,,,
106_0924_1000_9M4VCHG,,,,
107_0924_1000_9M4VCHG,,,,
108_0924_1000_9M4VCHG,,,,
109_0924_1000_9M4VCHG,0.7119918445310239,0.18987243969127723,0.6255850920310729,0.509149792084458
110_0924_1000_9M4VCHG,,,,
111_0924_1000_9M4VCHG,0.6988769496312953,0.29322235956371623,0.5466346692833687,0.5129113261594601
113_0924_1000_9M4VCHG,0.6643208311240282,0.19569812857557442,0.531341021471868,0.46378666039049027
114_0924_1000_9M4VCHG,0.4112142753386836,0.3124084353584254,0.6169801661193574,0.4468676256054887
115_0924_1000_9M4VCHG,,,,
116_0924_1000_9M4VCHG,0.546699998646211,0.17387522972959346,0.5667051003856826,0.4290934429204956
117_0924_1000_9M4VCHG,0.5048773717273591,0.17730391452432512,0.6148747696612775,0.43235201863765393
119_0924_1000_9M4VCHG,,,,
120_0924_1000_9M4VCHG,0.6658101469867869,0.22297537184951502,0.5992443736720968,0.49600996416946624
122_0924_1000_9M4VCHG,0.5170053624310531,0.35026954087550893,0.5843344416958968,0.48386978166748634
123_0924_1000_9M4VCHG,,,,
124_0924_1000_9M4VCHG,0.6690742880655648,0.07513376757828033,0.44300010756189984,0.395736054401915
125_0924_1000_9M4VCHG,,,,
126_0924_1000_9M4VCHG,,,,
127_0924_1000_9M4VCHG,,,,
128_0924_1000_9M4VCHG,,,,
129_0924_1000_9M4VCHG,,,,
130_0924_1000_9M4VCHG,,,,
131_0924_1000_9M4VCHG,,,,
0_0924_1000_U9TEJGM,0.7246915385870641,0.14855702535659043,0.12125283206813127,0.33150046533726196
1_0924_1000_U9TEJGM,,,,
2_0924_1000_U9TEJGM,0.8199587899103954,0.14594712072420243,0.2912711792940597,0.4190590299762192
3_0924_1000_U9TEJGM,,,,
4_0924_1000_U9TEJGM,,,,
5_0924_1000_U9TEJGM,0.2909126200249328,0.08834731347154524,0.7460823537123883,0.3751140957362888
6_0924_1000_U9TEJGM,0.6427454781860545,0.14918782939405276,0.3048770022144683,0.3656034365981919
7_0924_1000_U9TEJGM,0.3452402395443179,0.11359775754742953,0.22012776625780975,0.22632192111651905
8_0924_1000_U9TEJGM,0.4411961512792048,0.14801870790976032,0.2964434563062735,0.29521943849841287
9_0924_1000_U9TEJGM,,,,
10_0924_1000_U9TEJGM,,,,
11_0924_1000_U9TEJGM,0.491022769095141,0.10118524667723795,0.06174089547705829,0.21798297041647907
12_0924_1000_U9TEJGM,,,,
13_0924_1000_U9TEJGM,,,,
14_0924_1000_U9TEJGM,0.8321754192647525,0.2893045348530703,0.21808572741651913,0.44652189384478064
15_0924_1000_U9TEJGM,0.7569944510306187,0.179420363746032,0.2363376349534864,0.39091748324337905
16_0924_1000_U9TEJGM,,,,
17_0924_1000_U9TEJGM,,,,
18_0924_1000_U9TEJGM,,,,
19_0924_1000_U9TEJGM,0.6384285992207751,0.28951796969756544,0.47643936054496644,0.46812864315443564
20_0924_1000_U9TEJGM,0.7204615350960455,0.15258140958299218,0.17134333121178133,0.348128758630273
21_0924_1000_U9TEJGM,0.8617101977842281,0.20133758558995318,0.356985941345235,0.473344574906472
22_0924_1000_U9TEJGM,0.7195636924081826,0.12084920877499206,0.18116101256912498,0.3405246379174332
23_0924_1000_U9TEJGM,0.5987648842318682,0.12976278816925105,0.25197402027882726,0.3268338975599822
24_0924_1000_U9TEJGM,,,,
25_0924_1000_U9TEJGM,0.7855702854607219,0.16982071635738163,0.4593941901356895,0.47159506398459766
26_0924_1000_U9TEJGM,,,,
27_0924_1000_U9TEJGM,0.8502914815449688,0.28606668689227094,0.38676764029045074,0.5077086029092301
28_0924_1000_U9TEJGM,0.8855782034788745,0.21954224029358796,0.12798342090251882,0.4110346215583271
29_0924_1000_U9TEJGM,0.8253913701041654,0.11432535211179791,0.23502687389509366,0.3915811987036857
30_0924_1000_U9TEJGM,0.423120621139296,0.0717333534358813,0.259102587573215,0.25131885404946414
31_0924_1000_U9TEJGM,0.8448465766889988,0.3563571431795591,0.2951749945405637,0.49879290480304056
32_0924_1000_U9TEJGM,,,,
33_0924_1000_U9TEJGM,0.5080966494191181,0.2311563230152338,0.3389675164209241,0.35940682961842535
34_0924_1000_U9TEJGM,0.857274763527306,0.16839737074192096,0.16510002295462925,0.3969240524079521
35_0924_1000_U9TEJGM,0.8540968629540315,0.15311071342565138,0.2169572522086786,0.40805494286278715
36_0924_1000_U9TEJGM,,,,
37_0924_1000_U9TEJGM,0.8331426035812944,0.07627302794328612,0.28045056037695787,0.39662206396717953
38_0924_1000_U9TEJGM,0.6546211217024481,0.11845765870121149,0.1967676361079778,0.32328213883721246
39_0924_1000_U9TEJGM,0.8162834306429717,0.44982966015322373,0.4498489437641304,0.5719873448534419
40_0924_1000_U9TEJGM,0.526146428097964,0.11035596954618739,0.09982958525478046,0.24544399429964395
41_0924_1000_U9TEJGM,0.6296052605501776,0.08512476467456496,0.09193748849675164,0.2688891712404981
42_0924_1000_U9TEJGM,,,,
43_0924_1000_U9TEJGM,0.9140576282414342,0.2807461971649942,0.22948255702309242,0.474762127476507
44_0924_1000_U9TEJGM,0.8467820733318225,0.16392026199699483,0.2291866920677984,0.41329634246553865
45_0924_1000_U9TEJGM,,,,
46_0924_1000_U9TEJGM,0.6933808652586041,0.23678433413960107,0.2715943880110863,0.4005865291364305
47_0924_1000_U9TEJGM,0.44811401127929495,0.043040756535962156,0.26681897629601065,0.2526579147037559
48_0924_1000_U9TEJGM,,,,
49_0924_1000_U9TEJGM,0.45773824890122555,0.2851111434528246,0.46849527364365734,0.4037815553325692
50_0924_1000_U9TEJGM,0.5829786474786021,0.11055696327659627,0.2972336145662929,0.3302564084404971
51_0924_1000_U9TEJGM,0.40849169834415394,0.11279687751333663,0.11864986648280391,0.2133128141134315
52_0924_1000_U9TEJGM,0.7658954724322545,0.35318002236742174,0.4303419629542465,0.5164724859179742
53_0924_1000_U9TEJGM,,,,
54_0924_1000_U9TEJGM,0.7689157741965728,0.1057068816443786,0.15903346770810614,0.3445520411830192
55_0924_1000_U9TEJGM,0.834625194826525,0.15845042133403178,0.2746153794519887,0.4225636652041818
56_0924_1000_U9TEJGM,0.8162137656493194,0.2664233754483247,0.493670090055355,0.5254357437176663
57_0924_1000_U9TEJGM,,,,
58_0924_1000_U9TEJGM,,,,
59_0924_1000_U9TEJGM,0.18787413983826595,0.14767006785481432,0.33060758859834194,0.2220505987638074
60_0924_1000_U9TEJGM,0.5747292593648795,0.2637184282389838,0.4377037382852816,0.425383808629715
62_0924_1000_U9TEJGM,,,,
63_0924_1000_U9TEJGM,0.8292470195031596,0.3387498385532672,0.3695294628752686,0.5125087736438985
64_0924_1000_U9TEJGM,0.7283940896083575,0.18921982504405002,0.1992207320828935,0.37227821557843366
65_0924_1000_U9TEJGM,0.469821448486534,0.06381998076468251,0.34106451589519926,0.2915686483821386
66_0924_1000_U9TEJGM,0.6279633734868661,0.1533023068815387,0.08215914373214074,0.28780827470018183
67_0924_1000_U9TEJGM,0.7327093024703668,0.06399576065430974,0.13665724331709142,0.31112076881392264
68_0924_1000_U9TEJGM,0.856484085766037,0.028221330896717422,0.14099872232842559,0.3419013796637267
69_0924_1000_U9TEJGM,0.7283100665751893,0.18106558290058453,0.3296607314831978,0.41301212698632384
70_0924_1000_U9TEJGM,0.9182304486851969,0.5536486386849493,0.5206439226683132,0.6641743366794864
71_0924_1000_U9TEJGM,,,,
72_0924_1000_U9TEJGM,0.8006113244043092,0.2286922999716626,0.466679781061708,0.4986611351458932
73_0924_1000_U9TEJGM,0.8079455238321844,0.11350603133614141,0.227755880694265,0.38306914528753033
74_0924_1000_U9TEJGM,0.6991670123902848,0.37818825724816896,0.3002473869645003,0.459200885534318
75_0924_1000_U9TEJGM,0.6553921163365671,0.32307726812157894,0.4382581368759375,0.4722425071113612
76_0924_1000_U9TEJGM,,,,
77_0924_1000_U9TEJGM,0.6556801509805785,0.21613455970648873,0.30762340317888287,0.3931460379553167
78_0924_1000_U9TEJGM,0.6355044845993466,0.28912924437387083,0.19894554904724826,0.3745264260068219
79_0924_1000_U9TEJGM,0.8379578268697231,0.10271445031730553,0.0563410667934715,0.3323377813268334
80_0924_1000_U9TEJGM,0.8617586091491761,0.04146051889244182,0.35528146574440234,0.41950019792867344
81_0924_1000_U9TEJGM,0.7662467555065735,0.3300221399805375,0.5662864890068356,0.5541851281646489
82_0924_1000_U9TEJGM,0.5227137210295453,0.1613726206970648,0.2387155177613007,0.3076006198293036
83_0924_1000_U9TEJGM,0.5935527761048124,0.05833359861769947,0.19070324730302332,0.28086320734184506
84_0924_1000_U9TEJGM,,,,
85_0924_1000_U9TEJGM,0.415000414606496,0.15003301248689627,0.14784814160105586,0.23762718956481607
86_0924_1000_U9TEJGM,0.330272019410641,0.1586030648920381,0.3314749343794542,0.27345000622737775
87_0924_1000_U9TEJGM,0.8457984310937618,0.12672670009083306,0.25077121558398163,0.4077654489228588
88_0924_1000_U9TEJGM,0.6077563902562316,0.19926929665301643,0.10243099817024187,0.30315222835982997
89_0924_1000_U9TEJGM,,,,
90_0924_1000_U9TEJGM,0.7566386056992509,0.05814237388665954,0.19549839367381686,0.3367597910865758
91_0924_1000_U9TEJGM,0.6877016440621778,0.3059688084272015,0.3295767292296588,0.441082393906346
92_0924_1000_U9TEJGM,,,,
93_0924_1000_U9TEJGM,,,,
94_0924_1000_U9TEJGM,0.8136621780025882,0.08945462242998971,0.161118773199648,0.354745191210742
95_0924_1000_U9TEJGM,0.6329083362667347,0.17315951052970527,0.11463158655660333,0.3068998111176811
96_0924_1000_U9TEJGM,,,,
97_0924_1000_U9TEJGM,0.8639701332173914,0.12783393074003704,0.3108985030974304,0.4342341890182862
98_0924_1000_U9TEJGM,0.5938994770694667,0.17170813605102972,0.29976002312684197,0.3551225454157794
99_0924_1000_U9TEJGM,0.6479998368959589,0.21427250659070918,0.1346287420413211,0.33230036184266304
100_0924_1000_U9TEJGM,,,,
101_0924_1000_U9TEJGM,0.907442064780351,0.3912852618870945,0.5293255048609594,0.6093509438428016
102_0924_1000_U9TEJGM,,,,
103_0924_1000_U9TEJGM,0.7793144170982292,0.32118862155511324,0.29043636622066976,0.46364646829133743
104_0924_1000_U9TEJGM,,,,
105_0924_1000_U9TEJGM,,,,
106_0924_1000_U9TEJGM,0.31155822392436044,0.20704654376355414,0.287765185032681,0.26878998424019857
107_0924_1000_U9TEJGM,0.875194567997982,0.34621151693827895,0.3200569065061345,0.5138209971474651
108_0924_1000_U9TEJGM,0.8752818618015371,0.2228552959481813,0.23408964344615824,0.44407560039862554
109_0924_1000_U9TEJGM,0.4573003571080923,0.23864139286028366,0.27118673399019066,0.32237616131952224
110_0924_1000_U9TEJGM,0.46403564549670634,0.18171004722858677,0.38378701277757993,0.3431775685009577
111_0924_1000_U9TEJGM,,,,
112_0924_1000_U9TEJGM,,,,
113_0924_1000_U9TEJGM,0.6146350605484342,0.23214255842758355,0.28320173348045913,0.376659784152159
114_0924_1000_U9TEJGM,0.5472313696680233,0.6283052777975923,0.5951124534186933,0.5902163669614363
115_0924_1000_U9TEJGM,,,,
116_0924_1000_U9TEJGM,0.8324582347579647,0.1654839394246726,0.12720321897828582,0.3750484643869744
117_0924_1000_U9TEJGM,0.9529936356842859,0.6103347870645431,0.4982358407040321,0.6871880878176203
118_0924_1000_U9TEJGM,0.7696021339404657,0.05292136690220641,0.12824327453069767,0.31692225845778993
119_0924_1000_U9TEJGM,0.7459433045923266,0.051314255974826674,0.05737534377718123,0.28487763478144484
120_0924_1000_U9TEJGM,0.7427367627623805,0.3718743341056084,0.21741303542810653,0.4440080440986985
121_0924_1000_U9TEJGM,,,,
122_0924_1000_U9TEJGM,0.8211401846376236,0.1186618696116918,0.14932205987349598,0.36304137137427045
123_0924_1000_U9TEJGM,,,,
124_0924_1000_U9TEJGM,0.882878410647304,0.2992251991624258,0.15705524610068464,0.44638628530347146
125_0924_1000_U9TEJGM,0.7729714995079813,0.213904953064488,0.15088041228341528,0.37925228828529484
126_0924_1000_U9TEJGM,0.7484014878711195,0.04960038950003436,0.1342090502103812,0.3107369758605117
127_0924_1000_U9TEJGM,,,,
128_0924_1000_U9TEJGM,,,,
129_0924_1000_U9TEJGM,0.7321898900896676,0.17117394051097942,0.14108763569135432,0.3481504887640005
130_0924_1000_U9TEJGM,,,,
131_0924_1000_U9TEJGM,0.7218824375986794,0.11854591895310651,0.20927679988493675,0.34990171881224086
132_0924_1000_U9TEJGM,0.9396504637289586,0.567979047608576,0.3368926575315932,0.6148407229563759
0_0924_1600_539136F,0.090844147383083,0.2475591352010661,0.9019979890202295,0.41346709053479286
1_0924_1600_539136F,0.6782188279848645,0.39383734379674573,0.9187135798811185,0.6635899172209095
2_0924_1600_539136F,0.13179541954965576,0.6755035203522581,0.9334751888900192,0.5802580429306444
3_0924_1600_539136F,,,,
4_0924_1600_539136F,,,,
5_0924_1600_539136F,,,,
6_0924_1600_539136F,0.41250463537232024,0.2853765822633927,0.8487693738382732,0.5155501971579954
7_0924_1600_539136F,0.39720965949069553,0.612773937144914,0.8282198323820085,0.612734476339206
8_0924_1600_539136F,0.371186572416171,0.33401384775787757,0.8760164818280817,0.5270723006673768
9_0924_1600_539136F,,,,
10_0924_1600_539136F,0.34339490602250383,0.37314767172830093,0.8258642943327844,0.5141356240278631
11_0924_1600_539136F,,,,
12_0924_1600_539136F,0.1828452696848044,0.31029432512092797,0.7869489490288162,0.4266961812781829
13_0924_1600_539136F,,,,
14_0924_1600_539136F,,,,
15_0924_1600_539136F,,,,
16_0924_1600_539136F,,,,
17_0924_1600_539136F,,,,
18_0924_1600_539136F,,,,
19_0924_1600_539136F,,,,
20_0924_1600_539136F,,,,
21_0924_1600_539136F,,,,
22_0924_1600_539136F,,,,
23_0924_1600_539136F,,,,
24_0924_1600_539136F,,,,
25_0924_1600_539136F,,,,
26_0924_1600_539136F,,,,
27_0924_1600_539136F,,,,
28_0924_1600_539136F,,,,
29_0924_1600_539136F,0.2794901314230977,0.53283292287946,0.7473769737492068,0.5199000093505881
30_0924_1600_539136F,,,,
31_0924_1600_539136F,,,,
32_0924_1600_539136F,,,,
33_0924_1600_539136F,0.11787040828324254,0.2908892815283542,0.9146444250954596,0.4411347049690188
34_0924_1600_539136F,,,,
35_0924_1600_539136F,,,,
36_0924_1600_539136F,,,,
37_0924_1600_539136F,,,,
38_0924_1600_539136F,0.20380715017306247,0.4549784554109446,0.8226356762992438,0.4938070939610837
39_0924_1600_539136F,,,,
40_0924_1600_539136F,,,,
41_0924_1600_539136F,,,,
42_0924_1600_539136F,,,,
43_0924_1600_539136F,,,,
44_0924_1600_539136F,,,,
45_0924_1600_539136F,,,,
46_0924_1600_539136F,,,,
47_0924_1600_539136F,,,,
48_0924_1600_539136F,,,,
49_0924_1600_539136F,,,,
50_0924_1600_539136F,,,,
51_0924_1600_539136F,,,,
52_0924_1600_539136F,,,,
53_0924_1600_539136F,,,,
54_0924_1600_539136F,,,,
55_0924_1600_539136F,,,,
56_0924_1600_539136F,,,,
57_0924_1600_539136F,,,,
58_0924_1600_539136F,,,,
59_0924_1600_539136F,,,,
60_0924_1600_539136F,,,,
61_0924_1600_539136F,,,,
62_0924_1600_539136F,,,,
63_0924_1600_539136F,,,,
64_0924_1600_539136F,,,,
65_0924_1600_539136F,,,,
66_0924_1600_539136F,,,,
67_0924_1600_539136F,,,,
68_0924_1600_539136F,,,,
69_0924_1600_539136F,,,,
70_0924_1600_539136F,,,,
71_0924_1600_539136F,,,,
72_0924_1600_539136F,,,,
73_0924_1600_539136F,,,,
74_0924_1600_539136F,,,,
75_0924_1600_539136F,,,,
76_0924_1600_539136F,,,,
77_0924_1600_539136F,,,,
78_0924_1600_539136F,,,,
79_0924_1600_539136F,,,,
80_0924_1600_539136F,0.37643773791829777,0.45014908481923416,0.8912628141306503,0.5726165456227275
81_0924_1600_539136F,,,,
82_0924_1600_539136F,,,,
83_0924_1600_539136F,,,,
84_0924_1600_539136F,,,,
85_0924_1600_539136F,,,,
86_0924_1600_539136F,,,,
87_0924_1600_539136F,,,,
88_0924_1600_539136F,,,,
89_0924_1600_539136F,,,,
90_0924_1600_539136F,0.6783981963649183,0.5043581171176592,0.8195190859765572,0.6674251331530449
91_0924_1600_539136F,,,,
92_0924_1600_539136F,,,,
93_0924_1600_539136F,0.32097780601068066,0.23415244314139247,0.8531486739763771,0.4694263077094834
94_0924_1600_539136F,,,,
95_0924_1600_539136F,,,,
96_0924_1600_539136F,,,,
97_0924_1600_539136F,,,,
98_0924_1600_539136F,,,,
99_0924_1600_539136F,,,,
100_0924_1600_539136F,0.6591023766110007,0.5443935947785689,0.7260742083258389,0.6431900599051361
101_0924_1600_539136F,,,,
102_0924_1600_539136F,,,,
103_0924_1600_539136F,,,,
104_0924_1600_539136F,,,,
105_0924_1600_539136F,,,,
106_0924_1600_539136F,0.10734665604746757,0.3008730214578354,0.8672353160270831,0.42515166451079534
107_0924_1600_539136F,,,,
108_0924_1600_539136F,,,,
109_0924_1600_539136F,,,,
110_0924_1600_539136F,,,,
111_0924_1600_539136F,,,,
112_0924_1600_539136F,,,,
113_0924_1600_539136F,,,,
114_0924_1600_539136F,,,,
115_0924_1600_539136F,,,,
116_0924_1600_539136F,,,,
117_0924_1600_539136F,,,,
118_0924_1600_539136F,0.4479323459095928,0.948553914792477,0.9374074975183926,0.7779645860734874
119_0924_1600_539136F,,,,
120_0924_1600_539136F,0.2571820159976779,0.8554956516359744,0.9121107871353664,0.6749294849230063
121_0924_1600_539136F,,,,
122_0924_1600_539136F,,,,
123_0924_1600_539136F,,,,
124_0924_1600_539136F,,,,
125_0924_1600_539136F,,,,
126_0924_1600_539136F,,,,
127_0924_1600_539136F,,,,
128_0924_1600_539136F,,,,
129_0924_1600_539136F,,,,
130_0924_1600_539136F,,,,
131_0924_1600_539136F,,,,
0_0924_1600_9M4VCHG,0.6872096635447638,0.3630862377250564,0.24489741519738795,0.43173110548906934
1_0924_1600_9M4VCHG,0.45984709357963977,0.09324521608629725,0.29013966757945375,0.2810773257484636
2_0924_1600_9M4VCHG,,,,
3_0924_1600_9M4VCHG,0.5858627808177589,0.31714466957227505,0.17105488840147295,0.358020779597169
4_0924_1600_9M4VCHG,,,,
5_0924_1600_9M4VCHG,0.5698354278769954,0.2179536028036413,0.16872842035044747,0.3188391503436947
6_0924_1600_9M4VCHG,0.6992460621890352,0.05848772814768485,0.19556643296932,0.31776674110201336
7_0924_1600_9M4VCHG,0.6195770930058629,0.2875578209204345,0.6293059218148476,0.5121469452470483
8_0924_1600_9M4VCHG,,,,
9_0924_1600_9M4VCHG,0.485586765531149,0.048945068648299894,0.1606637759070018,0.2317318700288169
10_0924_1600_9M4VCHG,0.39256165546639427,0.13436552112400202,0.3183816064695652,0.2817695943533205
11_0924_1600_9M4VCHG,0.18966918075737912,0.18405303662864111,0.12814705304534005,0.16728975681045344
12_0924_1600_9M4VCHG,,,,
13_0924_1600_9M4VCHG,,,,
14_0924_1600_9M4VCHG,,,,
15_0924_1600_9M4VCHG,,,,
16_0924_1600_9M4VCHG,0.36817628975491073,0.21875630733098791,0.20738570606659415,0.2647727677174976
17_0924_1600_9M4VCHG,,,,
18_0924_1600_9M4VCHG,0.44979089184876225,0.1702632870127024,0.19812945907193338,0.2727278793111327
19_0924_1600_9M4VCHG,0.7256849237244442,0.2938219389150346,0.16138190239360728,0.39362958834436207
20_0924_1600_9M4VCHG,,,,
21_0924_1600_9M4VCHG,0.5522730982401857,0.084639492836661,0.195835938499046,0.27758284319196425
22_0924_1600_9M4VCHG,,,,
23_0924_1600_9M4VCHG,,,,
24_0924_1600_9M4VCHG,,,,
25_0924_1600_9M4VCHG,,,,
26_0924_1600_9M4VCHG,,,,
27_0924_1600_9M4VCHG,0.6151301336656342,0.19097547782939425,0.2592978034994319,0.35513447166482015
28_0924_1600_9M4VCHG,,,,
29_0924_1600_9M4VCHG,,,,
30_0924_1600_9M4VCHG,,,,
31_0924_1600_9M4VCHG,0.4656361541439861,0.5489653056938146,0.29453322783081654,0.43637822922287245
32_0924_1600_9M4VCHG,,,,
33_0924_1600_9M4VCHG,,,,
34_0924_1600_9M4VCHG,,,,
35_0924_1600_9M4VCHG,0.5440263201057242,0.2680667905419403,0.2780525501085388,0.3633818869187344
36_0924_1600_9M4VCHG,,,,
37_0924_1600_9M4VCHG,,,,
38_0924_1600_9M4VCHG,,,,
39_0924_1600_9M4VCHG,,,,
40_0924_1600_9M4VCHG,,,,
41_0924_1600_9M4VCHG,,,,
42_0924_1600_9M4VCHG,0.6246233370691185,0.23607082796342801,0.3361650637867077,0.3989530762730848
43_0924_1600_9M4VCHG,,,,
44_0924_1600_9M4VCHG,,,,
45_0924_1600_9M4VCHG,,,,
46_0924_1600_9M4VCHG,,,,
47_0924_1600_9M4VCHG,,,,
48_0924_1600_9M4VCHG,0.523801420180687,0.28833501927786737,0.4561539235785408,0.4227634543456984
49_0924_1600_9M4VCHG,,,,
50_0924_1600_9M4VCHG,0.13878035446257117,0.4876279349698404,0.1939660300733571,0.27345810650192287
51_0924_1600_9M4VCHG,,,,
52_0924_1600_9M4VCHG,,,,
53_0924_1600_9M4VCHG,0.3984836438331729,0.1347777836620165,0.29937637462881944,0.27754593404133626
54_0924_1600_9M4VCHG,,,,
55_0924_1600_9M4VCHG,,,,
56_0924_1600_9M4VCHG,0.37277970670838617,0.17184003073641393,0.6319326028359985,0.3921841134269329
57_0924_1600_9M4VCHG,0.6336632093955433,0.1758037711609659,0.2962552459804149,0.3685740755123081
58_0924_1600_9M4VCHG,0.3683981682904058,0.07313896644455788,0.4052508409878106,0.2822626585742581
59_0924_1600_9M4VCHG,,,,
60_0924_1600_9M4VCHG,0.5997469981169024,0.06335922654852962,0.2482523478855049,0.3037861908503123
61_0924_1600_9M4VCHG,,,,
62_0924_1600_9M4VCHG,0.5836350575341201,0.12247545181998054,0.24669330309243684,0.31760127081551254
63_0924_1600_9M4VCHG,,,,
64_0924_1600_9M4VCHG,,,,
65_0924_1600_9M4VCHG,,,,
66_0924_1600_9M4VCHG,,,,
67_0924_1600_9M4VCHG,,,,
68_0924_1600_9M4VCHG,,,,
69_0924_1600_9M4VCHG,,,,
70_0924_1600_9M4VCHG,,,,
71_0924_1600_9M4VCHG,,,,
72_0924_1600_9M4VCHG,0.48337627371689545,0.1383259724001843,0.18182342593209389,0.2678418906830579
73_0924_1600_9M4VCHG,0.5718440542547677,0.03009447449540445,0.2700159721644451,0.2906515003048724
74_0924_1600_9M4VCHG,,,,
75_0924_1600_9M4VCHG,0.6630791330590085,0.2847071499023403,0.493142389719029,0.48030955756012594
76_0924_1600_9M4VCHG,,,,
77_0924_1600_9M4VCHG,,,,
78_0924_1600_9M4VCHG,,,,
79_0924_1600_9M4VCHG,,,,
80_0924_1600_9M4VCHG,,,,
81_0924_1600_9M4VCHG,0.5641318608904506,0.19396202264427345,0.276089627882905,0.3447278371392097
83_0924_1600_9M4VCHG,,,,
84_0924_1600_9M4VCHG,,,,
85_0924_1600_9M4VCHG,,,,
86_0924_1600_9M4VCHG,,,,
87_0924_1600_9M4VCHG,,,,
88_0924_1600_9M4VCHG,,,,
89_0924_1600_9M4VCHG,0.635673296289231,0.09555305747339664,0.27941455313122127,0.33688030229794963
90_0924_1600_9M4VCHG,,,,
91_0924_1600_9M4VCHG,,,,
92_0924_1600_9M4VCHG,,,,
93_0924_1600_9M4VCHG,,,,
94_0924_1600_9M4VCHG,,,,
95_0924_1600_9M4VCHG,,,,
96_0924_1600_9M4VCHG,,,,
97_0924_1600_9M4VCHG,,,,
98_0924_1600_9M4VCHG,0.19775137147280844,0.2988327521207458,0.03967582015097516,0.17875331458150978
99_0924_1600_9M4VCHG,0.517242693833014,0.15518613209961055,0.16830755081002083,0.2802454589142151
100_0924_1600_9M4VCHG,,,,
101_0924_1600_9M4VCHG,,,,
102_0924_1600_9M4VCHG,,,,
103_0924_1600_9M4VCHG,,,,
104_0924_1600_9M4VCHG,,,,
105_0924_1600_9M4VCHG,,,,
106_0924_1600_9M4VCHG,0.2312862105610228,0.20926771148102893,0.28525307067226086,0.2419356642381042
107_0924_1600_9M4VCHG,,,,
108_0924_1600_9M4VCHG,,,,
109_0924_1600_9M4VCHG,,,,
110_0924_1600_9M4VCHG,,,,
111_0924_1600_9M4VCHG,,,,
113_0924_1600_9M4VCHG,,,,
114_0924_1600_9M4VCHG,,,,
115_0924_1600_9M4VCHG,,,,
116_0924_1600_9M4VCHG,,,,
117_0924_1600_9M4VCHG,,,,
118_0924_1600_9M4VCHG,0.5416816550691862,0.1949085313174981,0.4357277785160028,0.39077265496756236
119_0924_1600_9M4VCHG,,,,
120_0924_1600_9M4VCHG,,,,
121_0924_1600_9M4VCHG,,,,
122_0924_1600_9M4VCHG,,,,
123_0924_1600_9M4VCHG,,,,
124_0924_1600_9M4VCHG,,,,
125_0924_1600_9M4VCHG,0.375801764505284,0.2985501653592123,0.15771481316463276,0.2773555810097097
126_0924_1600_9M4VCHG,0.403542191231306,0.13091426048434993,0.28105908775766225,0.27183851315777274
127_0924_1600_9M4VCHG,,,,
128_0924_1600_9M4VCHG,0.6086725805505786,0.055429609600352835,0.13260943737435887,0.2655705425084301
129_0924_1600_9M4VCHG,,,,
130_0924_1600_9M4VCHG,,,,
131_0924_1600_9M4VCHG,,,,
132_0924_1600_9M4VCHG,,,,
0_0924_1600_U9TEJGM,0.10833779563400359,0.7844475476286594,0.13379965811076874,0.34219500045781054
1_0924_1600_U9TEJGM,0.5366029997925529,0.4126007168469556,0.5245600952106978,0.4912546039500687
2_0924_1600_U9TEJGM,,,,
3_0924_1600_U9TEJGM,0.18440076522476548,0.37465362567410776,0.11924504587066548,0.2260998122565129
4_0924_1600_U9TEJGM,0.18760219303257886,0.5811869993189116,0.22168696327390555,0.3301587185417987
5_0924_1600_U9TEJGM,,,,
6_0924_1600_U9TEJGM,0.05190657150597988,0.2344327122249105,0.14951401533390982,0.14528443302160007
7_0924_1600_U9TEJGM,,,,
8_0924_1600_U9TEJGM,,,,
9_0924_1600_U9TEJGM,0.07558275292772115,0.6536180203235271,0.2136370360626588,0.3142792697713023
10_0924_1600_U9TEJGM,0.03750644983252493,0.27544606741529887,0.10603342479061224,0.1396619806794787
11_0924_1600_U9TEJGM,,,,
12_0924_1600_U9TEJGM,,,,
13_0924_1600_U9TEJGM,,,,
14_0924_1600_U9TEJGM,0.0779966908931495,0.35479277818990457,0.1361975867964695,0.18966235195984119
15_0924_1600_U9TEJGM,,,,
16_0924_1600_U9TEJGM,,,,
17_0924_1600_U9TEJGM,0.33189123756379674,0.5197756424976998,0.5257973086491295,0.4591547295702087
18_0924_1600_U9TEJGM,,,,
19_0924_1600_U9TEJGM,,,,
20_0924_1600_U9TEJGM,,,,
21_0924_1600_U9TEJGM,0.045558739525105356,0.38867881743900384,0.08787548371823879,0.17403768022744934
22_0924_1600_U9TEJGM,,,,
23_0924_1600_U9TEJGM,0.165510301592905,0.3257719757406689,0.1743672462372358,0.2218831745236032
24_0924_1600_U9TEJGM,,,,
25_0924_1600_U9TEJGM,,,,
26_0924_1600_U9TEJGM,0.19859312989850078,0.2935729476597302,0.08646112426668602,0.192875733941639
27_0924_1600_U9TEJGM,,,,
28_0924_1600_U9TEJGM,,,,
29_0924_1600_U9TEJGM,0.1731419602143189,0.4519986507458702,0.29165527037220523,0.30559862711079816
30_0924_1600_U9TEJGM,,,,
31_0924_1600_U9TEJGM,,,,
32_0924_1600_U9TEJGM,,,,
33_0924_1600_U9TEJGM,,,,
34_0924_1600_U9TEJGM,0.2565535734161651,0.23420795832836738,0.22447124057072362,0.23841092410508535
35_0924_1600_U9TEJGM,,,,
36_0924_1600_U9TEJGM,0.10666285588315384,0.3659069389054765,0.19244827410782317,0.22167268963215117
37_0924_1600_U9TEJGM,,,,
38_0924_1600_U9TEJGM,,,,
39_0924_1600_U9TEJGM,0.16098464363596032,0.6392149288929593,0.18020935907763472,0.32680297720218476
40_0924_1600_U9TEJGM,,,,
41_0924_1600_U9TEJGM,0.24445116255466162,0.268460421475098,0.2285799654660161,0.24716384983192527
42_0924_1600_U9TEJGM,0.21677740693025993,0.4627724429999425,0.1966663213235895,0.2920720570845973
43_0924_1600_U9TEJGM,,,,
44_0924_1600_U9TEJGM,0.3293523025656766,0.49592563420093105,0.2580521380432456,0.36111002493661776
45_0924_1600_U9TEJGM,,,,
46_0924_1600_U9TEJGM,0.15590931309557404,0.3661315435507722,0.40699339083873437,0.3096780824950269
47_0924_1600_U9TEJGM,,,,
48_0924_1600_U9TEJGM,0.12405104076313332,0.1349398937818507,0.2679505214264953,0.1756471519904931
49_0924_1600_U9TEJGM,0.20660946267829136,0.30212587864353346,0.1950909699702695,0.23460877043069814
50_0924_1600_U9TEJGM,,,,
51_0924_1600_U9TEJGM,0.1643013209303987,0.2434607744360271,0.29537729961441267,0.23437979832694614
52_0924_1600_U9TEJGM,,,,
53_0924_1600_U9TEJGM,,,,
54_0924_1600_U9TEJGM,,,,
56_0924_1600_U9TEJGM,,,,
57_0924_1600_U9TEJGM,,,,
58_0924_1600_U9TEJGM,0.27767310253835054,0.20816051517338754,0.1992891223024267,0.22837424667138825
59_0924_1600_U9TEJGM,,,,
60_0924_1600_U9TEJGM,,,,
61_0924_1600_U9TEJGM,,,,
62_0924_1600_U9TEJGM,0.10869225817140349,0.47827632226325045,0.1543316157340899,0.2471000653895813
63_0924_1600_U9TEJGM,,,,
64_0924_1600_U9TEJGM,,,,
65_0924_1600_U9TEJGM,0.19945727010486913,0.5305004565320315,0.17164385242638855,0.3005338596877631
66_0924_1600_U9TEJGM,0.24344655982425725,0.5604654558137445,0.4045274166461574,0.40281314409471974
67_0924_1600_U9TEJGM,,,,
68_0924_1600_U9TEJGM,0.08419031461518726,0.5130347901081294,0.08020548857377179,0.2258101977656961
69_0924_1600_U9TEJGM,,,,
70_0924_1600_U9TEJGM,0.215410394143169,0.31516842933772,0.3039133361272623,0.27816405320271714
71_0924_1600_U9TEJGM,,,,
72_0924_1600_U9TEJGM,,,,
73_0924_1600_U9TEJGM,,,,
74_0924_1600_U9TEJGM,0.21891488925416733,0.4820461562087483,0.23338161479683153,0.3114475534199157
75_0924_1600_U9TEJGM,,,,
76_0924_1600_U9TEJGM,,,,
77_0924_1600_U9TEJGM,,,,
78_0924_1600_U9TEJGM,,,,
79_0924_1600_U9TEJGM,,,,
80_0924_1600_U9TEJGM,,,,
81_0924_1600_U9TEJGM,,,,
83_0924_1600_U9TEJGM,,,,
86_0924_1600_U9TEJGM,,,,
87_0924_1600_U9TEJGM,,,,
88_0924_1600_U9TEJGM,,,,
89_0924_1600_U9TEJGM,0.29645822407313155,0.6415792506487311,0.20420204883950302,0.3807465078537886
90_0924_1600_U9TEJGM,0.39199080766745525,0.55319661678793,0.29984927278226975,0.41501223241255164
91_0924_1600_U9TEJGM,0.19880208936744723,0.4356243790313202,0.26565728500772195,0.30002791780216315
97_0924_1600_U9TEJGM,,,,
98_0924_1600_U9TEJGM,,,,
99_0924_1600_U9TEJGM,,,,
100_0924_1600_U9TEJGM,,,,
101_0924_1600_U9TEJGM,,,,
102_0924_1600_U9TEJGM,,,,
104_0924_1600_U9TEJGM,,,,
105_0924_1600_U9TEJGM,,,,
106_0924_1600_U9TEJGM,,,,
107_0924_1600_U9TEJGM,0.23958424281112214,0.29246852828595976,0.08320550398136348,0.20508609169281514
108_0924_1600_U9TEJGM,,,,
109_0924_1600_U9TEJGM,0.12304263012431405,0.5662039960403811,0.0947978079685699,0.26134814471108836
110_0924_1600_U9TEJGM,0.29159726002817904,0.2665369793870042,0.09919436243261852,0.21910953394926724
111_0924_1600_U9TEJGM,,,,
112_0924_1600_U9TEJGM,0.23482541430238132,0.2618656721404797,0.06881360187744039,0.18850156277343377
113_0924_1600_U9TEJGM,0.14802330851125564,0.3552183354101077,0.16002625133633924,0.22108929841923422
114_0924_1600_U9TEJGM,,,,
115_0924_1600_U9TEJGM,,,,
117_0924_1600_U9TEJGM,0.20779051678975322,0.6638284865752687,0.14677158342211385,0.3394635289290453
118_0924_1600_U9TEJGM,,,,
120_0924_1600_U9TEJGM,,,,
123_0924_1600_U9TEJGM,0.34397401283722573,0.5736722881395865,0.29841708749933926,0.4053544628253838
125_0924_1600_U9TEJGM,,,,
126_0924_1600_U9TEJGM,0.09055807158659658,0.36543957236388774,0.12655361492881503,0.19418375295976645
127_0924_1600_U9TEJGM,,,,
128_0924_1600_U9TEJGM,0.2967893667194091,0.40495193818099273,0.3160995028297214,0.33928026924337434
129_0924_1600_U9TEJGM,,,,
130_0924_1600_U9TEJGM,,,,
131_0924_1600_U9TEJGM,,,,
1_0927_0930_539136F,0.29812791727808036,0.15038915927614693,0.553475306609767,0.33399746105466477
2_0927_0930_539136F,0.1246134024703308,0.27666669746349254,0.4034804984010731,0.26825353277829883
3_0927_0930_539136F,0.32670534645503757,0.2095704104627386,0.32035632824239857,0.28554402838672494
4_0927_0930_539136F,0.15224839513596472,0.025580530089470453,0.31265214648742273,0.16349369057095264
5_0927_0930_539136F,0.13711448148691144,0.10725748264827928,0.21336274409272138,0.15257823607597068
6_0927_0930_539136F,0.29917844630208396,0.26907477626730264,0.27180664665128845,0.2800199564068917
7_0927_0930_539136F,,,,
8_0927_0930_539136F,0.24611268214813076,0.18805270272669583,0.3613764336950916,0.2651806061899727
9_0927_0930_539136F,0.5336021437536927,0.08600128809922031,0.4533048051754156,0.3576360790094429
10_0927_0930_539136F,,,,
11_0927_0930_539136F,0.23688753473069893,0.12148617119893157,0.3922144373339232,0.2501960477545179
12_0927_0930_539136F,0.07918537961870153,0.06552026645775375,0.3241227520378472,0.15627613270476748
13_0927_0930_539136F,0.0630393370290553,0.04665226200531931,0.15128101177283285,0.08699087026906915
14_0927_0930_539136F,,,,
15_0927_0930_539136F,0.27902661623465747,0.06715926217280602,0.3500003832218697,0.23206208720977775
16_0927_0930_539136F,0.34327609209004334,0.1727352360430701,0.3963516541700545,0.30412099410105603
17_0927_0930_539136F,0.2432431947096558,0.21722736173931065,0.35619615678331334,0.27222223774409327
18_0927_0930_539136F,0.3505217491412999,0.12287586451193745,0.5863102373462769,0.3532359503331714
19_0927_0930_539136F,,,,
20_0927_0930_539136F,,,,
21_0927_0930_539136F,0.17430054935670947,0.049545198793065966,0.41465759200137153,0.212834446717049
23_0927_0930_539136F,0.11716059518143018,0.24007156932880888,0.18271610800527674,0.17998275750517193
24_0927_0930_539136F,0.21073102534176869,0.12358331466192592,0.4960187074992128,0.2767776825009691
25_0927_0930_539136F,0.44318339473407603,0.1615253285546106,0.6248067199626236,0.4098384810837701
26_0927_0930_539136F,0.13889188229937946,0.09048168787869386,0.4326996905167791,0.22069108689828412
28_0927_0930_539136F,,,,
29_0927_0930_539136F,0.6142440631270212,0.06127384700671775,0.6403660452830534,0.43862798513893075
30_0927_0930_539136F,0.4757855176947041,0.200626117362061,0.4503957424546409,0.3756024591704687
31_0927_0930_539136F,0.5439343452782849,0.05110353084824689,0.46455538914737876,0.3531977550913035
32_0927_0930_539136F,,,,
33_0927_0930_539136F,0.6364093044856851,0.22350758123327294,0.31536659960087365,0.39176116177327724
34_0927_0930_539136F,0.30237682390898696,0.07898098485960629,0.5398838848819628,0.30708056455018534
35_0927_0930_539136F,0.1925282123564692,0.33050772038592685,0.39076016251695744,0.3045986984197845
36_0927_0930_539136F,,,,
37_0927_0930_539136F,,,,
38_0927_0930_539136F,0.5313443509031159,0.33563931565012006,0.3853622595929415,0.41744864204872584
39_0927_0930_539136F,0.22992093193395924,0.06021638781527588,0.6881458817339086,0.32609440049438126
40_0927_0930_539136F,0.11757720577546789,0.12723174110492128,0.7496744485199914,0.3314944651334602
41_0927_0930_539136F,,,,
42_0927_0930_539136F,,,,
43_0927_0930_539136F,0.12372205587825547,0.16211820842550614,0.2271584802909391,0.1709995815315669
44_0927_0930_539136F,0.20937791317578947,0.15499763625186025,0.372499598408676,0.24562504927877526
45_0927_0930_539136F,0.34946042002525396,0.17775267863203878,0.6065308066186564,0.3779146350919831
46_0927_0930_539136F,0.15555658986638288,0.2235172646288949,0.486521739825178,0.28853186477348525
47_0927_0930_539136F,0.18337902344685308,0.10750273909678594,0.5118409211071688,0.26757422788360263
48_0927_0930_539136F,,,,
49_0927_0930_539136F,,,,
50_0927_0930_539136F,,,,
51_0927_0930_539136F,0.08017805287289492,0.17620628235450653,0.25758582865010393,0.17132338795916846
52_0927_0930_539136F,0.2946648971398515,0.09714595924540215,0.476378910183356,0.2893965888562032
53_0927_0930_539136F,0.3708057241638441,0.11626766847026333,0.5378754902826414,0.34164962763891626
54_0927_0930_539136F,,,,
55_0927_0930_539136F,,,,
56_0927_0930_539136F,0.24874767855822422,0.2722687751407606,0.25340511100796753,0.2581405215689841
57_0927_0930_539136F,0.269584345931887,0.2560159229810915,0.3418549831532296,0.28915175068873605
58_0927_0930_539136F,0.2115925549767841,0.23817391067123386,0.5105966327937153,0.3201210328139111
59_0927_0930_539136F,,,,
60_0927_0930_539136F,0.04951128367829338,0.16445985347006734,0.4711391517437928,0.2283700962973845
61_0927_0930_539136F,0.35314457080993406,0.13066699488079767,0.6870517276860206,0.3902877644589175
62_0927_0930_539136F,0.27252818164334436,0.0897530658787552,0.2700113430005169,0.21076419684087214
63_0927_0930_539136F,0.2857874344967912,0.39751773373158933,0.36300543656848316,0.3487702015989546
64_0927_0930_539136F,0.16803898366436454,0.10572910623238348,0.261503805331377,0.17842396507604166
65_0927_0930_539136F,0.26924055900520466,0.23080538649748353,0.4192700770708795,0.30643867419118925
66_0927_0930_539136F,0.1745640012568491,0.13272270646557124,0.38935100312202203,0.2322125702814808
67_0927_0930_539136F,0.32770549296816337,0.32613684183829245,0.2413529592245136,0.29839843134365646
68_0927_0930_539136F,0.09392750448879077,0.0638483296142129,0.4874906506065071,0.21508882823650358
69_0927_0930_539136F,,,,
70_0927_0930_539136F,0.30033249895388364,0.242878927933468,0.4665821479955836,0.3365978582943117
71_0927_0930_539136F,0.40571949000453467,0.2580564333430304,0.5367353417458373,0.4001704216978008
72_0927_0930_539136F,,,,
73_0927_0930_539136F,0.15747690869541506,0.16636524293060617,0.2981416706101406,0.20732794074538727
74_0927_0930_539136F,,,,
75_0927_0930_539136F,0.1909577928755163,0.10921649292853068,0.3472485329040585,0.21580760623603515
76_0927_0930_539136F,,,,
77_0927_0930_539136F,0.23298753490338378,0.09599688246354375,0.3857796419119121,0.23825468642627987
78_0927_0930_539136F,0.22662834128244427,0.16283984375396598,0.19688264955900367,0.1954502781984713
79_0927_0930_539136F,0.24059839396712854,0.10597377063821593,0.5175620669228083,0.28804474384271755
80_0927_0930_539136F,,,,
81_0927_0930_539136F,0.16606714150319554,0.2524464365790759,0.41590081345633173,0.2781381305128677
82_0927_0930_539136F,,,,
83_0927_0930_539136F,0.09067945114649517,0.09153515286003251,0.315420403607977,0.16587833587150155
84_0927_0930_539136F,,,,
85_0927_0930_539136F,,,,
86_0927_0930_539136F,,,,
87_0927_0930_539136F,,,,
88_0927_0930_539136F,0.11088839256713003,0.15815668256947849,0.3350041697514152,0.2013497482960079
89_0927_0930_539136F,0.2115447174938896,0.12151486466742097,0.43231654556517896,0.25512537590882983
90_0927_0930_539136F,,,,
91_0927_0930_539136F,,,,
92_0927_0930_539136F,0.28302652678869133,0.11244734060956411,0.38439414443301495,0.2599560039437568
93_0927_0930_539136F,,,,
94_0927_0930_539136F,,,,
95_0927_0930_539136F,,,,
96_0927_0930_539136F,,,,
97_0927_0930_539136F,0.2809936785655174,0.18410300865809573,0.5837350347285569,0.34961057398405665
98_0927_0930_539136F,,,,
99_0927_0930_539136F,,,,
100_0927_0930_539136F,,,,
101_0927_0930_539136F,0.11388205352638602,0.16566683432897847,0.5627473492165308,0.2807654123572984
102_0927_0930_539136F,0.1914245183881016,0.1469042305680734,0.3490527625115512,0.22912717048924205
103_0927_0930_539136F,,,,
104_0927_0930_539136F,,,,
105_0927_0930_539136F,,,,
106_0927_0930_539136F,,,,
107_0927_0930_539136F,,,,
108_0927_0930_539136F,0.3588772108635512,0.1994453386655267,0.5055525035737825,0.3546250177009534
109_0927_0930_539136F,,,,
110_0927_0930_539136F,0.3676272099946731,0.3344177204357017,0.4222139890877912,0.374752973172722
111_0927_0930_539136F,,,,
112_0927_0930_539136F,,,,
113_0927_0930_539136F,,,,
114_0927_0930_539136F,,,,
115_0927_0930_539136F,,,,
116_0927_0930_539136F,0.20814782262456585,0.14455527433160711,0.37040185995906344,0.2410349856384121
117_0927_0930_539136F,0.13905767406444697,0.14129367503207052,0.46398844566853475,0.2481132649216841
118_0927_0930_539136F,,,,
119_0927_0930_539136F,0.10875736615161373,0.07759321736924868,0.3624454280313407,0.18293200385073438
120_0927_0930_539136F,,,,
121_0927_0930_539136F,0.07122750889543898,0.09279657981998106,0.6981805745819992,0.2874015544324731
122_0927_0930_539136F,,,,
123_0927_0930_539136F,,,,
124_0927_0930_539136F,0.2355819043574137,0.12824672163808712,0.49026249542051437,0.28469704047200506
125_0927_0930_539136F,,,,
126_0927_0930_539136F,,,,
127_0927_0930_539136F,0.1466093668840562,0.29405045943965347,0.42778961171822205,0.28948314601397723
128_0927_0930_539136F,,,,
129_0927_0930_539136F,,,,
130_0927_0930_539136F,,,,
131_0927_0930_539136F,0.5023840653645179,0.23514466632035166,0.3767657716893624,0.371431501124744
132_0927_0930_539136F,,,,
3_0927_0930_U9TEJGM,0.15247477904337972,0.288172709943374,0.10222702820593928,0.18095817239756437
4_0927_0930_U9TEJGM,0.04377051840833285,0.14935249608902362,0.19637990969577424,0.1298343080643769
5_0927_0930_U9TEJGM,0.15962522883647484,0.10043834139597947,0.26843283076895685,0.1761654670004704
7_0927_0930_U9TEJGM,0.041340683374900766,0.2151071979438389,0.16529391755085796,0.14058059962319921
8_0927_0930_U9TEJGM,0.15818046492527424,0.12689938910004847,0.1935295653684526,0.15953647313125843
9_0927_0930_U9TEJGM,0.14808425860282226,0.1847267144804874,0.264910333628319,0.1992404355705429
10_0927_0930_U9TEJGM,0.15100020335663963,0.22852138854627166,0.13236844808599346,0.17063001332963493
12_0927_0930_U9TEJGM,0.07894659967872351,0.057746606970901095,0.17577343119611985,0.1041555459485815
15_0927_0930_U9TEJGM,0.2885111812931899,0.20226205549398937,0.3379725798891566,0.27624860555877867
16_0927_0930_U9TEJGM,0.09575364078215191,0.045747393051117156,0.402779431438352,0.18142682175720704
18_0927_0930_U9TEJGM,0.15433809689067127,0.10745466046412688,0.08900883630104219,0.11693386455194676
19_0927_0930_U9TEJGM,0.1460761960748035,0.19279898680573784,0.10131284762114721,0.14672934350056285
20_0927_0930_U9TEJGM,0.29906200710207254,0.21471345836874903,0.305891143400196,0.2732222029570059
21_0927_0930_U9TEJGM,0.02725950089311414,0.10220069815858478,0.2903539494394154,0.13993804949703811
22_0927_0930_U9TEJGM,0.09368296361801214,0.3730248318501865,0.15629815011133,0.20766864852650954
24_0927_0930_U9TEJGM,0.15188017709987267,0.2673603036275239,0.20498047121913654,0.2080736506488444
25_0927_0930_U9TEJGM,0.14458157213828224,0.10342814950579378,0.2918796042463187,0.17996310863013157
29_0927_0930_U9TEJGM,0.22599670153723705,0.07758630427752446,0.19757206303738337,0.16705168961738162
30_0927_0930_U9TEJGM,0.4326223225020216,0.07986362619203635,0.2746385942615222,0.2623748476518601
31_0927_0930_U9TEJGM,0.1490547921116879,0.10731112731104175,0.3594866257589186,0.2052841817272161
32_0927_0930_U9TEJGM,0.17753000879482647,0.24053829630502754,0.34988193729794087,0.2559834141325983
33_0927_0930_U9TEJGM,0.1276090282148341,0.09659948574267203,0.1936360085404567,0.13928150749932094
34_0927_0930_U9TEJGM,0.17603895020663995,0.16409207017151609,0.20387381053228196,0.18133494363681266
35_0927_0930_U9TEJGM,0.033836418991979485,0.2566695956873864,0.32158780753770255,0.20403127407235613
36_0927_0930_U9TEJGM,0.1533147078964092,0.03455576147381324,0.25867973296701857,0.148850067445747
37_0927_0930_U9TEJGM,0.14058606412142693,0.24972951906271887,0.46653241166061493,0.2856159982815869
38_0927_0930_U9TEJGM,0.11501642372781672,0.08124797697936163,0.20703624794201772,0.13443354954973202
39_0927_0930_U9TEJGM,0.15080264035606625,0.1468117192137773,0.13807370508650343,0.145229354885449
40_0927_0930_U9TEJGM,0.30163678055778836,0.044235770280990606,0.0800224219477107,0.1419649909288299
41_0927_0930_U9TEJGM,0.23324217779908585,0.09372838578142824,0.11022836668591895,0.14573297675547767
42_0927_0930_U9TEJGM,0.15270036957999888,0.1470757485691984,0.2535562148999164,0.18444411101637123
43_0927_0930_U9TEJGM,0.1466382110673529,0.08747853093471254,0.14854332993493014,0.12755335731233186
44_0927_0930_U9TEJGM,0.15722123715593025,0.2547157433087382,0.16251057080475653,0.19148251708980832
45_0927_0930_U9TEJGM,0.23763208536303834,0.24453952280564795,0.3634698299585382,0.2818804793757415
46_0927_0930_U9TEJGM,0.27914272793874567,0.25441735072687904,0.1991636484188627,0.2442412423614958
47_0927_0930_U9TEJGM,0.12917736972647648,0.05333518016681807,0.1811673987598933,0.12122664955106262
48_0927_0930_U9TEJGM,0.3478320782902804,0.16491845774523048,0.3792828284582537,0.2973444548312549
50_0927_0930_U9TEJGM,0.33942031824395413,0.3545522870881746,0.46710447492382157,0.38702569341865006
52_0927_0930_U9TEJGM,0.34993754774983216,0.21040261099074895,0.2135324599123444,0.25795753955097517
54_0927_0930_U9TEJGM,0.13336544214364915,0.19857698486112962,0.13016980471882175,0.1540374105745335
55_0927_0930_U9TEJGM,0.23317315185216078,0.10031616325473626,0.32242017901980186,0.21863649804223298
57_0927_0930_U9TEJGM,0.1838683840231675,0.20095559351384185,0.28129555399742157,0.22203984384481032
58_0927_0930_U9TEJGM,0.1552667469021077,0.2226198215855717,0.3396903084389557,0.23919229230887837
61_0927_0930_U9TEJGM,0.2219083928365401,0.2435893437198887,0.27043693993399404,0.24531155883014097
62_0927_0930_U9TEJGM,0.12935456931816944,0.3592141720258664,0.1799888087041802,0.22285251668273867
63_0927_0930_U9TEJGM,0.09366642580104262,0.2218823072275994,0.20874527383439145,0.1747646689543445
64_0927_0930_U9TEJGM,0.1604661480285188,0.21605890143490022,0.24578989633366355,0.2074383152656942
65_0927_0930_U9TEJGM,0.17766980416379985,0.26424542375252996,0.4314607129730417,0.2911253136297905
66_0927_0930_U9TEJGM,0.1626616372413682,0.3394811604214565,0.5203451352703504,0.340829310977725
67_0927_0930_U9TEJGM,0.1043286267402503,0.33467002495982917,0.25683814087900964,0.23194559752636304
68_0927_0930_U9TEJGM,0.1064118801773946,0.1626454203328782,0.40384214935652896,0.22429981662226725
69_0927_0930_U9TEJGM,0.09159876712959918,0.16713511363666714,0.046508502039394245,0.10174746093522018
70_0927_0930_U9TEJGM,0.08698936080560464,0.13247191293479138,0.3190589737217239,0.17950674915404
71_0927_0930_U9TEJGM,0.08155031765180043,0.21783649421676424,0.32374294835497136,0.20770992007451197
74_0927_0930_U9TEJGM,0.27430584207840875,0.08389025474570443,0.2434206948190805,0.20053893054773123
76_0927_0930_U9TEJGM,0.20804041025843745,0.060473474381236424,0.21309130567712056,0.16053506343893145
78_0927_0930_U9TEJGM,0.20582222394069702,0.17186548744659924,0.20009190401510946,0.19259320513413525
81_0927_0930_U9TEJGM,,,,
82_0927_0930_U9TEJGM,0.13539944710643337,0.15467313779661993,0.301414525458292,0.19716237012044843
83_0927_0930_U9TEJGM,0.2415498618286136,0.09418581880424297,0.1831059663775416,0.17294721567013271
84_0927_0930_U9TEJGM,0.062968503052115,0.3407941413291327,0.0934901121100223,0.16575091883042334
86_0927_0930_U9TEJGM,0.0986104455165976,0.12000789149871767,0.2906688947090635,0.1697624105747929
88_0927_0930_U9TEJGM,0.033637715418817306,0.22212378991892565,0.3026712783650365,0.18614426123425978
89_0927_0930_U9TEJGM,0.10982629320839961,0.1375705904486024,0.26357803673400454,0.17032497346366884
90_0927_0930_U9TEJGM,0.27719654448702324,0.052084120360547825,0.30446764991114533,0.21124943825290546
91_0927_0930_U9TEJGM,0.2359406573115974,0.12355830652641547,0.11410830607036242,0.15786908996945845
92_0927_0930_U9TEJGM,0.26382688552693717,0.10195886570522524,0.2938946828629376,0.21989347803169998
93_0927_0930_U9TEJGM,0.054275396223756635,0.37590508835403996,0.10175571847978904,0.17731206768586186
94_0927_0930_U9TEJGM,0.08406717812406593,0.3303211178042691,0.07803009309776217,0.16413946300869905
95_0927_0930_U9TEJGM,0.1764937751233686,0.3188051763561817,0.25477494465424577,0.2500246320445987
96_0927_0930_U9TEJGM,0.21525993231364024,0.0860705276749229,0.2474806983629941,0.18293705278385242
97_0927_0930_U9TEJGM,0.3090652677756505,0.20143867138969737,0.2642450058325418,0.2582496483326299
98_0927_0930_U9TEJGM,0.18640842744249472,0.32118566501705353,0.2672548320995805,0.2582829748530429
99_0927_0930_U9TEJGM,0.036997374420066745,0.14810972961823854,0.10770598716238709,0.09760436373356413
101_0927_0930_U9TEJGM,0.36101311113248613,0.3849928986199022,0.10146758358791678,0.28249119778010173
103_0927_0930_U9TEJGM,0.17740934922172424,0.05460969277818775,0.20287566322816716,0.14496490174269305
104_0927_0930_U9TEJGM,0.056136798612172044,0.3754966125528812,0.29029317121297654,0.24064219412600993
107_0927_0930_U9TEJGM,0.2170666613503216,0.27909054266449757,0.21087912148232854,0.2356787751657159
108_0927_0930_U9TEJGM,0.04716094561951847,0.1316000060305977,0.19095107057623503,0.12323734074211708
109_0927_0930_U9TEJGM,0.15754509485142112,0.18507070597926453,0.19870261386793928,0.18043947156620832
110_0927_0930_U9TEJGM,0.0481489847614453,0.21854375174399265,0.6104010958185793,0.2923646107746724
112_0927_0930_U9TEJGM,0.20125949340345517,0.217315131812256,0.22214854914939883,0.21357439145503668
113_0927_0930_U9TEJGM,0.09120555384020028,0.31036532730122285,0.2982039143822677,0.2332582651745636
116_0927_0930_U9TEJGM,0.16206570851421143,0.2083420431830851,0.2646987167235885,0.21170215614029506
117_0927_0930_U9TEJGM,0.10566444655509659,0.011089337417521125,0.1908050877235844,0.10251962389873404
120_0927_0930_U9TEJGM,0.08260181889663094,0.10089878410846438,0.351070506533895,0.1781903698463301
121_0927_0930_U9TEJGM,0.20998400075652154,0.1654128953165175,0.1613818766042812,0.17892625755910674
122_0927_0930_U9TEJGM,0.0625744830375558,0.09390380404193943,0.27073786999741,0.14240538569230174
123_0927_0930_U9TEJGM,0.15511483428267317,0.1420889604269807,0.03134744510099947,0.10951707993688443
125_0927_0930_U9TEJGM,0.3116495869227072,0.08937273428479015,0.10806777138855568,0.1696966975320177
126_0927_0930_U9TEJGM,0.19824644938296207,0.3199637724450588,0.32612295579130157,0.28144439253977416
127_0927_0930_U9TEJGM,0.23943585737012799,0.240786572624458,0.1897232752327905,0.22331523507579218
128_0927_0930_U9TEJGM,0.21433247356462082,0.29778071002936,0.33783473685503207,0.2833159734830043
129_0927_0930_U9TEJGM,0.34506230936355137,0.29901233017687523,0.3481109539396796,0.3307285311600354
130_0927_0930_U9TEJGM,0.17747078750119463,0.3989522170194509,0.19547185178418372,0.2572982854349431
131_0927_0930_U9TEJGM,0.06472185983097294,0.2125610223493174,0.2075938084252226,0.161625563535171
132_0927_0930_U9TEJGM,0.19918470865182816,0.06588092998617566,0.20343590825983016,0.15616718229927798
134_0927_0930_U9TEJGM,0.24176459927802305,0.22222360343308986,0.24630658861629032,0.23676493044246774
135_0927_0930_U9TEJGM,0.13480910524097364,0.2632187637055876,0.21349018370857956,0.20383935088504693
136_0927_0930_U9TEJGM,,,,
137_0927_0930_U9TEJGM,0.19241201017947293,0.0705330715533626,0.16555480993624458,0.1428332972230267
138_0927_0930_U9TEJGM,0.06443649916684135,0.10519098495375685,0.2541883998233529,0.14127196131465036
139_0927_0930_U9TEJGM,0.14475330808494347,0.28458446989906,0.013581177950423714,0.1476396519781424
142_0927_0930_U9TEJGM,0.2039814549702721,0.14806165525576678,0.19643718448360728,0.18282676490321537
143_0927_0930_U9TEJGM,0.19571961632979973,0.18161493567674217,0.388644548225703,0.25532636674408166
144_0927_0930_U9TEJGM,0.08847942903089161,0.26376006687439785,0.35462635063726533,0.23562194884751828
145_0927_0930_U9TEJGM,0.11748513113379398,0.23844176376220635,0.4363431081095339,0.26409000100184477
146_0927_0930_U9TEJGM,0.24334478333098306,0.3378150298426817,0.21746239764669187,0.2662074036067855
147_0927_0930_U9TEJGM,0.2688719426078376,0.31608555876456185,0.3030947305912868,0.29601741065456205
148_0927_0930_U9TEJGM,0.07493974259962088,0.03044796456954195,0.2319296428489804,0.1124391166727144
149_0927_0930_U9TEJGM,0.21978704597549784,0.29784327908268743,0.0889612252435495,0.2021971834339116
151_0927_0930_U9TEJGM,0.21530367780014803,0.15878471737861477,0.3159613863807036,0.23001659385315545
152_0927_0930_U9TEJGM,,,,
153_0927_0930_U9TEJGM,0.3623183139173516,0.3417280255166224,0.3250980378440968,0.34304812575935695
154_0927_0930_U9TEJGM,0.2867765318444757,0.06096746904898479,0.23998418382628342,0.19590939490658132
155_0927_0930_U9TEJGM,0.32620290634144516,0.17341808065647332,0.2694053234723572,0.2563421034900919
156_0927_0930_U9TEJGM,0.1568113699724529,0.16703815111168627,0.23705788037247735,0.18696913381887217
157_0927_0930_U9TEJGM,0.10484226854169405,0.03259393449466449,0.42703661221302336,0.1881576050831273
158_0927_0930_U9TEJGM,0.16158969076295618,0.32072685063841777,0.23422728830986736,0.23884794323708045
159_0927_0930_U9TEJGM,0.03238698022388141,0.04468570133357422,0.4772683212142191,0.18478033425722493
160_0927_0930_U9TEJGM,0.04592868688507747,0.23593082414058272,0.1555304541505097,0.1457966550587233
161_0927_0930_U9TEJGM,0.16843716587182048,0.310899032474482,0.34124257368859673,0.2735262573449664
162_0927_0930_U9TEJGM,0.09462687912332306,0.1921562390831746,0.3621408897362673,0.21630800264758832
163_0927_0930_U9TEJGM,0.39806733673161204,0.29685619994353446,0.06351595190759533,0.25281316286091393
164_0927_0930_U9TEJGM,0.18325921348914256,0.17928503482940986,0.14797360678986735,0.17017261836947326
165_0927_0930_U9TEJGM,,,,
166_0927_0930_U9TEJGM,0.05312174907275247,0.19242466864008856,0.1658403473445137,0.13712892168578492
167_0927_0930_U9TEJGM,0.31162860119098634,0.2597696286811222,0.4285120031322207,0.33330341100144306
169_0927_0930_U9TEJGM,0.3402267350693399,0.04693567657262881,0.4610396081294179,0.2827340065904622
170_0927_0930_U9TEJGM,0.06143672555202725,0.11343561983857625,0.5762209810148706,0.250364442135158
171_0927_0930_U9TEJGM,0.23474008740159344,0.2346624819914215,0.38810750654772774,0.2858366919802476
172_0927_0930_U9TEJGM,0.19241094525343339,0.22213142249766216,0.21520897246002627,0.20991711340370725
173_0927_0930_U9TEJGM,0.17121165454675213,0.42289166070418077,0.16415352175207465,0.25275227900100256
174_0927_0930_U9TEJGM,0.10799810587950913,0.046949904948881516,0.17324385081997326,0.1093972872161213
175_0927_0930_U9TEJGM,0.17772019468174108,0.2334951479776387,0.5245759718384043,0.311930438165928
176_0927_0930_U9TEJGM,0.1859847459206366,0.19698022672187074,0.349004044721438,0.24398967245464842
177_0927_0930_U9TEJGM,0.23435501780120938,0.33394612054689315,0.35051289587178064,0.30627134473996104
178_0927_0930_U9TEJGM,0.19836214075193193,0.068758618808769,0.3368934352055612,0.20133806492208736
179_0927_0930_U9TEJGM,0.16699446878925336,0.10989983686931763,0.18025541903094813,0.15238324156317304
1_0928_1600_539136F,0.32097802627435945,0.08403038841756816,0.07693068194269713,0.1606463655448749
2_0928_1600_539136F,0.2767338296442529,0.15830090954177398,0.13904470418725315,0.19135981445775999
4_0928_1600_539136F,0.2624317110371775,0.19496854182222267,0.14266371668038588,0.20002132317992868
5_0928_1600_539136F,,,,
6_0928_1600_539136F,,,,
7_0928_1600_539136F,0.10544545676621424,0.06143457495764054,0.21553135448610616,0.127470462069987
8_0928_1600_539136F,0.24367925493736195,0.05636843976404093,0.18585380619690553,0.1619671669661028
9_0928_1600_539136F,,,,
10_0928_1600_539136F,,,,
11_0928_1600_539136F,0.32589584437936403,0.01334641277209537,0.03003432469154485,0.12309219394766809
12_0928_1600_539136F,,,,
13_0928_1600_539136F,0.21105784434345487,0.21684937622189324,0.3572270964452384,0.26171143900352883
14_0928_1600_539136F,,,,
15_0928_1600_539136F,,,,
16_0928_1600_539136F,0.22017082055449314,0.36798877244252926,0.08864879325419583,0.22560279541707273
17_0928_1600_539136F,0.14285815209512645,0.17751593670068444,0.18996226407958425,0.1701121176251317
18_0928_1600_539136F,,,,
19_0928_1600_539136F,0.3807398248379256,0.11835658247907406,0.49416367548898493,0.3310866942686615
20_0928_1600_539136F,0.589263048074995,0.24337150215516368,0.21744046311871257,0.35002500444962376
21_0928_1600_539136F,,,,
22_0928_1600_539136F,0.04666408182781092,0.058020969408790035,0.4469291988233537,0.18387141668665155
23_0928_1600_539136F,,,,
24_0928_1600_539136F,,,,
26_0928_1600_539136F,,,,
27_0928_1600_539136F,0.30479279099577195,0.0822482965266424,0.35768972287447126,0.24824360346562854
28_0928_1600_539136F,,,,
29_0928_1600_539136F,,,,
30_0928_1600_539136F,,,,
31_0928_1600_539136F,0.15254884494389132,0.04704621510502096,0.16252350830358409,0.12070618945083211
32_0928_1600_539136F,0.2312013868666223,0.0719832136073925,0.28880331172277146,0.19732930406559543
33_0928_1600_539136F,0.24173114532033566,0.354769004414619,0.2467678024406479,0.28108931739186754
34_0928_1600_539136F,0.1366508354713063,0.047768946628567316,0.10278807266330926,0.09573595158772763
35_0928_1600_539136F,0.19786197506279046,0.26478837106688863,0.32242302615895624,0.2616911240962118
36_0928_1600_539136F,,,,
37_0928_1600_539136F,,,,
38_0928_1600_539136F,0.36865690391888123,0.14804529668459154,0.15129604122386428,0.22266608060911233
39_0928_1600_539136F,0.46211326403528014,0.19427241688687635,0.15608036299003328,0.2708220146373966
40_0928_1600_539136F,,,,
41_0928_1600_539136F,0.3215689276119091,0.2998044558896964,0.23033653246293115,0.28390330532151226
42_0928_1600_539136F,,,,
43_0928_1600_539136F,,,,
44_0928_1600_539136F,0.17657289073854052,0.038559168891743,0.14592467106230086,0.12035224356419479
45_0928_1600_539136F,0.9990237431493382,0.9391675729223866,0.9966548365761364,0.9782820508826204
46_0928_1600_539136F,0.9936885131871249,0.9134528416731555,0.9938722782857692,0.9670045443820166
47_0928_1600_539136F,0.9848835469621692,0.8405604371746281,0.9418313017783921,0.9224250953050631
48_0928_1600_539136F,0.507325182730788,0.22850066685896273,0.5589152411913998,0.4315803635937168
49_0928_1600_539136F,0.8172890333928199,0.5650599301993338,0.27362436422878683,0.5519911092736468
50_0928_1600_539136F,0.23986688782902185,0.07281874428740366,0.05785683276590048,0.12351415496077534
51_0928_1600_539136F,0.41204574685165185,0.3828226954387448,0.03742029309203235,0.2774295784608097
52_0928_1600_539136F,0.16875330481613793,0.17493270000754477,0.12622588680263405,0.15663729720877226
53_0928_1600_539136F,,,,
54_0928_1600_539136F,,,,
55_0928_1600_539136F,0.1739518039317469,0.09985649175572602,0.29400839514403226,0.1892722302771684
56_0928_1600_539136F,0.20737505267336356,0.20127721412155908,0.25324166122923697,0.22063130934138653
57_0928_1600_539136F,0.21519723147661604,0.1144697570452331,0.35632559691048976,0.22866419514411299
58_0928_1600_539136F,0.0908521350720944,0.04392159007861127,0.19103529436576713,0.10860300650549093
59_0928_1600_539136F,0.15553683347403063,0.1272172883750847,0.08368887668984047,0.12214766617965193
60_0928_1600_539136F,0.21565929477989584,0.23918471886006998,0.11780336591059642,0.1908824598501874
61_0928_1600_539136F,0.09708272596702304,0.08702665468660235,0.06645326067605874,0.08352088044322804
62_0928_1600_539136F,0.9904128938604009,0.4360610314921665,0.35782909477010777,0.594767673374225
63_0928_1600_539136F,0.9965533118244191,0.8981016785091199,0.6173339100042271,0.837329633445922
64_0928_1600_539136F,0.9958108940880425,0.8231028181603136,0.8726177234297557,0.8971771452260372
65_0928_1600_539136F,,,,
66_0928_1600_539136F,0.991651665379592,0.9500109932480164,0.7268494639365386,0.8895040408547157
67_0928_1600_539136F,,,,
68_0928_1600_539136F,0.9971857998694761,0.9458777542944569,0.7954610325893926,0.9128415289177751
69_0928_1600_539136F,0.9982029141310055,0.9823556628970147,0.9958179946201873,0.9921255238827359
70_0928_1600_539136F,0.9987824634246656,0.9714049201505138,0.09888817423390761,0.6896918526030289
71_0928_1600_539136F,0.9981487694434857,0.8720859016441529,0.765951604056255,0.8787287583812979
73_0928_1600_539136F,,,,
74_0928_1600_539136F,0.9969898813366479,0.968277772484833,0.5802349373225361,0.8485008637146723
75_0928_1600_539136F,0.9987993890380412,0.9789992545948621,0.862185850403538,0.9466614980121472
76_0928_1600_539136F,0.9983437095932558,0.9661367068649372,0.0027522224640048314,0.6557442129740659
77_0928_1600_539136F,,,,
78_0928_1600_539136F,0.9958131394381793,0.9008705345978106,0.6368281323004472,0.8445039354454792
79_0928_1600_539136F,0.9979619701944564,0.9830065817649899,0.6064042253844869,0.8624575924479778
82_0928_1600_539136F,,,,
83_0928_1600_539136F,0.9980670056902584,0.9519290629592398,0.09011553945872504,0.6800372027027412
84_0928_1600_539136F,0.9936188486324,0.6264412118944147,0.02308083458360173,0.5477136317034722
85_0928_1600_539136F,,,,
86_0928_1600_539136F,0.9978826265748614,0.885230231465279,0.3708402382950596,0.7513176987783999
87_0928_1600_539136F,0.9977946109518211,0.970638978514581,0.7857709710669853,0.9180681868444625
88_0928_1600_539136F,0.9982889574110873,0.95597532419422,0.6759777516347881,0.8767473444133652
89_0928_1600_539136F,,,,
90_0928_1600_539136F,0.9966707124153463,0.3738411815117733,0.599308951044997,0.6566069483240389
91_0928_1600_539136F,0.9974757324870662,0.7109900436363276,0.20584107364979112,0.6381022832577283
92_0928_1600_539136F,0.9971624224507801,0.9786585583251188,0.9228562802771814,0.96622575368436
93_0928_1600_539136F,,,,
94_0928_1600_539136F,0.9976547319825017,0.2154796751725873,0.4989686204322113,0.5707010091957667
95_0928_1600_539136F,0.9973642344636943,0.08337246330061726,0.04079551712254396,0.3738440716289519
96_0928_1600_539136F,0.9971708843845605,0.22455983750802186,0.7008480253710324,0.6408595824212049
97_0928_1600_539136F,0.997675973045983,0.32348314343514994,0.8981109775914851,0.739756698024206
98_0928_1600_539136F,0.9977062413764214,0.28418423531060827,0.9339374993867292,0.7386093253579196
99_0928_1600_539136F,0.9942654266601325,0.978827209689982,0.9703622067392805,0.9811516143631317
100_0928_1600_539136F,0.9944356660679666,0.10069606232463779,0.9890907475973071,0.6947408253299705
103_0928_1600_539136F,0.9973842286182203,0.98459862146309,0.9938231296596435,0.9919353265803178
104_0928_1600_539136F,0.9968981252431292,0.9812951436954904,0.9935859436970174,0.9905930708785456
105_0928_1600_539136F,0.9971105328389203,0.48856591884469375,0.891249880598644,0.7923087774274192
106_0928_1600_539136F,0.9974565153158341,0.9598043891354752,0.8357409901433398,0.9310006315315497
108_0928_1600_539136F,,,,
109_0928_1600_539136F,,,,
110_0928_1600_539136F,,,,
111_0928_1600_539136F,,,,
112_0928_1600_539136F,,,,
113_0928_1600_539136F,0.998458562302066,0.9857484098856611,0.9635132437898002,0.9825734053258425
114_0928_1600_539136F,0.9967468054996624,0.9869073244246652,0.9918525155048523,0.9918355484763933
115_0928_1600_539136F,,,,
116_0928_1600_539136F,,,,
117_0928_1600_539136F,0.9974465056178451,0.9697756058721402,0.9544442795151662,0.9738887970017172
118_0928_1600_539136F,0.9942322653151562,0.5713282090608605,0.11889525941093797,0.5614852445956516
119_0928_1600_539136F,,,,
120_0928_1600_539136F,0.9907878133460378,0.965394713026094,0.6610833965583967,0.8724219743101761
121_0928_1600_539136F,,,,
122_0928_1600_539136F,,,,
124_0928_1600_539136F,0.8903988407669817,0.5942156207233823,0.7296239625361074,0.7380794746754905
125_0928_1600_539136F,,,,
126_0928_1600_539136F,0.9905002303976786,0.9496365879057441,0.9443137393587357,0.9614835192207195
127_0928_1600_539136F,0.9914052901025721,0.6413872042459439,0.43469743486309814,0.6891633097372046
129_0928_1600_539136F,,,,
130_0928_1600_539136F,0.9923106618484457,0.9362672411188407,0.7258411013893324,0.8848063347855396
131_0928_1600_539136F,0.9875008238159729,0.7627673957181639,0.3874916531751782,0.7125866242364384
132_0928_1600_539136F,0.9792614616726718,0.8835404825151785,0.6187580317359382,0.827186658641263
133_0928_1600_539136F,0.9745744480306188,0.9073239303375841,0.9093886408400804,0.9304290064027612
3_0928_1600_9M4VCHG,0.08535010102480022,0.34621500628459856,0.4114244860765129,0.28099653112863726
4_0928_1600_9M4VCHG,0.09715793514705513,0.22584388539057013,0.23841962478164083,0.1871404817730887
6_0928_1600_9M4VCHG,0.13543636620735394,0.39274956049708587,0.4256151628272134,0.31793369651055103
7_0928_1600_9M4VCHG,0.3050613352670218,0.3491878230701861,0.20243160995619836,0.28556025609780206
8_0928_1600_9M4VCHG,0.36040831760838016,0.1046958699856394,0.6385518517365426,0.3678853464435207
9_0928_1600_9M4VCHG,0.26894904708992845,0.17937424148114875,0.3132242491966814,0.2538491792559195
10_0928_1600_9M4VCHG,0.2586621949343239,0.21634925944932823,0.11103227649047355,0.19534791029137522
11_0928_1600_9M4VCHG,0.15253145859243752,0.15613514598330888,0.3854537698061969,0.23137345812731444
12_0928_1600_9M4VCHG,0.2325784776619907,0.4057631529298047,0.2369605120424804,0.2917673808780919
13_0928_1600_9M4VCHG,0.2738437584964337,0.12150093084811342,0.3483807721159209,0.24790848715348934
14_0928_1600_9M4VCHG,0.25972541045909936,0.2487045851850946,0.17632050403144064,0.22825016655854488
15_0928_1600_9M4VCHG,0.4448111311463914,0.1993643652843227,0.5011724590000811,0.3817826518102651
16_0928_1600_9M4VCHG,0.34155300874158767,0.1982507838433242,0.5676479902883892,0.36915059429110036
18_0928_1600_9M4VCHG,0.43259512462868627,0.17639590274134087,0.1631085526113921,0.2573665266604731
19_0928_1600_9M4VCHG,0.1400984617897516,0.450932902003592,0.2962095555538128,0.2957469731157188
20_0928_1600_9M4VCHG,0.412391060627008,0.2024474288290329,0.6391389798369382,0.41799248976432635
22_0928_1600_9M4VCHG,0.5450359790255339,0.17469650144766583,0.3257224721271339,0.3484849842001112
23_0928_1600_9M4VCHG,0.34947807648405965,0.3667058132809715,0.4048885429655353,0.37369081091018885
24_0928_1600_9M4VCHG,0.13818926015121386,0.11707649612088344,0.37921430724862715,0.21149335450690812
25_0928_1600_9M4VCHG,0.17590163571296272,0.3143661083441746,0.3521779483735781,0.28081523081023846
26_0928_1600_9M4VCHG,0.33116510051238407,0.16464320903033577,0.46329454867486525,0.319700952739195
27_0928_1600_9M4VCHG,0.15909126520046993,0.15075548473080846,0.22069078336368878,0.1768458444316557
28_0928_1600_9M4VCHG,0.0557073100531409,0.10695540307665745,0.28511587554723805,0.14925952955901214
29_0928_1600_9M4VCHG,0.2875325311938417,0.14692665224201915,0.49571491265836937,0.3100580320314101
30_0928_1600_9M4VCHG,0.35488662062515547,0.12926662119450869,0.4002770806998363,0.29481010750650016
31_0928_1600_9M4VCHG,0.11319468309415921,0.21125728281139433,0.23210568138396717,0.18551921576317357
32_0928_1600_9M4VCHG,0.24464561334071697,0.1517527169243989,0.4925314742804206,0.29630993484851215
33_0928_1600_9M4VCHG,0.3330100217126055,0.20022986921429267,0.28605645338196933,0.27309878143628913
34_0928_1600_9M4VCHG,,,,
35_0928_1600_9M4VCHG,0.19701107000212234,0.2866024924699042,0.27527823340632923,0.25296393195945194
36_0928_1600_9M4VCHG,0.15054195730692846,0.1894033098708617,0.2095653214089177,0.1831701961955693
37_0928_1600_9M4VCHG,0.2538994400823144,0.3988872859221951,0.32732605086287614,0.3267042589557952
38_0928_1600_9M4VCHG,,,,
40_0928_1600_9M4VCHG,0.2988334116855614,0.1468446684256203,0.497292745539845,0.31432360855034225
41_0928_1600_9M4VCHG,0.17773365250202033,0.1717041893209695,0.11162221117430339,0.15368668433243107
42_0928_1600_9M4VCHG,0.2302720701801876,0.23601006447645925,0.501352289428156,0.3225448080282676
43_0928_1600_9M4VCHG,0.17408853486293094,0.42461404953499016,0.3501457606379119,0.316282781678611
44_0928_1600_9M4VCHG,0.18310249583903515,0.13009854199158727,0.3735248888407192,0.22890864222378057
45_0928_1600_9M4VCHG,0.44031954429435327,0.28566887398198176,0.36686865073198943,0.36428568966944147
46_0928_1600_9M4VCHG,,,,
48_0928_1600_9M4VCHG,0.19061994390632395,0.22921136135497192,0.347820961391724,0.25588408888433994
49_0928_1600_9M4VCHG,0.21422744532014745,0.24154465193063934,0.20161831936973085,0.21913013887350588
50_0928_1600_9M4VCHG,0.15642606096865913,0.22445930043638954,0.26856091336252935,0.21648209158919265
51_0928_1600_9M4VCHG,0.15417068394844083,0.09215739479784557,0.22074594779312462,0.15569134217980365
52_0928_1600_9M4VCHG,0.2573541633988447,0.09281039348163796,0.5025349465776455,0.2842331678193761
53_0928_1600_9M4VCHG,0.46246581257783853,0.2746812718560426,0.39087536000671547,0.37600748148019886
54_0928_1600_9M4VCHG,0.26146509315637584,0.42463496241957294,0.3221275698612854,0.3360758751457447
55_0928_1600_9M4VCHG,,,,
56_0928_1600_9M4VCHG,,,,
57_0928_1600_9M4VCHG,,,,
58_0928_1600_9M4VCHG,0.3459087119631527,0.325061293306556,0.43724405847356457,0.36940468791442443
59_0928_1600_9M4VCHG,0.420245371745735,0.2497249864303744,0.23976773547959837,0.30324603121856925
60_0928_1600_9M4VCHG,0.3202754503057656,0.23335287210757275,0.35218793938940607,0.3019387539342481
61_0928_1600_9M4VCHG,0.34407576466151296,0.12285968241184274,0.476772883181585,0.31456944341831355
62_0928_1600_9M4VCHG,0.4393216361373353,0.34893526803917335,0.31708256819605013,0.3684464907908529
63_0928_1600_9M4VCHG,0.2517589603216523,0.22330817329293284,0.29969811781896355,0.2582550838111829
64_0928_1600_9M4VCHG,0.13599978488401596,0.42944743064341107,0.4151828302083056,0.3268766819119109
65_0928_1600_9M4VCHG,0.20471529658417817,0.22283137551712318,0.5171786834280152,0.3149084518431055
66_0928_1600_9M4VCHG,0.12396148729673938,0.29783363514413186,0.3646458715113207,0.262146997984064
67_0928_1600_9M4VCHG,0.30267747484,0.348816964098555,0.3526545980986227,0.3347163456790592
68_0928_1600_9M4VCHG,0.2294165922020298,0.28976870246082,0.2732752344852926,0.26415350971604745
69_0928_1600_9M4VCHG,,,,
70_0928_1600_9M4VCHG,0.37420891611903473,0.14776628469175385,0.42806547733658795,0.3166802260491255
71_0928_1600_9M4VCHG,0.2794891631855751,0.21350152220723642,0.22994597719710144,0.240978887529971
72_0928_1600_9M4VCHG,0.06351715334561377,0.19295082311850578,0.31870903111392207,0.19172566919268053
73_0928_1600_9M4VCHG,0.04577946222692455,0.39721919171649683,0.3593991300793617,0.26746592800759433
74_0928_1600_9M4VCHG,0.28940124704697257,0.279633166031781,0.47811951137759195,0.34905130815211516
75_0928_1600_9M4VCHG,0.357115810659929,0.2565284946963492,0.16549711125424416,0.25971380553684076
76_0928_1600_9M4VCHG,0.22363564213240894,0.23060798242746636,0.16125894177678723,0.20516752211222086
77_0928_1600_9M4VCHG,0.17588692702955902,0.022532823996094905,0.37592380237877077,0.19144785113480822
78_0928_1600_9M4VCHG,0.15493563420865583,0.46960113236698553,0.46000878988020727,0.3615151854852829
79_0928_1600_9M4VCHG,0.38383658996657366,0.1921553662297424,0.46537887901245983,0.3471236117362586
80_0928_1600_9M4VCHG,0.3043251904198156,0.4522284160759115,0.3672522752379735,0.37460196057790024
81_0928_1600_9M4VCHG,0.6277152833883276,0.11043847934023603,0.5612328225265407,0.43312886175170145
82_0928_1600_9M4VCHG,0.2803903798396368,0.42279410783462285,0.4963859269326723,0.3998568048689773
83_0928_1600_9M4VCHG,0.12653760795164729,0.2238316330838771,0.32265046897096555,0.2243399033354966
84_0928_1600_9M4VCHG,0.09156965955734236,0.30738191957180855,0.5876291916718824,0.32886025693367776
85_0928_1600_9M4VCHG,0.08925362268067343,0.19509866370192205,0.31180032347996867,0.1987175366208547
86_0928_1600_9M4VCHG,0.36318298692882567,0.09742825651579691,0.3881388105401868,0.28291668466160313
87_0928_1600_9M4VCHG,0.12028005967416426,0.16897628081495072,0.2366745467881383,0.1753102957590844
88_0928_1600_9M4VCHG,0.36498536956740707,0.467227610248604,0.17126347043785614,0.33449215008462235
89_0928_1600_9M4VCHG,0.28013171405095033,0.24827572108705964,0.48597821620105736,0.33812855044635576
90_0928_1600_9M4VCHG,0.1721142707886679,0.39748107964648877,0.3398134944923957,0.30313628164251744
91_0928_1600_9M4VCHG,0.40212722081284163,0.2091460227590196,0.5147144776132503,0.3753292403950372
92_0928_1600_9M4VCHG,0.4719952963658773,0.23519762706722458,0.49923752358844814,0.4021434823405166
93_0928_1600_9M4VCHG,,,,
94_0928_1600_9M4VCHG,0.43616227780578803,0.20769416928663575,0.29371121836885883,0.3125225551537609
95_0928_1600_9M4VCHG,0.5795101581084475,0.2347607399804945,0.29299826456666417,0.36908972088520203
96_0928_1600_9M4VCHG,0.20578321684583414,0.4054480888625645,0.42055240421913753,0.3439279033091787
97_0928_1600_9M4VCHG,0.25725283576887487,0.2595301532433794,0.3424442941206524,0.28640909437763556
98_0928_1600_9M4VCHG,,,,
99_0928_1600_9M4VCHG,,,,
100_0928_1600_9M4VCHG,0.30511630475184753,0.1179617375664293,0.25484475613420926,0.2259742661508287
101_0928_1600_9M4VCHG,,,,
102_0928_1600_9M4VCHG,0.5193099659497747,0.16508575111109744,0.6703683138564268,0.45158801030576634
103_0928_1600_9M4VCHG,0.23956337431564956,0.1628629176389765,0.34397783882346017,0.24880137692602874
104_0928_1600_9M4VCHG,,,,
105_0928_1600_9M4VCHG,,,,
106_0928_1600_9M4VCHG,,,,
107_0928_1600_9M4VCHG,0.10141872609624088,0.27109057178857165,0.5758051364019442,0.3161048114289189
108_0928_1600_9M4VCHG,0.37916331791926616,0.10685304296829469,0.30999893605150414,0.2653384323130217
109_0928_1600_9M4VCHG,0.07855152444167694,0.3330286334794461,0.278492667936897,0.23002427528600666
110_0928_1600_9M4VCHG,0.06842361627431287,0.13493267266491002,0.4568958960895431,0.22008406167625535
111_0928_1600_9M4VCHG,0.4373275948289988,0.2408171973533515,0.5602749247420672,0.41280657230813916
112_0928_1600_9M4VCHG,,,,
113_0928_1600_9M4VCHG,,,,
115_0928_1600_9M4VCHG,,,,
116_0928_1600_9M4VCHG,0.26256758531114655,0.19644325971580634,0.2623097022911002,0.24044018243935103
117_0928_1600_9M4VCHG,0.14202907225353295,0.18872710641165902,0.20707775067128853,0.17927797644549348
118_0928_1600_9M4VCHG,,,,
119_0928_1600_9M4VCHG,,,,
120_0928_1600_9M4VCHG,0.17028363676454653,0.43422326121502924,0.4435277942975468,0.34934489742570757
121_0928_1600_9M4VCHG,0.3109133543770756,0.3773599176721352,0.32307899487546404,0.33711742230822495
122_0928_1600_9M4VCHG,,,,
123_0928_1600_9M4VCHG,,,,
124_0928_1600_9M4VCHG,0.22931343509820665,0.21135703829445604,0.3961922281047388,0.27895423383246715
125_0928_1600_9M4VCHG,0.3137707626617667,0.32548464421795015,0.4630325294601776,0.36742931211329816
126_0928_1600_9M4VCHG,0.036897698205602784,0.11734707933561066,0.24789223895902687,0.13404567216674676
127_0928_1600_9M4VCHG,0.1631182625097912,0.2050076298995013,0.25683235608410776,0.20831941616446673
129_0928_1600_9M4VCHG,0.09268047611835524,0.1287004041974867,0.544152425601304,0.2551777686390486
130_0928_1600_9M4VCHG,0.04476014771629502,0.2892518151184718,0.5589335014980287,0.29764848811093186
131_0928_1600_9M4VCHG,0.5104708618788253,0.2162020363906072,0.4510964731150568,0.3925897904614964
132_0928_1600_9M4VCHG,0.34737376958591293,0.20699003940913072,0.39408929994388253,0.3161510363129754
133_0928_1600_9M4VCHG,0.24013237795085748,0.18574867818777427,0.5097289247315456,0.31186999362339246
134_0928_1600_9M4VCHG,0.26347227668690226,0.1538094267325895,0.13571520877696966,0.18433230406548715
135_0928_1600_9M4VCHG,0.27577693563908773,0.45982171485362805,0.4247261741346018,0.38677494154243924
136_0928_1600_9M4VCHG,0.2749833696556076,0.08187905248350044,0.3808739077376655,0.2459121099589245
137_0928_1600_9M4VCHG,,,,
138_0928_1600_9M4VCHG,0.4557385109732352,0.49559438777177295,0.3725279176111648,0.441286938785391
3_0928_1600_U9TEJGM,0.25070303630056184,0.49916514788214145,0.420619267264853,0.3901624838158521
5_0928_1600_U9TEJGM,0.13209678285007023,0.5200307353044814,0.4832852673745729,0.37847092850970815
6_0928_1600_U9TEJGM,0.3454563575262031,0.30622821169243875,0.39240143247377063,0.34802866723080417
8_0928_1600_U9TEJGM,0.1947554051851406,0.6816879620239433,0.5893823940524238,0.48860858708716925
10_0928_1600_U9TEJGM,0.1444431591850853,0.6206637837069708,0.7513827643247977,0.5054965690722847
12_0928_1600_U9TEJGM,0.24986991547767456,0.5867661307680637,0.4351332289375079,0.4239230917277487
13_0928_1600_U9TEJGM,0.0523473338788373,0.4834296626200934,0.6798540827846092,0.40521035976118
14_0928_1600_U9TEJGM,0.42569524740458703,0.51081713124931,0.2031739726690284,0.3798954504409752
15_0928_1600_U9TEJGM,0.3414092886726668,0.27988741555552304,0.5805692200067919,0.4006219747449939
17_0928_1600_U9TEJGM,0.3201398352216965,0.4831790558141729,0.6084049757398758,0.47057462225858177
18_0928_1600_U9TEJGM,0.13276143476404742,0.7225513036379979,0.6255670108444048,0.49362658308215
19_0928_1600_U9TEJGM,0.19260695967350597,0.6292135803295518,0.7003867698323223,0.5074024366117933
20_0928_1600_U9TEJGM,,,,
21_0928_1600_U9TEJGM,0.15233725269185885,0.6219564014825939,0.7377498733493102,0.5040145091745877
22_0928_1600_U9TEJGM,0.1284835837124324,0.7569700919728918,0.7817566928701924,0.5557367895185056
23_0928_1600_U9TEJGM,0.15300103347435232,0.3998362181514446,0.5509384150226145,0.3679252222161371
24_0928_1600_U9TEJGM,0.0855336656654997,0.6021510747280745,0.6848430335942353,0.4575092579959365
25_0928_1600_U9TEJGM,0.12280097013225988,0.6156454331841105,0.37952599380469776,0.3726574657070227
26_0928_1600_U9TEJGM,0.166432809803604,0.4546379788697621,0.5483378266679696,0.3898028717804452
27_0928_1600_U9TEJGM,0.15565531968357427,0.5706699761804601,0.5168324568560412,0.4143859175733586
28_0928_1600_U9TEJGM,0.3464777869957582,0.6517564839949527,0.6925676863454694,0.5636006524453934
29_0928_1600_U9TEJGM,0.16405015395191422,0.5991849887069822,0.6938113093263509,0.4856821506617492
31_0928_1600_U9TEJGM,0.33578232840408756,0.5412604438832204,0.6140755619973041,0.4970394447615374
32_0928_1600_U9TEJGM,0.16784349109902005,0.6263957859422585,0.6435859534893945,0.4792750768435577
33_0928_1600_U9TEJGM,,,,
34_0928_1600_U9TEJGM,0.0721238957909348,0.6438166756425304,0.7549358702556949,0.49029214722972
36_0928_1600_U9TEJGM,,,,
38_0928_1600_U9TEJGM,0.08031044107685138,0.6696488098028425,0.7516330389336829,0.5005307632711257
40_0928_1600_U9TEJGM,0.25471074537660016,0.764041286654947,0.8364825359672361,0.6184115226662611
41_0928_1600_U9TEJGM,,,,
42_0928_1600_U9TEJGM,0.12918841330324246,0.29696932380514984,0.663693809348604,0.36328384881899883
43_0928_1600_U9TEJGM,0.2538750101256421,0.5239062939772614,0.7231327198952796,0.5003046746660611
44_0928_1600_U9TEJGM,0.21790243530427644,0.46919124989578753,0.5781921283068633,0.42176193783564236
45_0928_1600_U9TEJGM,0.30149038847910176,0.5520165660118311,0.7279750719753236,0.5271606754887522
46_0928_1600_U9TEJGM,0.34727246652260196,0.7644516669615234,0.7559347323923887,0.6225529552921714
48_0928_1600_U9TEJGM,0.14422347165058694,0.6210635488240898,0.6916764391729481,0.4856544865492083
49_0928_1600_U9TEJGM,,,,
51_0928_1600_U9TEJGM,0.11224451709353529,0.7186045633430815,0.6633863319617724,0.49807847079946316
54_0928_1600_U9TEJGM,0.08547855598115316,0.5898324197727293,0.6356036927612901,0.4369715561717242
56_0928_1600_U9TEJGM,0.24102648304995747,0.8291387917688692,0.6557614009591802,0.5753088919260022
57_0928_1600_U9TEJGM,,,,
58_0928_1600_U9TEJGM,0.22295701525151046,0.5544479856672784,0.5769544808606346,0.45145316059314117
60_0928_1600_U9TEJGM,,,,
61_0928_1600_U9TEJGM,,,,
63_0928_1600_U9TEJGM,0.0625836960620139,0.8162858740197736,0.6097963866162323,0.49622198556600655
64_0928_1600_U9TEJGM,0.3824586862321357,0.7660691879858484,0.7912542253239166,0.6465940331806336
65_0928_1600_U9TEJGM,,,,
66_0928_1600_U9TEJGM,0.16013691010248937,0.6144757824170738,0.5440744722561016,0.4395623882585549
67_0928_1600_U9TEJGM,0.14118580309656872,0.5497698796577595,0.6112462168573641,0.43406729987056414
69_0928_1600_U9TEJGM,,,,
70_0928_1600_U9TEJGM,0.40210482243586004,0.33722571219449843,0.7556689480052879,0.49833316087854884
71_0928_1600_U9TEJGM,0.25900383781374026,0.4613117243127798,0.4475309901185942,0.38928218408170473
72_0928_1600_U9TEJGM,0.23412580872866032,0.5747363541216979,0.49510341686288095,0.4346551932377463
73_0928_1600_U9TEJGM,0.310138525098315,0.4100921795653358,0.7626604440312968,0.49429704956498255
74_0928_1600_U9TEJGM,0.0850136844968778,0.7143609793217455,0.4253518996806851,0.4082421878331028
75_0928_1600_U9TEJGM,0.2085014876087132,0.593628735022573,0.6864889103862698,0.4962063776725187
76_0928_1600_U9TEJGM,0.05104669018585133,0.5751226986721588,0.6508607223743978,0.425676703744136
77_0928_1600_U9TEJGM,,,,
78_0928_1600_U9TEJGM,0.14497426698417887,0.38846222372399386,0.5953327921942768,0.37625642763414985
79_0928_1600_U9TEJGM,0.15904670452781053,0.5938215244305548,0.7097983185790762,0.48755551584581386
80_0928_1600_U9TEJGM,0.14256729630979617,0.5889949035450447,0.5648529024761478,0.4321383674436629
81_0928_1600_U9TEJGM,0.16617996973938146,0.6438407400440475,0.5934619234340318,0.4678275444058202
85_0928_1600_U9TEJGM,0.3649418378033014,0.2436685436057464,0.8092293067217723,0.47261322937694006
86_0928_1600_U9TEJGM,,,,
87_0928_1600_U9TEJGM,,,,
92_0928_1600_U9TEJGM,0.22055943243391918,0.39389138976624655,0.5166791759352769,0.37704333271181417
93_0928_1600_U9TEJGM,,,,
94_0928_1600_U9TEJGM,0.1089915276590558,0.3306435185174053,0.6219447614935061,0.35385993588998904
95_0928_1600_U9TEJGM,0.3799352074905002,0.412704647449684,0.7447257612909001,0.5124552054103614
96_0928_1600_U9TEJGM,,,,
98_0928_1600_U9TEJGM,,,,
99_0928_1600_U9TEJGM,,,,
100_0928_1600_U9TEJGM,,,,
101_0928_1600_U9TEJGM,0.16358887215630566,0.39315184235900347,0.525873108518902,0.3608712743447371
102_0928_1600_U9TEJGM,0.1528804424681887,0.2869756055888306,0.31449336287208474,0.25144980364303465
103_0928_1600_U9TEJGM,,,,
105_0928_1600_U9TEJGM,,,,
106_0928_1600_U9TEJGM,0.08245863430590418,0.7079208288339706,0.6385455311082718,0.47630833141604884
110_0928_1600_U9TEJGM,,,,
111_0928_1600_U9TEJGM,,,,
112_0928_1600_U9TEJGM,,,,
114_0928_1600_U9TEJGM,,,,
115_0928_1600_U9TEJGM,0.12133633496372316,0.767536183272474,0.5257663731422761,0.47154629712615775
116_0928_1600_U9TEJGM,,,,
118_0928_1600_U9TEJGM,0.14256045595494138,0.5831839644569062,0.6681104835056845,0.46461830130584403
119_0928_1600_U9TEJGM,0.06626430017337236,0.5242507582001698,0.7795018327169899,0.45667229703017737
121_0928_1600_U9TEJGM,0.12540813229358558,0.4583917929104731,0.7041073722688979,0.42930243249098554
122_0928_1600_U9TEJGM,,,,
124_0928_1600_U9TEJGM,0.11833960196447722,0.7445298561470802,0.4528234589111488,0.43856430567423543
125_0928_1600_U9TEJGM,0.17135556680275618,0.513285019758369,0.7465136151573759,0.47705140057283374
126_0928_1600_U9TEJGM,,,,
127_0928_1600_U9TEJGM,,,,
128_0928_1600_U9TEJGM,0.10788484103842944,0.4728870796285482,0.6689450262760319,0.4165723156476699
130_0928_1600_U9TEJGM,0.09628113726836052,0.5700024157706006,0.5248308053766843,0.3970381194718818
131_0928_1600_U9TEJGM,,,,
132_0928_1600_U9TEJGM,,,,
0_0930_1700_539136F,0.3407308471676121,0.3929044237801078,0.3115994367850039,0.34841156924424127
1_0930_1700_539136F,0.15100321814559522,0.34599762639615567,0.10391352160082834,0.20030478871419308
2_0930_1700_539136F,,,,
3_0930_1700_539136F,0.14128649751557532,0.48459003399689377,0.1836181865846819,0.2698315726990503
4_0930_1700_539136F,,,,
5_0930_1700_539136F,,,,
6_0930_1700_539136F,0.06566331095794935,0.3848332721099255,0.012873047797890806,0.15445654362192188
7_0930_1700_539136F,,,,
8_0930_1700_539136F,0.18128367263032605,0.4123169928161798,0.05715634493570373,0.21691900346073653
9_0930_1700_539136F,0.34905555517842285,0.43706982123530186,0.17974480770236245,0.32195672803869574
10_0930_1700_539136F,0.127463432203365,0.45251032380623396,0.15773491300538067,0.24590288967165988
11_0930_1700_539136F,,,,
12_0930_1700_539136F,,,,
13_0930_1700_539136F,,,,
14_0930_1700_539136F,,,,
15_0930_1700_539136F,,,,
16_0930_1700_539136F,,,,
17_0930_1700_539136F,,,,
18_0930_1700_539136F,,,,
19_0930_1700_539136F,,,,
20_0930_1700_539136F,,,,
21_0930_1700_539136F,,,,
22_0930_1700_539136F,,,,
23_0930_1700_539136F,,,,
24_0930_1700_539136F,,,,
25_0930_1700_539136F,0.18677731850945067,0.3687502168901074,0.12033592933860877,0.22528782157938898
26_0930_1700_539136F,,,,
27_0930_1700_539136F,,,,
28_0930_1700_539136F,,,,
29_0930_1700_539136F,,,,
30_0930_1700_539136F,,,,
31_0930_1700_539136F,0.16666251198753856,0.23367440370992978,0.30571659954592906,0.2353511717477991
32_0930_1700_539136F,,,,
33_0930_1700_539136F,,,,
34_0930_1700_539136F,,,,
35_0930_1700_539136F,,,,
36_0930_1700_539136F,,,,
37_0930_1700_539136F,,,,
38_0930_1700_539136F,,,,
39_0930_1700_539136F,,,,
40_0930_1700_539136F,0.17470822022796853,0.45205029336076336,0.07835375318918274,0.23503742225930488
41_0930_1700_539136F,,,,
42_0930_1700_539136F,0.2647403703993429,0.36085887511315135,0.19346392463728224,0.27302105671659216
43_0930_1700_539136F,,,,
44_0930_1700_539136F,,,,
45_0930_1700_539136F,,,,
46_0930_1700_539136F,,,,
47_0930_1700_539136F,,,,
48_0930_1700_539136F,,,,
49_0930_1700_539136F,0.1476583679973615,0.22848888240786178,0.13927188492477546,0.1718063784433329
50_0930_1700_539136F,,,,
51_0930_1700_539136F,0.14221670702287817,0.2523547399188744,0.3040342318994269,0.23286855961372652
52_0930_1700_539136F,,,,
53_0930_1700_539136F,,,,
54_0930_1700_539136F,0.11810176999346135,0.17704052325805897,0.15132043324340447,0.1488209088316416
55_0930_1700_539136F,,,,
56_0930_1700_539136F,,,,
57_0930_1700_539136F,,,,
58_0930_1700_539136F,,,,
59_0930_1700_539136F,,,,
60_0930_1700_539136F,,,,
61_0930_1700_539136F,,,,
62_0930_1700_539136F,,,,
63_0930_1700_539136F,0.1496211813516732,0.12933232811000203,0.25405468631401007,0.17766939859189512
64_0930_1700_539136F,,,,
65_0930_1700_539136F,,,,
66_0930_1700_539136F,,,,
67_0930_1700_539136F,,,,
68_0930_1700_539136F,,,,
69_0930_1700_539136F,,,,
70_0930_1700_539136F,,,,
71_0930_1700_539136F,,,,
72_0930_1700_539136F,,,,
73_0930_1700_539136F,,,,
74_0930_1700_539136F,,,,
75_0930_1700_539136F,0.2547061339729827,0.23445030923520194,0.1983257685983819,0.22916073726885552
76_0930_1700_539136F,,,,
77_0930_1700_539136F,,,,
78_0930_1700_539136F,,,,
79_0930_1700_539136F,,,,
80_0930_1700_539136F,,,,
81_0930_1700_539136F,,,,
82_0930_1700_539136F,,,,
83_0930_1700_539136F,,,,
84_0930_1700_539136F,0.29574894949840963,0.12349659012185475,0.2396038876663542,0.2196164757622062
85_0930_1700_539136F,,,,
86_0930_1700_539136F,0.276865409460291,0.7328872723332892,0.17770023012540928,0.39581763730632985
87_0930_1700_539136F,,,,
88_0930_1700_539136F,,,,
89_0930_1700_539136F,,,,
90_0930_1700_539136F,,,,
91_0930_1700_539136F,,,,
92_0930_1700_539136F,,,,
93_0930_1700_539136F,,,,
94_0930_1700_539136F,,,,
95_0930_1700_539136F,,,,
96_0930_1700_539136F,,,,
97_0930_1700_539136F,,,,
98_0930_1700_539136F,,,,
99_0930_1700_539136F,0.09964467461068433,0.4026193324061998,0.07552800807380018,0.19259733836356144
100_0930_1700_539136F,,,,
101_0930_1700_539136F,,,,
102_0930_1700_539136F,,,,
103_0930_1700_539136F,,,,
104_0930_1700_539136F,,,,
105_0930_1700_539136F,,,,
106_0930_1700_539136F,0.014835487479637683,0.16935065045484468,0.039559685089175796,0.07458194100788605
107_0930_1700_539136F,,,,
108_0930_1700_539136F,,,,
109_0930_1700_539136F,,,,
110_0930_1700_539136F,,,,
111_0930_1700_539136F,,,,
112_0930_1700_539136F,,,,
113_0930_1700_539136F,0.25733177117873646,0.44552627742811834,0.26613300054607614,0.3229970163843103
114_0930_1700_539136F,,,,
115_0930_1700_539136F,,,,
116_0930_1700_539136F,,,,
117_0930_1700_539136F,,,,
118_0930_1700_539136F,,,,
119_0930_1700_539136F,,,,
120_0930_1700_539136F,,,,
121_0930_1700_539136F,,,,
122_0930_1700_539136F,,,,
123_0930_1700_539136F,,,,
124_0930_1700_539136F,,,,
125_0930_1700_539136F,,,,
126_0930_1700_539136F,,,,
127_0930_1700_539136F,,,,
128_0930_1700_539136F,0.2025926997415047,0.5629852582408832,0.20310881250169843,0.3228955901613621
129_0930_1700_539136F,,,,
130_0930_1700_539136F,,,,
131_0930_1700_539136F,,,,
1_0930_1700_9M4VCHG,0.2668643610638229,0.15656695931756748,0.061146528458542036,0.1615259496133108
2_0930_1700_9M4VCHG,0.21229079547792465,0.2024602848151658,0.11251670658164852,0.17575592895824632
3_0930_1700_9M4VCHG,0.1940186186087054,0.11524428736870417,0.028970352965389287,0.11274441964759963
4_0930_1700_9M4VCHG,0.21514958878316778,0.4513191252358191,0.21659735851685954,0.2943553575119488
5_0930_1700_9M4VCHG,0.33231466703243945,0.39356960390176293,0.24663681156899142,0.3241736941677313
6_0930_1700_9M4VCHG,0.07781574353469602,0.1873483664960515,0.1441818724245224,0.1364486608184233
7_0930_1700_9M4VCHG,0.30968727319526607,0.2686092590097629,0.20767504195908215,0.26199052472137035
8_0930_1700_9M4VCHG,0.162631263857146,0.13426137221725737,0.21269743057198273,0.16986335554879536
9_0930_1700_9M4VCHG,0.15075793620061603,0.3017886905423183,0.14249622612767007,0.1983476176235348
10_0930_1700_9M4VCHG,0.14991874434051936,0.411613856260359,0.1280787584191236,0.22987045300666734
11_0930_1700_9M4VCHG,0.14750062091413818,0.16726693300750958,0.2416720525950257,0.18547986883889114
12_0930_1700_9M4VCHG,0.0819237852690851,0.48764060243666457,0.2173567462376104,0.2623070446477867
13_0930_1700_9M4VCHG,0.05668680942414184,0.23479865006358525,0.33914604971223367,0.2102105030666536
15_0930_1700_9M4VCHG,0.1510972953491725,0.2818492323911108,0.033544438394888604,0.155496988711724
16_0930_1700_9M4VCHG,0.07566869988151191,0.10845699140188748,0.025521775834540395,0.06988248903931327
17_0930_1700_9M4VCHG,0.10499308643441167,0.4833305132450383,0.2320106393269953,0.2734447463354817
18_0930_1700_9M4VCHG,0.07997647398965155,0.199444533926974,0.16166281864267032,0.14702794218643198
19_0930_1700_9M4VCHG,0.060483063980710995,0.1481400414670302,0.03517810588482905,0.08126707044419008
20_0930_1700_9M4VCHG,0.13791324264861113,0.22330696743201803,0.05758390136686859,0.13960137048249924
21_0930_1700_9M4VCHG,0.3402816634045896,0.38142477736238484,0.3616006311654902,0.3611023573108216
22_0930_1700_9M4VCHG,0.09387634763050773,0.10807019681353687,0.03961394567407032,0.08052016337270497
23_0930_1700_9M4VCHG,0.06166428081125155,0.24636362953816024,0.291110147197156,0.19971268584885593
24_0930_1700_9M4VCHG,0.07112260941540939,0.10640486109181452,0.0820285403120982,0.08651867027310738
25_0930_1700_9M4VCHG,,,,
26_0930_1700_9M4VCHG,,,,
27_0930_1700_9M4VCHG,0.07151620916624395,0.1428297524954181,0.13173496347781147,0.11536030837982451
28_0930_1700_9M4VCHG,0.1914384980146037,0.21651987297897757,0.20317468929502888,0.20371102009620337
29_0930_1700_9M4VCHG,,,,
30_0930_1700_9M4VCHG,0.2668776795786712,0.3738240071117827,0.21711246619604005,0.2859380509621647
31_0930_1700_9M4VCHG,0.13126174573284924,0.26073838992975873,0.2698129109422329,0.2206043488682803
32_0930_1700_9M4VCHG,,,,
33_0930_1700_9M4VCHG,0.14154566626305945,0.44505096650477133,0.053589318735060655,0.2133953171676305
34_0930_1700_9M4VCHG,0.15579462114236386,0.3745408286218083,0.42792397561842327,0.3194198084608651
35_0930_1700_9M4VCHG,,,,
36_0930_1700_9M4VCHG,0.38477167256274547,0.42292102499950196,0.1176793483589001,0.3084573486403825
37_0930_1700_9M4VCHG,,,,
38_0930_1700_9M4VCHG,0.14867935284787406,0.39323414187547173,0.39287345533440404,0.31159565001925
39_0930_1700_9M4VCHG,0.13090702414083896,0.12357761755188586,0.34738322965365714,0.20062262378212734
40_0930_1700_9M4VCHG,0.21641599211716234,0.30143211855595614,0.20217882062025738,0.24000897709779198
41_0930_1700_9M4VCHG,,,,
42_0930_1700_9M4VCHG,0.12404105942351545,0.13415690554168594,0.033640073946074975,0.0972793463037588
43_0930_1700_9M4VCHG,0.11096215621195145,0.10678620972454274,0.0875739249283836,0.10177409695495926
44_0930_1700_9M4VCHG,0.33664169387727055,0.3001736850206462,0.14195698787693753,0.2595907889249514
45_0930_1700_9M4VCHG,0.07339401435815722,0.3245373615175362,0.16563689796574507,0.1878560912804795
46_0930_1700_9M4VCHG,0.17513974252681863,0.4804886651774228,0.15633474175956477,0.27065438315460205
47_0930_1700_9M4VCHG,0.24930285143128694,0.3402784847933001,0.30887233160046895,0.29948455594168527
48_0930_1700_9M4VCHG,0.10995042740658285,0.28448720047283205,0.19324235631068412,0.19589332806336635
49_0930_1700_9M4VCHG,0.20605786586254335,0.2730786960211814,0.19922772859985519,0.22612143016119332
50_0930_1700_9M4VCHG,,,,
51_0930_1700_9M4VCHG,0.2236441701047588,0.3762528432580316,0.5439056401460659,0.3812675511696188
52_0930_1700_9M4VCHG,0.11807037218312107,0.3225324564159649,0.26699702433285494,0.23586661764398031
53_0930_1700_9M4VCHG,0.05755604039283413,0.33940642903307666,0.13354008929830377,0.17683418624140487
54_0930_1700_9M4VCHG,0.23635231458779196,0.442926346733264,0.15986156108973978,0.27971340747026524
55_0930_1700_9M4VCHG,0.2414351958091284,0.21268867266396688,0.24795328405846143,0.2340257175105189
56_0930_1700_9M4VCHG,,,,
57_0930_1700_9M4VCHG,,,,
58_0930_1700_9M4VCHG,0.1544405525472489,0.28734521026193044,0.3338158061964716,0.258533856335217
59_0930_1700_9M4VCHG,,,,
60_0930_1700_9M4VCHG,0.29130832710546234,0.14670433945369532,0.19219043398608515,0.2100677001817476
61_0930_1700_9M4VCHG,0.031591358145233284,0.15763225001660677,0.3339208418121826,0.1743814833246742
62_0930_1700_9M4VCHG,0.1332134521585487,0.4390307257075518,0.4318728371328518,0.33470567166631743
63_0930_1700_9M4VCHG,0.1222981069358091,0.150931141803844,0.08883255380443562,0.12068726751469623
64_0930_1700_9M4VCHG,,,,
65_0930_1700_9M4VCHG,0.19191639751418998,0.1357912676125733,0.19123256685972215,0.17298007732882847
66_0930_1700_9M4VCHG,0.13285649266786867,0.13560996471825934,0.14606804519771838,0.1381781675279488
67_0930_1700_9M4VCHG,0.06579004408221077,0.04170676895978767,0.16455014376588464,0.09068231893596103
68_0930_1700_9M4VCHG,,,,
69_0930_1700_9M4VCHG,0.2784313986702028,0.34920612229330517,0.09825830475301478,0.2419652752388409
70_0930_1700_9M4VCHG,0.20925466449605912,0.3720185685005401,0.15814329257048176,0.246472175189027
71_0930_1700_9M4VCHG,0.19813355742352337,0.20705881630347048,0.3914299731370207,0.2655407822880049
73_0930_1700_9M4VCHG,0.15746806168122304,0.25029288023167756,0.3912686936623042,0.2663432118584016
74_0930_1700_9M4VCHG,,,,
75_0930_1700_9M4VCHG,0.3270379067430272,0.2265384493508583,0.5445967637474624,0.3660577066137826
76_0930_1700_9M4VCHG,0.09843855027509495,0.12170661120122254,0.123712513865749,0.11461922511402216
77_0930_1700_9M4VCHG,0.18724779083831167,0.1502780429539136,0.21217904009116606,0.18323495796113043
78_0930_1700_9M4VCHG,0.18835973338139592,0.4280095964378881,0.13408252766345177,0.2501506191609119
79_0930_1700_9M4VCHG,0.2573382505317276,0.5355021707989304,0.34198448624883215,0.37827496919316334
80_0930_1700_9M4VCHG,0.13845844462898507,0.21752692598982917,0.46870234189783355,0.27489590417221593
81_0930_1700_9M4VCHG,0.19459960841360432,0.3472704827108693,0.19343470513456815,0.24510159875301393
82_0930_1700_9M4VCHG,0.12181330355105953,0.26808032235166296,0.07494634576357484,0.1549466572220991
83_0930_1700_9M4VCHG,0.1600831432670641,0.05729268404009238,0.04974452939655513,0.0890401189012372
84_0930_1700_9M4VCHG,0.09103868810570677,0.17392644353992648,0.22986461784393017,0.16494324982985445
85_0930_1700_9M4VCHG,0.09337357064676555,0.15165296130902342,0.11610586292053222,0.12037746495877373
86_0930_1700_9M4VCHG,,,,
87_0930_1700_9M4VCHG,0.16670560281451222,0.02448791432148306,0.33327298089793095,0.17482216601130873
88_0930_1700_9M4VCHG,0.1550117902586887,0.4666589513893864,0.1577565148395413,0.25980908549587217
89_0930_1700_9M4VCHG,0.16630577317230844,0.036396116629421264,0.21294427629219467,0.1385487220313081
90_0930_1700_9M4VCHG,0.1770082006279747,0.17050594474915326,0.18769967946971436,0.17840460828228077
91_0930_1700_9M4VCHG,0.2512481762383482,0.07759695487007927,0.16706930092711048,0.16530481067851266
92_0930_1700_9M4VCHG,0.25918489534985983,0.16895698242613555,0.27410105960333087,0.23408097912644207
93_0930_1700_9M4VCHG,0.1229326309409078,0.06541492937256183,0.03972664512059973,0.07602473514468978
94_0930_1700_9M4VCHG,0.046673873788168646,0.17056910742332654,0.1395442483593163,0.11892907652360384
95_0930_1700_9M4VCHG,0.2268555462815578,0.24593896713234564,0.206791812063879,0.22652877515926081
96_0930_1700_9M4VCHG,0.300814293447008,0.2815311584412792,0.3918612351961181,0.32473556236146844
98_0930_1700_9M4VCHG,0.25349234900345397,0.19516888665870544,0.24373977698675198,0.23080033754963714
99_0930_1700_9M4VCHG,0.15721818374231075,0.13894134890265877,0.08293429303909987,0.12636460856135648
100_0930_1700_9M4VCHG,0.18126649462172595,0.3544271368699657,0.1688032288314536,0.23483228677438173
101_0930_1700_9M4VCHG,0.16272342942052795,0.26830035743772745,0.3175557608490777,0.24952651590244437
102_0930_1700_9M4VCHG,0.30084802979832953,0.523618650380245,0.09927826712395045,0.307914982434175
103_0930_1700_9M4VCHG,0.08168102622825746,0.3226428074393231,0.07898174803597276,0.1611018605678511
104_0930_1700_9M4VCHG,0.33223721981131143,0.31453108748681335,0.12416142935324696,0.25697657888379055
105_0930_1700_9M4VCHG,0.09091663118042152,0.3290809063618101,0.25241628760359774,0.22413794171527646
106_0930_1700_9M4VCHG,0.08520139957173621,0.1469660678639342,0.3279860982056197,0.18671785521376338
107_0930_1700_9M4VCHG,0.12961870603738204,0.3059193261706062,0.3433167392916819,0.2596182571665567
108_0930_1700_9M4VCHG,0.143728983365313,0.17805385724536482,0.30937921269094676,0.21038735110054155
109_0930_1700_9M4VCHG,0.2425258373607623,0.4937208279510199,0.4325128398061571,0.3895865017059798
110_0930_1700_9M4VCHG,0.40846611719628606,0.29419260466353836,0.10524017098087313,0.2692996309468992
111_0930_1700_9M4VCHG,0.06310494180298433,0.13431101520547326,0.15925844010678591,0.11889146570508118
112_0930_1700_9M4VCHG,0.2877536391517979,0.5443595201774493,0.2587210429968747,0.36361140077537396
113_0930_1700_9M4VCHG,0.08197192129197038,0.20924953082260353,0.11866472716942765,0.13662872642800053
114_0930_1700_9M4VCHG,0.07802803461341762,0.3604829738806184,0.046684906209628806,0.16173197156788827
115_0930_1700_9M4VCHG,0.12821961221741546,0.32124436393963723,0.10717488686178582,0.18554628767294615
116_0930_1700_9M4VCHG,0.10426780642319011,0.29217698417360743,0.08187835650895518,0.15944104903525091
117_0930_1700_9M4VCHG,0.30528143881478037,0.2571187030912933,0.28296793328391007,0.28178935839666125
118_0930_1700_9M4VCHG,0.11709772800854858,0.5025179086502388,0.6398872837645032,0.4198343068077635
119_0930_1700_9M4VCHG,,,,
120_0930_1700_9M4VCHG,0.485523626120159,0.5057187783073641,0.3125369190406808,0.4345931078227346
121_0930_1700_9M4VCHG,0.13496980632656924,0.05895100104523948,0.5300884903169892,0.24133643256293266
122_0930_1700_9M4VCHG,0.028445063345154408,0.39204302511528205,0.18680165891605907,0.20242991579216518
123_0930_1700_9M4VCHG,0.3842723515883521,0.47971984123905403,0.25265948347600137,0.37221722543446917
124_0930_1700_9M4VCHG,,,,
125_0930_1700_9M4VCHG,,,,
126_0930_1700_9M4VCHG,,,,
127_0930_1700_9M4VCHG,0.2623041353211782,0.285730637897402,0.28925977912461714,0.27909818411439913
128_0930_1700_9M4VCHG,,,,
129_0930_1700_9M4VCHG,0.06828995944849135,0.36400585462283436,0.19690376363934947,0.20973319257022505
130_0930_1700_9M4VCHG,0.22377188935997352,0.2373608841631137,0.10523837502000877,0.18879038284769867
131_0930_1700_9M4VCHG,,,,
132_0930_1700_9M4VCHG,0.2258523321504048,0.42594047910617405,0.02249568373455808,0.22476283166371233
133_0930_1700_9M4VCHG,0.2165434407004834,0.11086686452297793,0.15517617831797434,0.16086216118047855
134_0930_1700_9M4VCHG,,,,
135_0930_1700_9M4VCHG,0.1949665514460023,0.07424526842415148,0.12230965281956431,0.13050715756323936
1_0930_1700_U9TEJGM,0.4901028133249475,0.35209038792331193,0.3998502288192563,0.41401447668917185
2_0930_1700_U9TEJGM,0.6725415636972322,0.7506445182378475,0.5204118047175242,0.6478659622175346
3_0930_1700_U9TEJGM,0.5540957474140741,0.5412035346000869,0.32810260541839337,0.4744672958108514
4_0930_1700_U9TEJGM,0.6453796235498094,0.42882798082547624,0.1442050118438144,0.4061375387397
5_0930_1700_U9TEJGM,0.5473524009355589,0.5120407687032077,0.1874899097867201,0.41562769314182885
6_0930_1700_U9TEJGM,0.4429874489750345,0.5060806503388225,0.48786003135590744,0.4789760435565882
7_0930_1700_U9TEJGM,0.6262220339633303,0.4176778059091581,0.4829451850362356,0.5089483416362414
8_0930_1700_U9TEJGM,0.7101993109237492,0.48929087317590564,0.447092866975432,0.5488610170250289
9_0930_1700_U9TEJGM,0.09226878316235015,0.0781843497318232,0.08934613043950328,0.08659975444455888
10_0930_1700_U9TEJGM,0.5430586447412385,0.3924963034376237,0.5034971020797608,0.4796840167528744
11_0930_1700_U9TEJGM,0.39853449958380455,0.6251605655577976,0.38800997584675717,0.47056834699611977
12_0930_1700_U9TEJGM,0.5118373071110701,0.5366751692431073,0.23329631574390275,0.42726959736602677
13_0930_1700_U9TEJGM,0.3726168399210099,0.5864463230580047,0.34384462757762657,0.4343025968522138
14_0930_1700_U9TEJGM,0.5062747661936559,0.5414899656536442,0.31497182771519416,0.45424551985416467
15_0930_1700_U9TEJGM,0.43006458234780537,0.5239581689862726,0.3164506116779511,0.4234911210040097
16_0930_1700_U9TEJGM,0.326207749442792,0.6057240703994268,0.3937798184843369,0.44190387944218523
17_0930_1700_U9TEJGM,0.239937202375351,0.39719867196516345,0.21842588301901197,0.2851872524531755
18_0930_1700_U9TEJGM,,,,
19_0930_1700_U9TEJGM,0.28368118641844947,0.43164243253658613,0.33441219909697617,0.3499119393506706
20_0930_1700_U9TEJGM,0.7336630709446582,0.6636405553932637,0.492496827654263,0.6299334846640616
21_0930_1700_U9TEJGM,0.30082320810871543,0.6105455572694036,0.4767899678172823,0.46271957773180045
22_0930_1700_U9TEJGM,0.6902317417396443,0.7113120009049095,0.3297112372097541,0.5770849932847694
23_0930_1700_U9TEJGM,0.3350021148499853,0.43128402303819224,0.4090738404803233,0.391786659456167
25_0930_1700_U9TEJGM,,,,
26_0930_1700_U9TEJGM,0.4422195964667252,0.5970409214632343,0.3410873169759105,0.46011594496862335
27_0930_1700_U9TEJGM,0.5181497957057206,0.372739778799919,0.4531337087862027,0.44800776109728074
28_0930_1700_U9TEJGM,0.36762669472996046,0.277788991615086,0.28236638286248233,0.3092606897358429
29_0930_1700_U9TEJGM,0.29247030424288717,0.34457039082111507,0.6173012360944966,0.418113977052833
30_0930_1700_U9TEJGM,0.654012816926873,0.8559163152110544,0.4275112156043483,0.6458134492474252
31_0930_1700_U9TEJGM,0.4504743624710856,0.6522146481485528,0.37751197380683243,0.4934003281421569
32_0930_1700_U9TEJGM,0.43945170771169856,0.3156776242593238,0.44490314179919094,0.4000108245900711
33_0930_1700_U9TEJGM,0.5015850081319994,0.5449327082052842,0.5958469725578539,0.5474548962983791
34_0930_1700_U9TEJGM,0.6142135481890346,0.6136281122870628,0.36197376590641195,0.5299384754608365
35_0930_1700_U9TEJGM,0.6819548227938507,0.7484696407126187,0.5215842330986193,0.6506695655350295
36_0930_1700_U9TEJGM,0.6110832516182951,0.5940866974773791,0.5782344089199477,0.5944681193385407
37_0930_1700_U9TEJGM,0.34960836020768227,0.39164368034448466,0.2197570578748225,0.3203363661423298
38_0930_1700_U9TEJGM,0.48123692460669004,0.5560018252291293,0.24905992822195078,0.4287662260192567
39_0930_1700_U9TEJGM,0.459284937638371,0.604530958801749,0.4514510225162703,0.5050889729854634
40_0930_1700_U9TEJGM,0.5368605386961703,0.5277611297898958,0.6396862257640685,0.5681026314167116
41_0930_1700_U9TEJGM,0.22625618036502612,0.34199308686861124,0.20119937242105546,0.2564828798848976
42_0930_1700_U9TEJGM,0.44495353995622167,0.5273022634534256,0.3368154768288158,0.436357093412821
43_0930_1700_U9TEJGM,0.4021284606607713,0.43233941094508666,0.1833934314568341,0.3392871010208974
44_0930_1700_U9TEJGM,,,,
45_0930_1700_U9TEJGM,0.622809326474879,0.6015875262521552,0.5782119561663599,0.6008696029644647
46_0930_1700_U9TEJGM,0.1649331573066321,0.208985525025988,0.35014567925087436,0.24135478719449818
47_0930_1700_U9TEJGM,0.14168887292414406,0.554860402349595,0.17552805316580053,0.29069244281317985
48_0930_1700_U9TEJGM,0.6905449964158219,0.8118979941942156,0.5451074541523844,0.6825168149208073
49_0930_1700_U9TEJGM,0.42802302362370215,0.579735810485729,0.5483367259820201,0.5186985200304838
50_0930_1700_U9TEJGM,0.4058632133639297,0.5015649481348049,0.24689232347889264,0.3847734949925424
51_0930_1700_U9TEJGM,0.6132712961022408,0.4783749086895168,0.4276672017061089,0.5064378021659556
52_0930_1700_U9TEJGM,0.6165604499556159,0.5323777774722734,0.25236888219839576,0.46710236987542836
53_0930_1700_U9TEJGM,0.4227085314867343,0.5471593604347699,0.2762645312222562,0.4153774743812535
54_0930_1700_U9TEJGM,0.44642284068381083,0.6901801261533373,0.31681811806300525,0.4844736949667178
55_0930_1700_U9TEJGM,0.30438763822723974,0.5413936071365978,0.2989489285513221,0.38157672463838654
56_0930_1700_U9TEJGM,0.7837675256649073,0.8634855880406027,0.4123846714095401,0.6865459283716834
57_0930_1700_U9TEJGM,0.504426423556183,0.6925704687034967,0.34142869300128403,0.5128085284203212
58_0930_1700_U9TEJGM,0.5408655390168517,0.7486672842690644,0.36463028348095644,0.5513877022556243
59_0930_1700_U9TEJGM,0.22618477244912263,0.4741103304507397,0.23688399499409296,0.3123930326313184
60_0930_1700_U9TEJGM,0.45527008285887094,0.7589818707752246,0.42102831904593696,0.5450934242266775
61_0930_1700_U9TEJGM,0.5133502734783311,0.7000467067730818,0.36796966778406276,0.5271222160118252
62_0930_1700_U9TEJGM,0.6909782257903562,0.6774871530153558,0.533598998039161,0.634021458948291
63_0930_1700_U9TEJGM,0.5393108884428547,0.6268420991777309,0.6262836302468294,0.5974788726224717
64_0930_1700_U9TEJGM,0.18426311994767672,0.456111451936283,0.010145386472910705,0.21683998611895683
65_0930_1700_U9TEJGM,0.5039418966761956,0.7619790650543047,0.6561993812169534,0.6407067809824846
66_0930_1700_U9TEJGM,0.41768703602797297,0.41542414412241074,0.3582856724083138,0.39713228418623253
67_0930_1700_U9TEJGM,,,,
68_0930_1700_U9TEJGM,,,,
69_0930_1700_U9TEJGM,0.7899666022807876,0.6787961781540618,0.5490382409244918,0.6726003404531138
70_0930_1700_U9TEJGM,0.31727320897841876,0.46486636052299773,0.24068653762744383,0.34094203570962006
71_0930_1700_U9TEJGM,0.4296963905064448,0.60316898021523,0.30554287544732966,0.44613608205633487
72_0930_1700_U9TEJGM,0.5037107018926458,0.6681213554276996,0.5348419972163866,0.568891351512244
73_0930_1700_U9TEJGM,0.548844178908022,0.5546028874829251,0.6885437255104948,0.5973302639671473
74_0930_1700_U9TEJGM,0.4523151969467379,0.5212433752035887,0.19706656232075379,0.39020837815702675
75_0930_1700_U9TEJGM,0.3513044520126091,0.6336303163374324,0.4711106043068363,0.4853484575522926
76_0930_1700_U9TEJGM,0.5179570836942861,0.5252925964597054,0.2128715504736749,0.41870707687588876
77_0930_1700_U9TEJGM,,,,
78_0930_1700_U9TEJGM,0.41945469712023825,0.6558300902088993,0.4654349871333244,0.513573258154154
79_0930_1700_U9TEJGM,,,,
80_0930_1700_U9TEJGM,0.6035233930737521,0.6403516181346554,0.5761799787015917,0.6066849966366664
81_0930_1700_U9TEJGM,0.6218747574933413,0.7512514002789068,0.3949181281709002,0.5893480953143828
82_0930_1700_U9TEJGM,0.22025968362754544,0.5541101158940386,0.4281659421670759,0.40084524722955334
83_0930_1700_U9TEJGM,0.45944625129354816,0.49586408161967527,0.32677377801280855,0.4273613703086773
84_0930_1700_U9TEJGM,0.5136646695493208,0.49052447729397813,0.40399459506623375,0.4693945806365109
85_0930_1700_U9TEJGM,0.49805063079673895,0.609662437306285,0.38401245798584654,0.49724184202962357
86_0930_1700_U9TEJGM,,,,
87_0930_1700_U9TEJGM,0.5513485445509292,0.6681623210605169,0.4450472045986493,0.5548526900700318
88_0930_1700_U9TEJGM,0.42321521689321756,0.32402355644787095,0.20464780279265304,0.3172955253779139
89_0930_1700_U9TEJGM,0.5865312538156096,0.4432279209002073,0.41682617028993557,0.4821951150019175
90_0930_1700_U9TEJGM,0.3834810129102846,0.6535809736518955,0.301209803973862,0.4460905968453473
91_0930_1700_U9TEJGM,0.10620219943619384,0.5945830896462074,0.11820966261778491,0.27299831723339535
92_0930_1700_U9TEJGM,0.17312782967426174,0.21060298658178137,0.5134365652823423,0.29905579384612846
93_0930_1700_U9TEJGM,0.6895712302738316,0.7401036283264021,0.3218980804686159,0.5838576463562832
94_0930_1700_U9TEJGM,0.6450314135226435,0.3977059922741173,0.47366436620577046,0.5054672573341771
95_0930_1700_U9TEJGM,0.46829497434671535,0.35109935428854033,0.34664210068452683,0.3886788097732608
96_0930_1700_U9TEJGM,0.32962821845902873,0.3305922134835436,0.2334911023434674,0.29790384476201326
97_0930_1700_U9TEJGM,0.37332470796050177,0.7473335977724034,0.6886801759141754,0.6031128272156935
98_0930_1700_U9TEJGM,0.5776085367307527,0.5393424919368016,0.3626195392383851,0.49319018930197983
99_0930_1700_U9TEJGM,0.3285744209414323,0.34548711662709647,0.5862285477551719,0.4200966951079002
100_0930_1700_U9TEJGM,0.36126991790378066,0.5056775163381838,0.16663882944259092,0.3445287545615185
101_0930_1700_U9TEJGM,0.3102589533366695,0.29958240103429934,0.254341655936172,0.2880610034357136
102_0930_1700_U9TEJGM,0.5074523919908546,0.7672016530530686,0.228311337109016,0.5009884607176464
103_0930_1700_U9TEJGM,0.40545464212854876,0.3944386793188778,0.5506071148992607,0.4501668121155625
104_0930_1700_U9TEJGM,0.1297522827085488,0.4730205367939186,0.10761045841719317,0.2367944259732202
105_0930_1700_U9TEJGM,0.6956965425531925,0.4704561325753796,0.15094403749739965,0.43903223754199056
106_0930_1700_U9TEJGM,0.5769721905708572,0.7606275493791456,0.33194803420862057,0.5565159247195411
107_0930_1700_U9TEJGM,0.20059280407575109,0.5864646143245028,0.23837412558891188,0.34181051466305523
108_0930_1700_U9TEJGM,0.47188547445257917,0.5867161802272041,0.4801491314464963,0.5129169287087598
109_0930_1700_U9TEJGM,,,,
110_0930_1700_U9TEJGM,0.39110657917876396,0.6362201347583137,0.5434057908842239,0.5235775016071006
111_0930_1700_U9TEJGM,0.3168746384973051,0.40592518123933913,0.3158210747594751,0.3462069648320398
112_0930_1700_U9TEJGM,0.45270042956884,0.5929463224823049,0.5176151806912159,0.5210873109141203
113_0930_1700_U9TEJGM,0.4113822079290595,0.6218009415353077,0.4578476146680921,0.4970102547108198
114_0930_1700_U9TEJGM,0.5905191142355105,0.6541808646606276,0.5343067839569281,0.5930022542843555
115_0930_1700_U9TEJGM,0.4805751402525981,0.5514357985231605,0.4164031484894821,0.4828046957550802
116_0930_1700_U9TEJGM,,,,
117_0930_1700_U9TEJGM,0.45091612267003284,0.689319593719172,0.356628550509645,0.4989547556329499
118_0930_1700_U9TEJGM,,,,
119_0930_1700_U9TEJGM,0.20059648190397442,0.29714975004277583,0.16264227990046926,0.22012950394907316
120_0930_1700_U9TEJGM,0.6877540468160186,0.43597131166466707,0.23279943052500865,0.4521749296685648
121_0930_1700_U9TEJGM,0.47750631329874427,0.5967455243169691,0.5893005194538956,0.5545174523565364
122_0930_1700_U9TEJGM,0.5137773286229476,0.44056147912290394,0.2759671816404879,0.4101019964621131
123_0930_1700_U9TEJGM,0.40234787247007997,0.2871230236353321,0.4437354488859328,0.3777354483304483
124_0930_1700_U9TEJGM,0.5393858880945646,0.7715427533600544,0.1690876238022562,0.493338755085625
125_0930_1700_U9TEJGM,0.2583618898837969,0.6371834840054165,0.25266012687450573,0.3827351669212397
126_0930_1700_U9TEJGM,0.4765178895437437,0.7153988813630914,0.4809980010474206,0.5576382573180853
127_0930_1700_U9TEJGM,0.2991714914695737,0.4427324719625023,0.3165357599783503,0.3528132411368088
128_0930_1700_U9TEJGM,0.08168928120205485,0.07584488175199293,0.3606328638777046,0.1727223422772508
129_0930_1700_U9TEJGM,0.4110632405542405,0.2276609078889206,0.17159274685559575,0.2701056317662523
130_0930_1700_U9TEJGM,,,,
131_0930_1700_U9TEJGM,0.2885307688717281,0.3300327484492867,0.19090491653418862,0.26982281128506785
132_0930_1700_U9TEJGM,0.406045458726084,0.11349534898502424,0.37649443981509556,0.29867841584206795
133_0930_1700_U9TEJGM,0.37303750746053616,0.38960629993583556,0.5152726570791072,0.4259721548251596
134_0930_1700_U9TEJGM,0.3472123849727599,0.03083554510461614,0.15059532022107122,0.1762144167661491
1_1005_1600_9M4VCHG,0.4925901164523549,0.3397764137983417,0.4774774695590048,0.4366146666032338
2_1005_1600_9M4VCHG,0.47159670451868735,0.510512277132021,0.49416561400381104,0.4920915318848398
3_1005_1600_9M4VCHG,0.22136332926261124,0.39924550632706274,0.5481741919282964,0.3895943425059902
4_1005_1600_9M4VCHG,0.3436332327419687,0.5040139798135584,0.6018989465133694,0.4831820530229655
5_1005_1600_9M4VCHG,0.05226271946816363,0.29606255181590485,0.32746756262314675,0.22526427796907175
6_1005_1600_9M4VCHG,0.21224602123916547,0.3162158167677622,0.5583851365952488,0.36228232486739215
7_1005_1600_9M4VCHG,0.17759643745726147,0.25325567085987516,0.3888360246259539,0.27322937764769684
8_1005_1600_9M4VCHG,0.39994473114008683,0.34224355300200465,0.6885758771718735,0.476921387104655
9_1005_1600_9M4VCHG,0.44127608592759615,0.2864543330576934,0.4486660393297874,0.39213215277169233
10_1005_1600_9M4VCHG,,,,
11_1005_1600_9M4VCHG,0.45553635052232727,0.24143444690878124,0.6331095071234437,0.4433601015181841
12_1005_1600_9M4VCHG,0.1894366524668751,0.519132301146029,0.4860043358234946,0.3981910964787996
13_1005_1600_9M4VCHG,0.3610056665976851,0.5252372079172551,0.6572887117608246,0.5145105287585883
14_1005_1600_9M4VCHG,0.2025550802564419,0.3765927640631291,0.3864861354081306,0.3218779932425672
16_1005_1600_9M4VCHG,0.13951532380724657,0.4239531856417102,0.5347251426463026,0.36606455069841976
17_1005_1600_9M4VCHG,,,,
18_1005_1600_9M4VCHG,0.19246792096697565,0.29950127185574166,0.29489810120206666,0.26228909800826133
19_1005_1600_9M4VCHG,0.20229536192612393,0.6614548091974368,0.6210762679139079,0.49494214634582284
20_1005_1600_9M4VCHG,0.17871743488927802,0.25749099947812937,0.31737809382780063,0.2511955093984027
21_1005_1600_9M4VCHG,,,,
22_1005_1600_9M4VCHG,0.35485521737365994,0.3671621371613723,0.41338493912380025,0.3784674312196108
23_1005_1600_9M4VCHG,,,,
24_1005_1600_9M4VCHG,,,,
25_1005_1600_9M4VCHG,0.3930944710151409,0.39051746192747844,0.5847371258440207,0.45611635292888003
26_1005_1600_9M4VCHG,,,,
27_1005_1600_9M4VCHG,0.4293707778244042,0.48285612163826136,0.45621168941191964,0.45614619629152836
28_1005_1600_9M4VCHG,0.47834993372875534,0.4241796664382531,0.7595002999380771,0.5540099667016952
29_1005_1600_9M4VCHG,,,,
30_1005_1600_9M4VCHG,,,,
31_1005_1600_9M4VCHG,0.2003684937205873,0.27660459368842644,0.3274311832241564,0.26813475687772337
32_1005_1600_9M4VCHG,,,,
33_1005_1600_9M4VCHG,0.32645100976608804,0.3486139677956996,0.6291566033734247,0.43474052697840415
34_1005_1600_9M4VCHG,0.051402908967640236,0.49670591531748753,0.3837986175042265,0.31063581392978473
35_1005_1600_9M4VCHG,0.31487707304501933,0.17017007594711472,0.681384705094002,0.38881061802871203
36_1005_1600_9M4VCHG,0.4610804882839803,0.2819184164821273,0.6092540276734476,0.45075097747985177
37_1005_1600_9M4VCHG,0.37812052664301005,0.5486249204367271,0.6086861815243175,0.5118105428680182
38_1005_1600_9M4VCHG,0.579147063488462,0.4707326252745739,0.5745013295128232,0.5414603394252864
39_1005_1600_9M4VCHG,0.08011739854922914,0.4877441539331601,0.2706502225517266,0.27950392501137195
40_1005_1600_9M4VCHG,0.6044479019795496,0.3602812004720597,0.6935072415794399,0.5527454480103496
41_1005_1600_9M4VCHG,0.41619944446094054,0.4810201930021171,0.5041915501718273,0.4671370625449616
42_1005_1600_9M4VCHG,,,,
43_1005_1600_9M4VCHG,,,,
44_1005_1600_9M4VCHG,,,,
45_1005_1600_9M4VCHG,0.3595987142483323,0.36317115991795706,0.6508585075059273,0.45787612722407217
46_1005_1600_9M4VCHG,,,,
47_1005_1600_9M4VCHG,,,,
48_1005_1600_9M4VCHG,0.14086349800670758,0.30181491140039735,0.5075598595248414,0.3167460896439821
49_1005_1600_9M4VCHG,0.4142769509009276,0.5007313481711133,0.7382776609221754,0.5510953199980722
50_1005_1600_9M4VCHG,0.3845020118200056,0.4122531317553306,0.5456299037711508,0.44746168244882895
51_1005_1600_9M4VCHG,0.33720188768972986,0.42916045981594103,0.641323449464578,0.4692285989900829
52_1005_1600_9M4VCHG,0.2433129025112121,0.6942727446058176,0.5400505608353209,0.49254540265078345
53_1005_1600_9M4VCHG,0.5624232515933488,0.35457359349838274,0.7257148337415708,0.5475705596111008
54_1005_1600_9M4VCHG,0.507112025272192,0.5895368418623065,0.5177920152515265,0.5381469607953416
55_1005_1600_9M4VCHG,0.1559284073482493,0.5031740286417236,0.3356886217996819,0.3315970192632183
56_1005_1600_9M4VCHG,0.4431112932408796,0.40455373356505203,0.8033738388550097,0.5503462885536471
57_1005_1600_9M4VCHG,0.2306219913604327,0.40148915492744175,0.44143031115207193,0.35784715247998217
58_1005_1600_9M4VCHG,0.4858400106395869,0.5496583664629623,0.8103063173554665,0.6152682314860053
59_1005_1600_9M4VCHG,0.16909256769378658,0.28732138105912175,0.5452492752360214,0.3338877413296433
60_1005_1600_9M4VCHG,0.4723578272005244,0.4870965943195669,0.5885350037950622,0.5159964751050512
61_1005_1600_9M4VCHG,0.41175843760036823,0.5538353431848891,0.7587332925643643,0.5747756911165406
62_1005_1600_9M4VCHG,0.25854056454777674,0.1558182028466688,0.5541841485836178,0.32284763865935445
63_1005_1600_9M4VCHG,0.32089060516055634,0.43654052430734125,0.6253099605443604,0.4609136966707526
64_1005_1600_9M4VCHG,0.16294236882825355,0.4384505860180885,0.39133740822821766,0.33091012102485323
65_1005_1600_9M4VCHG,0.2715351528646119,0.40533037431513996,0.4254468464050197,0.3674374578615905
66_1005_1600_9M4VCHG,0.37496864584798345,0.38067682187615953,0.4398742349437026,0.39850656755594854
67_1005_1600_9M4VCHG,0.3783821296590777,0.2571663211463627,0.7101940794450533,0.44858084341683124
68_1005_1600_9M4VCHG,0.25028784367199586,0.2450132129611073,0.47188099563617386,0.32239401742309237
69_1005_1600_9M4VCHG,0.35823231935362904,0.47140857290326993,0.6101712600575163,0.4799373841048051
70_1005_1600_9M4VCHG,0.1750438568382688,0.456665974536208,0.3483114639331335,0.32667376510253676
71_1005_1600_9M4VCHG,0.4807234702703555,0.5696074924756663,0.512442939830259,0.5209246341920936
72_1005_1600_9M4VCHG,0.1882701954549062,0.35851515355580577,0.41237387331940395,0.31971974077670534
73_1005_1600_9M4VCHG,0.49290096122330757,0.5058132227162194,0.6462645830760398,0.5483262556718557
74_1005_1600_9M4VCHG,0.16128201366729886,0.38622879909418595,0.6420612376328327,0.3965240167981059
75_1005_1600_9M4VCHG,0.22845477114350368,0.4024723999211172,0.635521604420051,0.42214959182822404
76_1005_1600_9M4VCHG,0.2740340207654457,0.37188233419461225,0.617072948679558,0.4209964345465386
77_1005_1600_9M4VCHG,,,,
78_1005_1600_9M4VCHG,0.3498563966752453,0.46596325115421644,0.7019070787736904,0.5059089088677173
79_1005_1600_9M4VCHG,,,,
80_1005_1600_9M4VCHG,0.33409790079780316,0.315775796136699,0.5408996491948451,0.39692444870978244
81_1005_1600_9M4VCHG,0.22740350996310432,0.2871635065689855,0.5501630623990537,0.3549100263103811
82_1005_1600_9M4VCHG,,,,
83_1005_1600_9M4VCHG,,,,
84_1005_1600_9M4VCHG,0.07802882696557159,0.19651493969300735,0.30105261750453455,0.19186546138770452
85_1005_1600_9M4VCHG,0.15906211990684108,0.3851247915565712,0.5252170484304511,0.3564679866312878
86_1005_1600_9M4VCHG,0.4734182054639531,0.6680332111358548,0.7530076550146053,0.6314863572048045
87_1005_1600_9M4VCHG,,,,
90_1005_1600_9M4VCHG,0.21524433775458673,0.4005866826861609,0.5792421850661316,0.3983577351689597
91_1005_1600_9M4VCHG,0.31716491194934066,0.34707765087448345,0.4378472305692569,0.3673632644643603
92_1005_1600_9M4VCHG,0.3885452364276496,0.46263738793087567,0.49969400891623356,0.4502922110915863
93_1005_1600_9M4VCHG,,,,
94_1005_1600_9M4VCHG,,,,
95_1005_1600_9M4VCHG,,,,
96_1005_1600_9M4VCHG,,,,
97_1005_1600_9M4VCHG,0.16262256384959853,0.28452742541993903,0.5418512580350633,0.3296670824348669
98_1005_1600_9M4VCHG,,,,
99_1005_1600_9M4VCHG,0.37079698480942963,0.4885127170688115,0.6884039785888744,0.5159045601557052
100_1005_1600_9M4VCHG,,,,
101_1005_1600_9M4VCHG,0.16651479782503695,0.234134434960795,0.31696035198681555,0.23920319492421585
102_1005_1600_9M4VCHG,,,,
103_1005_1600_9M4VCHG,0.278564960127422,0.291485411040273,0.575146435006005,0.3817322687245667
104_1005_1600_9M4VCHG,,,,
105_1005_1600_9M4VCHG,0.47333467902255505,0.2918329377380227,0.7047949315411769,0.4899875161005849
106_1005_1600_9M4VCHG,0.11068648101303963,0.3591930010383447,0.4726487720909088,0.3141760847140977
107_1005_1600_9M4VCHG,0.27830894162763803,0.3027761438649738,0.5224047611975777,0.3678299488967299
108_1005_1600_9M4VCHG,0.3537784878670877,0.3029636484238431,0.7374943247018625,0.46474548699759777
109_1005_1600_9M4VCHG,0.3117072160144861,0.16628741287574822,0.47886625851192255,0.3189536291340523
110_1005_1600_9M4VCHG,0.08356701296939263,0.4598544957977231,0.16244292569915544,0.23528814482209037
111_1005_1600_9M4VCHG,,,,
112_1005_1600_9M4VCHG,,,,
113_1005_1600_9M4VCHG,0.2637494043287347,0.36364865266395857,0.6328583210978133,0.42008545936350217
114_1005_1600_9M4VCHG,,,,
115_1005_1600_9M4VCHG,0.09143242411180874,0.3839864062433613,0.36579111557596794,0.2804033153103793
116_1005_1600_9M4VCHG,0.16967501753613756,0.5308379288176375,0.6116273086017641,0.4373800849851797
117_1005_1600_9M4VCHG,0.20467261609800666,0.5852170603950678,0.21824171820457716,0.33604379823255054
118_1005_1600_9M4VCHG,0.2890343339116428,0.7362329917663103,0.4566438620270538,0.49397039590166897
120_1005_1600_9M4VCHG,0.2806478732974498,0.4716376213280456,0.512521195925796,0.4216022301837638
121_1005_1600_9M4VCHG,0.19993871476720293,0.4189505577377031,0.48161563716136707,0.3668349698887577
122_1005_1600_9M4VCHG,0.22172884718178154,0.28135214885225646,0.42022678265928975,0.30776925956444257
123_1005_1600_9M4VCHG,0.39653914980474786,0.7144192156183538,0.6769495315318882,0.5959692989849966
124_1005_1600_9M4VCHG,,,,
125_1005_1600_9M4VCHG,,,,
126_1005_1600_9M4VCHG,,,,
127_1005_1600_9M4VCHG,0.24015273510520804,0.5096733501058582,0.5757095363368716,0.44184520718264597
128_1005_1600_9M4VCHG,,,,
129_1005_1600_9M4VCHG,0.1514734426271467,0.2637879275398632,0.3977561544478585,0.2710058415382895
130_1005_1600_9M4VCHG,,,,
131_1005_1600_9M4VCHG,,,,
132_1005_1600_9M4VCHG,0.49237430603200744,0.29733304214937434,0.5294166568662518,0.43970800168254454
1_1005_1600_U9TEJGM,,,,
2_1005_1600_U9TEJGM,0.9286387708090857,0.08259457191611909,0.05078023379971045,0.35400452550830513
3_1005_1600_U9TEJGM,,,,
4_1005_1600_U9TEJGM,,,,
5_1005_1600_U9TEJGM,,,,
6_1005_1600_U9TEJGM,0.8531791822017705,0.0472217301072926,0.4001105166109033,0.4335038096399888
7_1005_1600_U9TEJGM,0.8676625725981859,0.213172001335078,0.3335734118077012,0.4714693285803217
8_1005_1600_U9TEJGM,0.9486841525692379,0.2586744483991092,0.3112876737605759,0.506215424909641
9_1005_1600_U9TEJGM,0.860924737250938,0.15481097105289668,0.21701310079470834,0.41091626969951434
10_1005_1600_U9TEJGM,,,,
12_1005_1600_U9TEJGM,,,,
13_1005_1600_U9TEJGM,,,,
14_1005_1600_U9TEJGM,,,,
15_1005_1600_U9TEJGM,,,,
16_1005_1600_U9TEJGM,,,,
17_1005_1600_U9TEJGM,0.8216315281136821,0.16119590036079282,0.4278761247213477,0.47023451773194086
18_1005_1600_U9TEJGM,,,,
19_1005_1600_U9TEJGM,,,,
20_1005_1600_U9TEJGM,,,,
21_1005_1600_U9TEJGM,,,,
22_1005_1600_U9TEJGM,,,,
24_1005_1600_U9TEJGM,0.729471865841575,0.1830443013230775,0.23022682464435676,0.3809143306030031
25_1005_1600_U9TEJGM,,,,
26_1005_1600_U9TEJGM,,,,
27_1005_1600_U9TEJGM,0.6744904084631828,0.07476102799916871,0.4131888320799553,0.38748008951410223
28_1005_1600_U9TEJGM,,,,
29_1005_1600_U9TEJGM,,,,
30_1005_1600_U9TEJGM,,,,
31_1005_1600_U9TEJGM,,,,
32_1005_1600_U9TEJGM,,,,
33_1005_1600_U9TEJGM,,,,
34_1005_1600_U9TEJGM,0.9195335187649684,0.1264719360522314,0.36311559844256003,0.46970701775325324
35_1005_1600_U9TEJGM,,,,
36_1005_1600_U9TEJGM,,,,
37_1005_1600_U9TEJGM,,,,
38_1005_1600_U9TEJGM,,,,
39_1005_1600_U9TEJGM,,,,
40_1005_1600_U9TEJGM,,,,
41_1005_1600_U9TEJGM,,,,
42_1005_1600_U9TEJGM,,,,
43_1005_1600_U9TEJGM,,,,
44_1005_1600_U9TEJGM,,,,
47_1005_1600_U9TEJGM,,,,
48_1005_1600_U9TEJGM,,,,
49_1005_1600_U9TEJGM,,,,
51_1005_1600_U9TEJGM,,,,
52_1005_1600_U9TEJGM,,,,
56_1005_1600_U9TEJGM,,,,
60_1005_1600_U9TEJGM,,,,
61_1005_1600_U9TEJGM,0.7541914228550847,0.23980821811219022,0.28927898859988654,0.4277595431890538
62_1005_1600_U9TEJGM,,,,
63_1005_1600_U9TEJGM,,,,
64_1005_1600_U9TEJGM,,,,
67_1005_1600_U9TEJGM,,,,
69_1005_1600_U9TEJGM,,,,
70_1005_1600_U9TEJGM,,,,
71_1005_1600_U9TEJGM,,,,
73_1005_1600_U9TEJGM,,,,
74_1005_1600_U9TEJGM,,,,
76_1005_1600_U9TEJGM,,,,
78_1005_1600_U9TEJGM,,,,
79_1005_1600_U9TEJGM,,,,
81_1005_1600_U9TEJGM,,,,
83_1005_1600_U9TEJGM,0.8644537020317014,0.19440496412505914,0.30106552359560546,0.45330806325078865
84_1005_1600_U9TEJGM,,,,
85_1005_1600_U9TEJGM,,,,
87_1005_1600_U9TEJGM,0.6656296949181206,0.034467234494148964,0.326916011413206,0.34233764694182517
88_1005_1600_U9TEJGM,,,,
92_1005_1600_U9TEJGM,,,,
93_1005_1600_U9TEJGM,,,,
94_1005_1600_U9TEJGM,0.7512128365581322,0.14738754783579566,0.11727030274370674,0.33862356237921154
95_1005_1600_U9TEJGM,,,,
96_1005_1600_U9TEJGM,,,,
97_1005_1600_U9TEJGM,,,,
98_1005_1600_U9TEJGM,,,,
99_1005_1600_U9TEJGM,,,,
101_1005_1600_U9TEJGM,,,,
102_1005_1600_U9TEJGM,0.8670735537069788,0.1352451158828096,0.12082009710810755,0.3743795888992986
103_1005_1600_U9TEJGM,,,,
104_1005_1600_U9TEJGM,,,,
105_1005_1600_U9TEJGM,,,,
106_1005_1600_U9TEJGM,,,,
107_1005_1600_U9TEJGM,,,,
108_1005_1600_U9TEJGM,,,,
110_1005_1600_U9TEJGM,,,,
111_1005_1600_U9TEJGM,,,,
112_1005_1600_U9TEJGM,,,,
113_1005_1600_U9TEJGM,,,,
114_1005_1600_U9TEJGM,,,,
115_1005_1600_U9TEJGM,,,,
116_1005_1600_U9TEJGM,,,,
117_1005_1600_U9TEJGM,,,,
118_1005_1600_U9TEJGM,,,,
119_1005_1600_U9TEJGM,0.8617971862105058,0.1827632235912304,0.48559126410241116,0.5100505579680491
120_1005_1600_U9TEJGM,0.9029701697403271,0.13036190170875944,0.377500443925961,0.47027750512501587
121_1005_1600_U9TEJGM,,,,
123_1005_1600_U9TEJGM,,,,
124_1005_1600_U9TEJGM,,,,
127_1005_1600_U9TEJGM,,,,
128_1005_1600_U9TEJGM,0.871686454990337,0.18236763054619112,0.20063025608395335,0.4182281138734938
129_1005_1600_U9TEJGM,,,,
130_1005_1600_U9TEJGM,,,,
131_1005_1600_U9TEJGM,,,,
132_1005_1600_U9TEJGM,,,,
